mapping,ordering,global_masking_rate,entropy,A->C,A->G,A->T,C->A,C->G,C->T,G->A,G->C,G->T,T->A,T->C,T->G
001,0,0.556380,1.940546,0.564063,0.588281,0.575781,0.564063,0.545312,0.560156,0.588281,0.545312,0.504687,0.575781,0.560156,0.504687
001,0_001,0.773958,1.421525,0.960938,0.850781,0.660937,0.960938,0.849219,0.660937,0.850781,0.849219,0.660937,0.660937,0.660937,0.660937
001,0_010,0.628646,1.934916,0.540625,0.640625,0.669531,0.540625,0.682813,0.571094,0.640625,0.682813,0.667188,0.669531,0.571094,0.667188
001,0_011,0.735417,1.594685,0.853906,0.782031,0.670312,0.853906,0.828906,0.651563,0.782031,0.828906,0.625781,0.670312,0.651563,0.625781
001,0_100,0.617057,1.971986,0.507031,0.548438,0.675000,0.507031,0.694531,0.617188,0.548438,0.694531,0.660156,0.675000,0.617188,0.660156
001,0_101,0.653125,1.874075,0.585938,0.698438,0.567187,0.585938,0.690625,0.721875,0.698438,0.690625,0.654687,0.567187,0.721875,0.654687
001,0_110,0.616276,1.977221,0.514062,0.638281,0.701562,0.514062,0.654687,0.528906,0.638281,0.654687,0.660156,0.701562,0.528906,0.660156
001,0_codon,0.615365,1.974555,0.509375,0.666406,0.645312,0.509375,0.601562,0.605469,0.666406,0.601562,0.664062,0.645312,0.605469,0.664062
001,1,0.561849,1.959997,0.521875,0.598437,0.532031,0.521875,0.560937,0.571875,0.598437,0.560937,0.585938,0.532031,0.571875,0.585938
001,10,0.564193,1.961737,0.564844,0.599219,0.553125,0.564844,0.528906,0.560156,0.599219,0.528906,0.578906,0.553125,0.560156,0.578906
001,10_001,0.771354,1.453591,0.849219,0.948438,0.661719,0.849219,0.847656,0.660937,0.948438,0.847656,0.660156,0.661719,0.660937,0.660156
001,10_010,0.645312,1.911660,0.669531,0.714063,0.619531,0.669531,0.607812,0.682031,0.714063,0.607812,0.578906,0.619531,0.682031,0.578906
001,10_011,0.715625,1.639811,0.702344,0.694531,0.628906,0.702344,0.907813,0.683594,0.694531,0.907813,0.676562,0.628906,0.683594,0.676562
001,10_100,0.619271,1.975409,0.552344,0.683594,0.700000,0.552344,0.667188,0.489844,0.683594,0.667188,0.622656,0.700000,0.489844,0.622656
001,10_101,0.686068,1.690597,0.777344,0.721094,0.735156,0.777344,0.698438,0.592187,0.721094,0.698438,0.592187,0.735156,0.592187,0.592187
001,10_110,0.612891,1.977005,0.664844,0.651563,0.642188,0.664844,0.524219,0.692187,0.651563,0.524219,0.502344,0.642188,0.692187,0.502344
001,10_codon,0.618620,1.994147,0.564063,0.722656,0.615625,0.564063,0.517969,0.727344,0.722656,0.517969,0.564063,0.615625,0.727344,0.564063
001,11,0.557552,1.937758,0.510938,0.582812,0.553125,0.510938,0.551562,0.536719,0.582812,0.551562,0.610156,0.553125,0.536719,0.610156
001,11_001,0.775000,1.420127,0.662500,0.850000,0.850000,0.662500,0.662500,0.662500,0.850000,0.662500,0.962500,0.850000,0.662500,0.962500
001,11_010,0.647135,1.890664,0.664062,0.607031,0.706250,0.664062,0.546094,0.642969,0.607031,0.546094,0.716406,0.706250,0.642969,0.716406
001,11_011,0.718099,1.593273,0.634375,0.652344,0.655469,0.634375,0.722656,0.734375,0.652344,0.722656,0.909375,0.655469,0.734375,0.909375
001,11_100,0.622526,1.960842,0.673438,0.507031,0.556250,0.673438,0.618750,0.679688,0.507031,0.618750,0.700000,0.556250,0.679688,0.700000
001,11_101,0.676562,1.778675,0.626563,0.624219,0.728125,0.626563,0.633594,0.691406,0.624219,0.633594,0.755469,0.728125,0.691406,0.755469
001,11_110,0.619401,1.999818,0.574219,0.510156,0.748437,0.574219,0.717969,0.617188,0.510156,0.717969,0.548438,0.748437,0.617188,0.548438
001,11_codon,0.630469,1.904595,0.641406,0.606250,0.624219,0.641406,0.671875,0.581250,0.606250,0.671875,0.657813,0.624219,0.581250,0.657813
001,12,0.567969,1.929647,0.481250,0.639062,0.605469,0.481250,0.514062,0.559375,0.639062,0.514062,0.608594,0.605469,0.559375,0.608594
001,12_001,0.775000,1.420127,0.662500,0.962500,0.850000,0.662500,0.662500,0.662500,0.962500,0.662500,0.850000,0.850000,0.662500,0.850000
001,12_010,0.638932,1.933836,0.671094,0.700000,0.631250,0.671094,0.585156,0.702344,0.700000,0.585156,0.543750,0.631250,0.702344,0.543750
001,12_011,0.748828,1.553195,0.650781,0.898438,0.830469,0.650781,0.639062,0.659375,0.898438,0.639062,0.814844,0.830469,0.659375,0.814844
001,12_100,0.602865,1.993173,0.552344,0.646875,0.594531,0.552344,0.528125,0.709375,0.646875,0.528125,0.585938,0.594531,0.709375,0.585938
001,12_101,0.745573,1.529396,0.627344,0.903125,0.803125,0.627344,0.645312,0.660937,0.903125,0.645312,0.833594,0.803125,0.660937,0.833594
001,12_110,0.612109,1.995979,0.570312,0.742188,0.528125,0.570312,0.573438,0.728125,0.742188,0.573438,0.530469,0.528125,0.728125,0.530469
001,12_codon,0.627995,1.897555,0.621094,0.666406,0.607812,0.621094,0.648438,0.625781,0.666406,0.648438,0.598437,0.607812,0.625781,0.598437
001,13,0.554167,1.979719,0.535156,0.579688,0.582812,0.535156,0.507031,0.528125,0.579688,0.507031,0.592187,0.582812,0.528125,0.592187
001,13_001,0.775000,1.420127,0.662500,0.962500,0.850000,0.662500,0.662500,0.662500,0.962500,0.662500,0.850000,0.850000,0.662500,0.850000
001,13_010,0.639323,1.954179,0.671094,0.582031,0.692969,0.671094,0.690625,0.650781,0.582031,0.690625,0.548438,0.692969,0.650781,0.548438
001,13_011,0.694531,1.753896,0.646875,0.749219,0.708594,0.646875,0.629687,0.725000,0.749219,0.629687,0.707812,0.708594,0.725000,0.707812
001,13_100,0.611979,1.991684,0.575000,0.528906,0.665625,0.575000,0.711719,0.617188,0.528906,0.711719,0.573438,0.665625,0.617188,0.573438
001,13_101,0.664193,1.842910,0.542969,0.660937,0.632812,0.542969,0.675781,0.717969,0.660937,0.675781,0.754687,0.632812,0.717969,0.754687
001,13_110,0.610547,1.986353,0.623437,0.503906,0.604688,0.623437,0.642969,0.650781,0.503906,0.642969,0.637500,0.604688,0.650781,0.637500
001,13_codon,0.613021,1.961907,0.692187,0.586719,0.527344,0.692187,0.646094,0.573438,0.586719,0.646094,0.652344,0.527344,0.573438,0.652344
001,14,0.549089,1.982807,0.559375,0.544531,0.491406,0.559375,0.566406,0.561719,0.544531,0.566406,0.571094,0.491406,0.561719,0.571094
001,14_001,0.775000,1.420127,0.850000,0.850000,0.662500,0.850000,0.962500,0.662500,0.850000,0.962500,0.662500,0.662500,0.662500,0.662500
001,14_010,0.659766,1.862519,0.635156,0.580469,0.704688,0.635156,0.724219,0.682031,0.580469,0.724219,0.632031,0.704688,0.682031,0.632031
001,14_011,0.714844,1.658353,0.697656,0.687500,0.640625,0.697656,0.890625,0.692969,0.687500,0.890625,0.679688,0.640625,0.692969,0.679688
001,14_100,0.612760,1.977798,0.549219,0.497656,0.664844,0.549219,0.699219,0.664844,0.497656,0.699219,0.600781,0.664844,0.664844,0.600781
001,14_101,0.751172,1.523256,0.926562,0.832031,0.628125,0.926562,0.841406,0.635938,0.832031,0.841406,0.642969,0.628125,0.635938,0.642969
001,14_110,0.591406,1.993861,0.537500,0.556250,0.628125,0.537500,0.612500,0.565625,0.556250,0.612500,0.648438,0.628125,0.565625,0.648438
001,14_codon,0.622005,1.974237,0.520312,0.709375,0.620313,0.520312,0.554688,0.683594,0.709375,0.554688,0.643750,0.620313,0.683594,0.643750
001,15,0.571615,1.965754,0.612500,0.557813,0.565625,0.612500,0.585156,0.564063,0.557813,0.585156,0.544531,0.565625,0.564063,0.544531
001,15_001,0.765365,1.475856,0.842969,0.940625,0.657031,0.842969,0.838281,0.660937,0.940625,0.838281,0.652344,0.657031,0.660937,0.652344
001,15_010,0.642188,1.904376,0.710938,0.652344,0.631250,0.710938,0.612500,0.555469,0.652344,0.612500,0.690625,0.631250,0.555469,0.690625
001,15_011,0.700911,1.724632,0.731250,0.714063,0.617188,0.731250,0.762500,0.685156,0.714063,0.762500,0.695312,0.617188,0.685156,0.695312
001,15_100,0.612109,1.976742,0.621875,0.671094,0.669531,0.621875,0.485938,0.682813,0.671094,0.485938,0.541406,0.669531,0.682813,0.541406
001,15_101,0.705599,1.720306,0.806250,0.740625,0.708594,0.806250,0.726562,0.656250,0.740625,0.726562,0.595313,0.708594,0.656250,0.595313
001,15_110,0.613151,1.990784,0.634375,0.646875,0.657813,0.634375,0.499219,0.708594,0.646875,0.499219,0.532031,0.657813,0.708594,0.532031
001,15_codon,0.626563,1.965156,0.554688,0.707031,0.678906,0.554688,0.517969,0.667969,0.707031,0.517969,0.632812,0.678906,0.667969,0.632812
001,16,0.544531,1.989645,0.516406,0.535937,0.580469,0.516406,0.565625,0.522656,0.535937,0.565625,0.546094,0.580469,0.522656,0.546094
001,16_001,0.775000,1.420127,0.662500,0.662500,0.662500,0.662500,0.962500,0.850000,0.662500,0.962500,0.850000,0.662500,0.850000,0.850000
001,16_010,0.651302,1.887501,0.691406,0.582812,0.609375,0.691406,0.636719,0.658594,0.582812,0.636719,0.728906,0.609375,0.658594,0.728906
001,16_011,0.694661,1.753994,0.708594,0.688281,0.723437,0.708594,0.752344,0.657031,0.688281,0.752344,0.638281,0.723437,0.657031,0.638281
001,16_100,0.617578,1.970618,0.627344,0.672656,0.671094,0.627344,0.500000,0.685156,0.672656,0.500000,0.549219,0.671094,0.685156,0.549219
001,16_101,0.661068,1.870200,0.724219,0.605469,0.686719,0.724219,0.678906,0.704688,0.605469,0.678906,0.566406,0.686719,0.704688,0.566406
001,16_110,0.619401,1.998768,0.514844,0.561719,0.729688,0.514844,0.739062,0.559375,0.561719,0.739062,0.611719,0.729688,0.559375,0.611719
001,16_codon,0.614453,1.967961,0.653125,0.667969,0.495313,0.653125,0.666406,0.602344,0.667969,0.666406,0.601562,0.495313,0.602344,0.601562
001,17,0.571354,1.971674,0.590625,0.568750,0.541406,0.590625,0.566406,0.578125,0.568750,0.566406,0.582812,0.541406,0.578125,0.582812
001,17_001,0.753516,1.480131,0.706250,0.707812,0.624219,0.706250,0.959375,0.763281,0.707812,0.959375,0.760156,0.624219,0.763281,0.760156
001,17_010,0.650130,1.881503,0.569531,0.630469,0.732031,0.569531,0.662500,0.628906,0.630469,0.662500,0.677344,0.732031,0.628906,0.677344
001,17_011,0.694010,1.691601,0.698438,0.797656,0.653125,0.698438,0.707812,0.664062,0.797656,0.707812,0.642969,0.653125,0.664062,0.642969
001,17_100,0.614714,1.969697,0.491406,0.592187,0.691406,0.491406,0.674219,0.568750,0.592187,0.674219,0.670312,0.691406,0.568750,0.670312
001,17_101,0.728906,1.596848,0.598437,0.645312,0.652344,0.598437,0.832031,0.810156,0.645312,0.832031,0.835156,0.652344,0.810156,0.835156
001,17_110,0.604818,1.978977,0.654687,0.529687,0.655469,0.654687,0.573438,0.619531,0.529687,0.573438,0.596094,0.655469,0.619531,0.596094
001,17_codon,0.600260,1.978163,0.500000,0.620313,0.662500,0.500000,0.542188,0.656250,0.620313,0.542188,0.620313,0.662500,0.656250,0.620313
001,18,0.572396,1.991124,0.512500,0.531250,0.626563,0.512500,0.575781,0.589844,0.531250,0.575781,0.598437,0.626563,0.589844,0.598437
001,18_001,0.775000,1.420127,0.662500,0.850000,0.850000,0.662500,0.662500,0.662500,0.850000,0.662500,0.962500,0.850000,0.662500,0.962500
001,18_010,0.650911,1.929946,0.585938,0.545312,0.696875,0.585938,0.699219,0.709375,0.545312,0.699219,0.668750,0.696875,0.709375,0.668750
001,18_011,0.691406,1.778581,0.622656,0.726562,0.720313,0.622656,0.662500,0.675000,0.726562,0.662500,0.741406,0.720313,0.675000,0.741406
001,18_100,0.622135,1.954443,0.566406,0.692187,0.675781,0.566406,0.503125,0.685156,0.692187,0.503125,0.610156,0.675781,0.685156,0.610156
001,18_101,0.668099,1.763022,0.572656,0.734375,0.612500,0.572656,0.690625,0.685156,0.734375,0.690625,0.713281,0.612500,0.685156,0.713281
001,18_110,0.605078,1.960895,0.527344,0.510156,0.626563,0.527344,0.626563,0.658594,0.510156,0.626563,0.681250,0.626563,0.658594,0.681250
001,18_codon,0.596354,1.996401,0.614844,0.533594,0.619531,0.614844,0.646094,0.639062,0.533594,0.646094,0.525000,0.619531,0.639062,0.525000
001,19,0.583464,1.955101,0.595313,0.580469,0.628125,0.595313,0.554688,0.528906,0.580469,0.554688,0.613281,0.628125,0.528906,0.613281
001,19_001,0.767057,1.476630,0.849219,0.924219,0.661719,0.849219,0.846094,0.662500,0.924219,0.846094,0.658594,0.661719,0.662500,0.658594
001,19_010,0.641927,1.902707,0.714063,0.605469,0.559375,0.714063,0.671875,0.624219,0.605469,0.671875,0.676562,0.559375,0.624219,0.676562
001,19_011,0.716016,1.659664,0.910156,0.683594,0.669531,0.910156,0.699219,0.678125,0.683594,0.699219,0.655469,0.669531,0.678125,0.655469
001,19_100,0.612891,1.975270,0.678906,0.689063,0.551562,0.678906,0.611719,0.660156,0.689063,0.611719,0.485938,0.551562,0.660156,0.485938
001,19_101,0.726042,1.586543,0.698438,0.720313,0.914844,0.698438,0.595313,0.704688,0.720313,0.595313,0.722656,0.914844,0.704688,0.722656
001,19_110,0.616536,1.976074,0.703125,0.669531,0.564063,0.703125,0.610938,0.500000,0.669531,0.610938,0.651563,0.564063,0.500000,0.651563
001,19_codon,0.621875,1.987748,0.642188,0.675000,0.612500,0.642188,0.653906,0.513281,0.675000,0.653906,0.634375,0.612500,0.513281,0.634375
001,1_001,0.775000,1.420127,0.662500,0.662500,0.662500,0.662500,0.962500,0.850000,0.662500,0.962500,0.850000,0.662500,0.850000,0.850000
001,1_010,0.660937,1.861734,0.653906,0.592187,0.664062,0.653906,0.739844,0.683594,0.592187,0.739844,0.632031,0.664062,0.683594,0.632031
001,1_011,0.720964,1.605947,0.776563,0.739062,0.635156,0.776563,0.880469,0.668750,0.739062,0.880469,0.625781,0.635156,0.668750,0.625781
001,1_100,0.619141,1.979916,0.677344,0.595313,0.578125,0.677344,0.579688,0.553125,0.595313,0.579688,0.731250,0.578125,0.553125,0.731250
001,1_101,0.731641,1.590887,0.605469,0.660156,0.642969,0.605469,0.795312,0.850000,0.660156,0.795312,0.835938,0.642969,0.850000,0.835938
001,1_110,0.622266,1.980232,0.671875,0.543750,0.711719,0.671875,0.666406,0.632031,0.543750,0.666406,0.507812,0.711719,0.632031,0.507812
001,1_codon,0.607292,1.984142,0.542188,0.575000,0.697656,0.542188,0.623437,0.596875,0.575000,0.623437,0.608594,0.697656,0.596875,0.608594
001,2,0.557292,1.961747,0.578125,0.588281,0.550000,0.578125,0.523438,0.585938,0.588281,0.523438,0.517969,0.550000,0.585938,0.517969
001,20,0.580208,1.960789,0.566406,0.592969,0.584375,0.566406,0.550781,0.573438,0.592969,0.550781,0.613281,0.584375,0.573438,0.613281
001,20_001,0.769531,1.439208,0.657031,0.657031,0.656250,0.657031,0.846875,0.846094,0.657031,0.846875,0.953906,0.656250,0.846094,0.953906
001,20_010,0.641146,1.940163,0.637500,0.686719,0.543750,0.637500,0.689063,0.703125,0.686719,0.689063,0.586719,0.543750,0.703125,0.586719
001,20_011,0.708464,1.702279,0.657813,0.693750,0.617969,0.657813,0.767188,0.721875,0.693750,0.767188,0.792188,0.617969,0.721875,0.792188
001,20_100,0.606510,1.964258,0.605469,0.594531,0.690625,0.605469,0.664062,0.543750,0.594531,0.664062,0.540625,0.690625,0.543750,0.540625
001,20_101,0.737240,1.572181,0.623437,0.917188,0.809375,0.623437,0.617188,0.657813,0.917188,0.617188,0.798438,0.809375,0.657813,0.798438
001,20_110,0.608984,1.990173,0.659375,0.618750,0.493750,0.659375,0.653125,0.579688,0.618750,0.653125,0.649219,0.493750,0.579688,0.649219
001,20_codon,0.635938,1.953315,0.707031,0.674219,0.523438,0.707031,0.702344,0.592187,0.674219,0.702344,0.616406,0.523438,0.592187,0.616406
001,21,0.550911,1.991812,0.595313,0.587500,0.506250,0.595313,0.554688,0.563281,0.587500,0.554688,0.498437,0.506250,0.563281,0.498437
001,21_001,0.750000,1.509542,0.621094,0.697656,0.696094,0.621094,0.768750,0.767188,0.697656,0.768750,0.949219,0.696094,0.767188,0.949219
001,21_010,0.642578,1.918019,0.650781,0.697656,0.615625,0.650781,0.603125,0.709375,0.697656,0.603125,0.578906,0.615625,0.709375,0.578906
001,21_011,0.699349,1.704665,0.712500,0.717969,0.723437,0.712500,0.653125,0.739844,0.717969,0.653125,0.649219,0.723437,0.739844,0.649219
001,21_100,0.616406,1.963952,0.512500,0.685156,0.646875,0.512500,0.530469,0.677344,0.685156,0.530469,0.646094,0.646875,0.677344,0.646094
001,21_101,0.655469,1.847760,0.548438,0.820312,0.670312,0.548438,0.560156,0.689844,0.820312,0.560156,0.643750,0.670312,0.689844,0.643750
001,21_110,0.599740,1.997788,0.585938,0.704688,0.524219,0.585938,0.568750,0.716406,0.704688,0.568750,0.498437,0.524219,0.716406,0.498437
001,21_codon,0.630729,1.947379,0.636719,0.716406,0.517969,0.636719,0.693750,0.664844,0.716406,0.693750,0.554688,0.517969,0.664844,0.554688
001,22,0.570052,1.981921,0.630469,0.535937,0.650781,0.630469,0.579688,0.535937,0.535937,0.579688,0.487500,0.650781,0.535937,0.487500
001,22_001,0.759635,1.483021,0.883594,0.662500,0.889844,0.883594,0.661719,0.810937,0.662500,0.661719,0.649219,0.889844,0.810937,0.649219
001,22_010,0.637630,1.937171,0.618750,0.718750,0.536719,0.618750,0.669531,0.702344,0.718750,0.669531,0.579688,0.536719,0.702344,0.579688
001,22_011,0.714844,1.646988,0.665625,0.595313,0.725000,0.665625,0.797656,0.817187,0.595313,0.797656,0.688281,0.725000,0.817187,0.688281
001,22_100,0.617318,1.975337,0.495313,0.676562,0.559375,0.495313,0.606250,0.692969,0.676562,0.606250,0.673438,0.559375,0.692969,0.673438
001,22_101,0.683333,1.724455,0.608594,0.753906,0.712500,0.608594,0.618750,0.696875,0.753906,0.618750,0.709375,0.712500,0.696875,0.709375
001,22_110,0.595964,1.980731,0.628125,0.528906,0.586719,0.628125,0.619531,0.591406,0.528906,0.619531,0.621094,0.586719,0.591406,0.621094
001,22_codon,0.616406,1.910482,0.552344,0.625000,0.644531,0.552344,0.552344,0.653906,0.625000,0.552344,0.670312,0.644531,0.653906,0.670312
001,23,0.537760,1.959145,0.472656,0.560937,0.556250,0.472656,0.528125,0.557813,0.560937,0.528125,0.550781,0.556250,0.557813,0.550781
001,23_001,0.750651,1.492492,0.739062,0.615625,0.739062,0.739062,0.726562,0.958594,0.615625,0.726562,0.725000,0.739062,0.958594,0.725000
001,23_010,0.657552,1.865002,0.586719,0.628125,0.742969,0.586719,0.679688,0.639062,0.628125,0.679688,0.668750,0.742969,0.639062,0.668750
001,23_011,0.716927,1.638874,0.664062,0.671875,0.661719,0.664062,0.703125,0.697656,0.671875,0.703125,0.903125,0.661719,0.697656,0.903125
001,23_100,0.616667,1.966264,0.617969,0.675781,0.689063,0.617969,0.492969,0.678906,0.675781,0.492969,0.545312,0.689063,0.678906,0.545312
001,23_101,0.760938,1.488197,0.653906,0.850781,0.925000,0.653906,0.656250,0.644531,0.850781,0.656250,0.835156,0.925000,0.644531,0.835156
001,23_110,0.591927,1.977952,0.586719,0.628125,0.690625,0.586719,0.556250,0.560156,0.628125,0.556250,0.529687,0.690625,0.560156,0.529687
001,23_codon,0.602995,1.988435,0.621094,0.660937,0.482812,0.621094,0.609375,0.628906,0.660937,0.609375,0.614844,0.482812,0.628906,0.614844
001,24,0.560156,1.991634,0.560937,0.560937,0.575000,0.560937,0.583594,0.546875,0.560937,0.583594,0.533594,0.575000,0.546875,0.533594
001,24_001,0.775000,1.420127,0.662500,0.662500,0.662500,0.662500,0.962500,0.850000,0.662500,0.962500,0.850000,0.662500,0.850000,0.850000
001,24_010,0.640885,1.892094,0.599219,0.551562,0.721875,0.599219,0.683594,0.665625,0.551562,0.683594,0.623437,0.721875,0.665625,0.623437
001,24_011,0.739323,1.540374,0.889844,0.640625,0.787500,0.889844,0.662500,0.809375,0.640625,0.662500,0.646094,0.787500,0.809375,0.646094
001,24_100,0.631771,1.942505,0.678125,0.689844,0.631250,0.678125,0.562500,0.707031,0.689844,0.562500,0.521875,0.631250,0.707031,0.521875
001,24_101,0.663151,1.800500,0.651563,0.562500,0.600781,0.651563,0.666406,0.682031,0.562500,0.666406,0.815625,0.600781,0.682031,0.815625
001,24_110,0.627474,1.976494,0.647656,0.521875,0.752344,0.647656,0.645312,0.661719,0.521875,0.645312,0.535937,0.752344,0.661719,0.535937
001,24_codon,0.621875,1.919593,0.577344,0.622656,0.592187,0.577344,0.660156,0.681250,0.622656,0.660156,0.597656,0.592187,0.681250,0.597656
001,25,0.588411,1.906760,0.584375,0.604688,0.604688,0.584375,0.571094,0.542188,0.604688,0.571094,0.623437,0.604688,0.542188,0.623437
001,25_001,0.773828,1.421062,0.661719,0.849219,0.847656,0.661719,0.662500,0.660937,0.849219,0.662500,0.960938,0.847656,0.660937,0.960938
001,25_010,0.661328,1.862682,0.664062,0.689063,0.643750,0.664062,0.621875,0.746875,0.689063,0.621875,0.602344,0.643750,0.746875,0.602344
001,25_011,0.724219,1.593449,0.681250,0.716406,0.917188,0.681250,0.653125,0.666406,0.716406,0.653125,0.710938,0.917188,0.666406,0.710938
001,25_100,0.630990,1.943238,0.670312,0.688281,0.602344,0.670312,0.591406,0.709375,0.688281,0.591406,0.524219,0.602344,0.709375,0.524219
001,25_101,0.729818,1.593621,0.612500,0.856250,0.850000,0.612500,0.616406,0.635938,0.856250,0.616406,0.807813,0.850000,0.635938,0.807813
001,25_110,0.623828,1.993197,0.737500,0.525781,0.574219,0.737500,0.563281,0.605469,0.525781,0.563281,0.736719,0.574219,0.605469,0.736719
001,25_codon,0.610547,1.949040,0.653906,0.615625,0.557031,0.653906,0.621094,0.672656,0.615625,0.621094,0.542969,0.557031,0.672656,0.542969
001,26,0.560026,1.980635,0.575000,0.623437,0.525000,0.575000,0.540625,0.558594,0.623437,0.540625,0.537500,0.525000,0.558594,0.537500
001,26_001,0.773177,1.422906,0.847656,0.958594,0.662500,0.847656,0.848437,0.660156,0.958594,0.848437,0.661719,0.662500,0.660156,0.661719
001,26_010,0.645443,1.918923,0.614844,0.678906,0.668750,0.614844,0.712500,0.561719,0.678906,0.712500,0.635938,0.668750,0.561719,0.635938
001,26_011,0.745703,1.541716,0.655469,0.873437,0.802344,0.655469,0.650000,0.640625,0.873437,0.650000,0.852344,0.802344,0.640625,0.852344
001,26_100,0.622396,1.969040,0.666406,0.700781,0.568750,0.666406,0.617188,0.678906,0.700781,0.617188,0.502344,0.568750,0.678906,0.502344
001,26_101,0.734375,1.551364,0.860156,0.864062,0.638281,0.860156,0.785937,0.608594,0.864062,0.785937,0.649219,0.638281,0.608594,0.649219
001,26_110,0.605469,1.976883,0.529687,0.619531,0.521094,0.529687,0.625781,0.674219,0.619531,0.625781,0.662500,0.521094,0.674219,0.662500
001,26_codon,0.622526,1.988741,0.533594,0.731250,0.571094,0.533594,0.571875,0.727344,0.731250,0.571875,0.600000,0.571094,0.727344,0.600000
001,27,0.566406,1.992800,0.574219,0.539062,0.560937,0.574219,0.570312,0.561719,0.539062,0.570312,0.592187,0.560937,0.561719,0.592187
001,27_001,0.774089,1.422819,0.661719,0.661719,0.662500,0.661719,0.848437,0.849219,0.661719,0.848437,0.960938,0.662500,0.849219,0.960938
001,27_010,0.628646,1.949743,0.533594,0.581250,0.681250,0.533594,0.657813,0.651563,0.581250,0.657813,0.666406,0.681250,0.651563,0.666406
001,27_011,0.724479,1.602625,0.723437,0.675000,0.913281,0.723437,0.628906,0.725781,0.675000,0.628906,0.680469,0.913281,0.725781,0.680469
001,27_100,0.626823,1.951113,0.519531,0.617188,0.701562,0.519531,0.680469,0.578906,0.617188,0.680469,0.663281,0.701562,0.578906,0.663281
001,27_101,0.650651,1.892022,0.553906,0.713281,0.673438,0.553906,0.567969,0.711719,0.713281,0.567969,0.683594,0.673438,0.711719,0.683594
001,27_110,0.623958,1.984801,0.639062,0.516406,0.686719,0.639062,0.615625,0.707031,0.516406,0.615625,0.578906,0.686719,0.707031,0.578906
001,27_codon,0.636198,1.953448,0.678906,0.685156,0.538281,0.678906,0.667969,0.607812,0.685156,0.667969,0.639062,0.538281,0.607812,0.639062
001,28,0.559766,1.963732,0.546094,0.585938,0.527344,0.546094,0.575000,0.541406,0.585938,0.575000,0.582812,0.527344,0.541406,0.582812
001,28_001,0.772266,1.452014,0.662500,0.850000,0.848437,0.662500,0.662500,0.660937,0.850000,0.662500,0.949219,0.848437,0.660937,0.949219
001,28_010,0.658464,1.865988,0.671094,0.677344,0.622656,0.671094,0.642188,0.604688,0.677344,0.642188,0.732812,0.622656,0.604688,0.732812
001,28_011,0.722135,1.608060,0.688281,0.906250,0.714844,0.688281,0.682031,0.629687,0.906250,0.682031,0.711719,0.714844,0.629687,0.711719
001,28_100,0.614974,1.970754,0.497656,0.692969,0.621094,0.497656,0.550000,0.664844,0.692969,0.550000,0.663281,0.621094,0.664844,0.663281
001,28_101,0.678646,1.706281,0.595313,0.642188,0.710156,0.595313,0.683594,0.676562,0.642188,0.683594,0.764062,0.710156,0.676562,0.764062
001,28_110,0.618359,1.995433,0.564844,0.720313,0.692187,0.564844,0.603906,0.494531,0.720313,0.603906,0.634375,0.692187,0.494531,0.634375
001,28_codon,0.625781,1.952967,0.688281,0.653125,0.511719,0.688281,0.716406,0.550781,0.653125,0.716406,0.634375,0.511719,0.550781,0.634375
001,29,0.562370,1.991299,0.549219,0.542188,0.565625,0.549219,0.567969,0.578906,0.542188,0.567969,0.570312,0.565625,0.578906,0.570312
001,29_001,0.774089,1.422819,0.661719,0.660937,0.661719,0.661719,0.849219,0.961719,0.660937,0.849219,0.849219,0.661719,0.961719,0.849219
001,29_010,0.633854,1.923902,0.648438,0.679688,0.624219,0.648438,0.646875,0.555469,0.679688,0.646875,0.648438,0.624219,0.555469,0.648438
001,29_011,0.725521,1.589327,0.726562,0.622656,0.705469,0.726562,0.703125,0.909375,0.622656,0.703125,0.685937,0.705469,0.909375,0.685937
001,29_100,0.611068,1.984468,0.495313,0.603906,0.695312,0.495313,0.658594,0.546094,0.603906,0.658594,0.667188,0.695312,0.546094,0.667188
001,29_101,0.657161,1.850282,0.707812,0.600781,0.737500,0.707812,0.536719,0.681250,0.600781,0.536719,0.678906,0.737500,0.681250,0.678906
001,29_110,0.590755,1.962790,0.574219,0.505469,0.683594,0.574219,0.565625,0.683594,0.505469,0.565625,0.532031,0.683594,0.683594,0.532031
001,29_codon,0.640885,1.870349,0.553906,0.700781,0.626563,0.553906,0.592969,0.704688,0.700781,0.592969,0.666406,0.626563,0.704688,0.666406
001,2_001,0.774089,1.422819,0.661719,0.849219,0.961719,0.661719,0.660937,0.661719,0.849219,0.660937,0.849219,0.961719,0.661719,0.849219
001,2_010,0.644271,1.937833,0.683594,0.682813,0.715625,0.683594,0.519531,0.559375,0.682813,0.519531,0.704688,0.715625,0.559375,0.704688
001,2_011,0.723568,1.621920,0.647656,0.785156,0.797656,0.647656,0.678906,0.624219,0.785156,0.678906,0.807813,0.797656,0.624219,0.807813
001,2_100,0.619531,1.962691,0.606250,0.669531,0.671875,0.606250,0.506250,0.700000,0.669531,0.506250,0.563281,0.671875,0.700000,0.563281
001,2_101,0.724609,1.620185,0.628125,0.788281,0.868750,0.628125,0.610938,0.645312,0.788281,0.610938,0.806250,0.868750,0.645312,0.806250
001,2_110,0.615234,1.979507,0.622656,0.492188,0.698438,0.622656,0.657031,0.680469,0.492188,0.657031,0.540625,0.698438,0.680469,0.540625
001,2_codon,0.623437,1.953280,0.528125,0.689844,0.646094,0.528125,0.541406,0.670312,0.689844,0.541406,0.664844,0.646094,0.670312,0.664844
001,3,0.571484,1.916634,0.607031,0.635938,0.525781,0.607031,0.602344,0.494531,0.635938,0.602344,0.563281,0.525781,0.494531,0.563281
001,30,0.575651,1.880396,0.527344,0.578125,0.605469,0.527344,0.541406,0.579688,0.578125,0.541406,0.621875,0.605469,0.579688,0.621875
001,30_001,0.775000,1.420127,0.662500,0.850000,0.962500,0.662500,0.662500,0.662500,0.850000,0.662500,0.850000,0.962500,0.662500,0.850000
001,30_010,0.655729,1.861014,0.577344,0.746094,0.639062,0.577344,0.611719,0.692187,0.746094,0.611719,0.667969,0.639062,0.692187,0.667969
001,30_011,0.724609,1.589140,0.656250,0.727344,0.915625,0.656250,0.653125,0.663281,0.727344,0.653125,0.732031,0.915625,0.663281,0.732031
001,30_100,0.610156,1.963965,0.546094,0.707812,0.564063,0.546094,0.603906,0.628125,0.707812,0.603906,0.610938,0.564063,0.628125,0.610938
001,30_101,0.699219,1.730026,0.618750,0.728906,0.706250,0.618750,0.696094,0.638281,0.728906,0.696094,0.807031,0.706250,0.638281,0.807031
001,30_110,0.594922,1.981390,0.545312,0.634375,0.556250,0.545312,0.564063,0.617188,0.634375,0.564063,0.652344,0.556250,0.617188,0.652344
001,30_codon,0.631771,1.927314,0.521875,0.669531,0.666406,0.521875,0.585938,0.622656,0.669531,0.585938,0.724219,0.666406,0.622656,0.724219
001,31,0.577083,1.947715,0.600781,0.614062,0.590625,0.600781,0.545312,0.543750,0.614062,0.545312,0.567969,0.590625,0.543750,0.567969
001,31_001,0.775000,1.420127,0.662500,0.850000,0.962500,0.662500,0.662500,0.662500,0.850000,0.662500,0.850000,0.962500,0.662500,0.850000
001,31_010,0.654557,1.872563,0.560937,0.715625,0.596875,0.560937,0.664844,0.671094,0.715625,0.664844,0.717969,0.596875,0.671094,0.717969
001,31_011,0.701172,1.749717,0.642188,0.813281,0.715625,0.642188,0.667969,0.609375,0.813281,0.667969,0.758594,0.715625,0.609375,0.758594
001,31_100,0.625000,1.948303,0.696094,0.634375,0.529687,0.696094,0.646875,0.553125,0.634375,0.646875,0.689844,0.529687,0.553125,0.689844
001,31_101,0.649089,1.874452,0.657031,0.596094,0.731250,0.657031,0.698438,0.631250,0.596094,0.698438,0.580469,0.731250,0.631250,0.580469
001,31_110,0.616797,1.997929,0.739062,0.556250,0.616406,0.739062,0.508594,0.560156,0.556250,0.508594,0.720313,0.616406,0.560156,0.720313
001,31_codon,0.610547,1.950129,0.653125,0.628906,0.533594,0.653125,0.624219,0.650000,0.628906,0.624219,0.573438,0.533594,0.650000,0.573438
001,32,0.576432,1.983429,0.590625,0.582031,0.557813,0.590625,0.564844,0.578906,0.582031,0.564844,0.584375,0.557813,0.578906,0.584375
001,32_001,0.758854,1.477888,0.642969,0.839844,0.925781,0.642969,0.659375,0.650781,0.839844,0.659375,0.834375,0.925781,0.650781,0.834375
001,32_010,0.642969,1.911847,0.601562,0.713281,0.548438,0.601562,0.678906,0.683594,0.713281,0.678906,0.632031,0.548438,0.683594,0.632031
001,32_011,0.691016,1.730095,0.756250,0.675000,0.628125,0.756250,0.726562,0.672656,0.675000,0.726562,0.687500,0.628125,0.672656,0.687500
001,32_100,0.611849,1.985428,0.714844,0.596875,0.486719,0.714844,0.665625,0.557031,0.596875,0.665625,0.650000,0.486719,0.557031,0.650000
001,32_101,0.657161,1.853087,0.708594,0.694531,0.572656,0.708594,0.696094,0.575000,0.694531,0.696094,0.696094,0.572656,0.575000,0.696094
001,32_110,0.607552,1.980353,0.600781,0.645312,0.560937,0.600781,0.645312,0.610938,0.645312,0.645312,0.582031,0.560937,0.610938,0.582031
001,32_codon,0.615625,1.985430,0.573438,0.565625,0.699219,0.573438,0.698438,0.561719,0.565625,0.698438,0.595313,0.699219,0.561719,0.595313
001,33,0.552214,1.972785,0.508594,0.546094,0.577344,0.508594,0.585156,0.519531,0.546094,0.585156,0.576562,0.577344,0.519531,0.576562
001,33_001,0.775000,1.420127,0.662500,0.850000,0.850000,0.662500,0.662500,0.662500,0.850000,0.662500,0.962500,0.850000,0.662500,0.962500
001,33_010,0.657813,1.856775,0.655469,0.623437,0.704688,0.655469,0.602344,0.627344,0.623437,0.602344,0.733594,0.704688,0.627344,0.733594
001,33_011,0.696745,1.703341,0.636719,0.700781,0.653906,0.636719,0.687500,0.660156,0.700781,0.687500,0.841406,0.653906,0.660156,0.841406
001,33_100,0.620703,1.966317,0.676562,0.499219,0.556250,0.676562,0.631250,0.674219,0.499219,0.631250,0.686719,0.556250,0.674219,0.686719
001,33_101,0.746615,1.536282,0.662500,0.840625,0.803125,0.662500,0.650000,0.623437,0.840625,0.650000,0.900000,0.803125,0.623437,0.900000
001,33_110,0.603255,1.992414,0.497656,0.631250,0.520312,0.497656,0.628125,0.694531,0.631250,0.628125,0.647656,0.520312,0.694531,0.647656
001,33_codon,0.626432,1.947719,0.691406,0.598437,0.536719,0.691406,0.664844,0.584375,0.598437,0.664844,0.682813,0.536719,0.584375,0.682813
001,34,0.550521,1.983962,0.498437,0.550000,0.571875,0.498437,0.535156,0.600000,0.550000,0.535156,0.547656,0.571875,0.600000,0.547656
001,34_001,0.764974,1.477256,0.846875,0.924219,0.659375,0.846875,0.840625,0.659375,0.924219,0.840625,0.659375,0.659375,0.659375,0.659375
001,34_010,0.644271,1.913176,0.662500,0.688281,0.539844,0.662500,0.710156,0.696875,0.688281,0.710156,0.567969,0.539844,0.696875,0.567969
001,34_011,0.675130,1.753570,0.765625,0.698438,0.726562,0.765625,0.621094,0.628125,0.698438,0.621094,0.610938,0.726562,0.628125,0.610938
001,34_100,0.612109,1.988071,0.655469,0.602344,0.653906,0.655469,0.720313,0.540625,0.602344,0.720313,0.500000,0.653906,0.540625,0.500000
001,34_101,0.633333,1.971096,0.607812,0.613281,0.718750,0.607812,0.685156,0.578125,0.613281,0.685156,0.596875,0.718750,0.578125,0.596875
001,34_110,0.602083,1.976239,0.620313,0.633594,0.513281,0.620313,0.683594,0.629687,0.633594,0.683594,0.532031,0.513281,0.629687,0.532031
001,34_codon,0.621484,1.973923,0.688281,0.630469,0.525000,0.688281,0.682031,0.557031,0.630469,0.682031,0.646094,0.525000,0.557031,0.646094
001,35,0.552995,1.977082,0.538281,0.471875,0.588281,0.538281,0.571875,0.606250,0.471875,0.571875,0.541406,0.588281,0.606250,0.541406
001,35_001,0.760417,1.483245,0.890625,0.812500,0.650000,0.890625,0.884375,0.662500,0.812500,0.884375,0.662500,0.650000,0.662500,0.662500
001,35_010,0.639583,1.932355,0.531250,0.692969,0.654687,0.531250,0.577344,0.693750,0.692969,0.577344,0.687500,0.654687,0.693750,0.687500
001,35_011,0.676693,1.840727,0.669531,0.689063,0.588281,0.669531,0.742969,0.715625,0.689063,0.742969,0.654687,0.588281,0.715625,0.654687
001,35_100,0.626042,1.964930,0.707812,0.642188,0.508594,0.707812,0.675000,0.549219,0.642188,0.675000,0.673438,0.508594,0.549219,0.673438
001,35_101,0.734375,1.590570,0.839063,0.614062,0.884375,0.839063,0.662500,0.792188,0.614062,0.662500,0.614062,0.884375,0.792188,0.614062
001,35_110,0.589323,1.994751,0.669531,0.521094,0.521875,0.669531,0.621875,0.556250,0.521094,0.621875,0.645312,0.521875,0.556250,0.645312
001,35_codon,0.636719,1.975238,0.572656,0.711719,0.666406,0.572656,0.535156,0.689844,0.711719,0.535156,0.644531,0.666406,0.689844,0.644531
001,36,0.567708,1.977669,0.575781,0.571875,0.583594,0.575781,0.552344,0.551562,0.571875,0.552344,0.571094,0.583594,0.551562,0.571094
001,36_001,0.729167,1.592426,0.806250,0.840625,0.693750,0.806250,0.684375,0.612500,0.840625,0.684375,0.737500,0.693750,0.612500,0.737500
001,36_010,0.645443,1.897427,0.718750,0.588281,0.540625,0.718750,0.682813,0.649219,0.588281,0.682813,0.692969,0.540625,0.649219,0.692969
001,36_011,0.732161,1.563506,0.746875,0.927344,0.688281,0.746875,0.732031,0.600781,0.927344,0.732031,0.697656,0.688281,0.600781,0.697656
001,36_100,0.614323,1.967930,0.551562,0.500000,0.671094,0.551562,0.682031,0.667188,0.500000,0.682031,0.614062,0.671094,0.667188,0.614062
001,36_101,0.675260,1.820164,0.542969,0.657031,0.646094,0.542969,0.697656,0.727344,0.657031,0.697656,0.780469,0.646094,0.727344,0.780469
001,36_110,0.605208,1.999258,0.514062,0.569531,0.703906,0.514062,0.725000,0.530469,0.569531,0.725000,0.588281,0.703906,0.530469,0.588281
001,36_codon,0.634115,1.964434,0.521094,0.682813,0.685156,0.521094,0.661719,0.549219,0.682813,0.661719,0.704688,0.685156,0.549219,0.704688
001,37,0.591406,1.948218,0.511719,0.640625,0.575781,0.511719,0.610156,0.601562,0.640625,0.610156,0.608594,0.575781,0.601562,0.608594
001,37_001,0.772266,1.452014,0.662500,0.660937,0.662500,0.662500,0.949219,0.850000,0.660937,0.949219,0.848437,0.662500,0.850000,0.848437
001,37_010,0.638802,1.910311,0.605469,0.682813,0.680469,0.605469,0.673438,0.553125,0.682813,0.673438,0.637500,0.680469,0.553125,0.637500
001,37_011,0.725260,1.599489,0.696875,0.703906,0.636719,0.696875,0.925781,0.686719,0.703906,0.925781,0.701562,0.636719,0.686719,0.701562
001,37_100,0.612760,1.977173,0.671094,0.541406,0.482812,0.671094,0.670312,0.622656,0.541406,0.670312,0.688281,0.482812,0.622656,0.688281
001,37_101,0.686458,1.770053,0.593750,0.757031,0.625000,0.593750,0.757812,0.637500,0.757031,0.757812,0.747656,0.625000,0.637500,0.747656
001,37_110,0.628125,1.981886,0.673438,0.503906,0.650000,0.673438,0.592969,0.714063,0.503906,0.592969,0.634375,0.650000,0.714063,0.634375
001,37_codon,0.632943,1.958798,0.527344,0.674219,0.678125,0.527344,0.651563,0.567969,0.674219,0.651563,0.698438,0.678125,0.567969,0.698438
001,38,0.555208,1.970663,0.507031,0.569531,0.517969,0.507031,0.590625,0.570312,0.569531,0.590625,0.575781,0.517969,0.570312,0.575781
001,38_001,0.750521,1.492681,0.728125,0.728125,0.615625,0.728125,0.956250,0.737500,0.728125,0.956250,0.737500,0.615625,0.737500,0.737500
001,38_010,0.650260,1.885361,0.554688,0.633594,0.662500,0.554688,0.732812,0.621875,0.633594,0.732812,0.696094,0.662500,0.621875,0.696094
001,38_011,0.733854,1.597604,0.620313,0.646094,0.658594,0.620313,0.851562,0.810937,0.646094,0.851562,0.815625,0.658594,0.810937,0.815625
001,38_100,0.612760,1.981236,0.546094,0.492969,0.658594,0.546094,0.687500,0.684375,0.492969,0.687500,0.607031,0.658594,0.684375,0.607031
001,38_101,0.659896,1.809130,0.597656,0.792969,0.557813,0.597656,0.675781,0.700781,0.792969,0.675781,0.634375,0.557813,0.700781,0.634375
001,38_110,0.610677,1.998472,0.738281,0.535156,0.529687,0.738281,0.583594,0.574219,0.535156,0.583594,0.703125,0.529687,0.574219,0.703125
001,38_codon,0.633464,1.951340,0.524219,0.685156,0.628906,0.524219,0.675781,0.603906,0.685156,0.675781,0.682813,0.628906,0.603906,0.682813
001,39,0.544661,1.958788,0.520312,0.539844,0.523438,0.520312,0.553906,0.569531,0.539844,0.553906,0.560937,0.523438,0.569531,0.560937
001,39_001,0.775000,1.420127,0.662500,0.662500,0.662500,0.662500,0.850000,0.850000,0.662500,0.850000,0.962500,0.662500,0.850000,0.962500
001,39_010,0.645182,1.888619,0.617188,0.585938,0.732031,0.617188,0.665625,0.664062,0.585938,0.665625,0.606250,0.732031,0.664062,0.606250
001,39_011,0.694141,1.712954,0.675000,0.699219,0.646094,0.675000,0.699219,0.779687,0.699219,0.699219,0.665625,0.646094,0.779687,0.665625
001,39_100,0.612370,1.976917,0.708594,0.552344,0.670312,0.708594,0.477344,0.600000,0.552344,0.477344,0.665625,0.670312,0.600000,0.665625
001,39_101,0.738672,1.563470,0.610938,0.855469,0.809375,0.610938,0.635938,0.639062,0.855469,0.635938,0.881250,0.809375,0.639062,0.881250
001,39_110,0.613932,1.985872,0.667969,0.636719,0.648438,0.667969,0.695312,0.532031,0.636719,0.695312,0.503125,0.648438,0.532031,0.503125
001,39_codon,0.622005,1.940475,0.621094,0.645312,0.550000,0.621094,0.660156,0.678125,0.645312,0.660156,0.577344,0.550000,0.678125,0.577344
001,3_001,0.773958,1.421525,0.850000,0.960938,0.660937,0.850000,0.850000,0.660937,0.960938,0.850000,0.660937,0.660937,0.660937,0.660937
001,3_010,0.634375,1.960880,0.671875,0.571875,0.534375,0.671875,0.692187,0.642969,0.571875,0.692187,0.692969,0.534375,0.642969,0.692969
001,3_011,0.749609,1.559427,0.834375,0.889062,0.647656,0.834375,0.824219,0.657031,0.889062,0.824219,0.645312,0.647656,0.657031,0.645312
001,3_100,0.610417,1.982504,0.661719,0.554688,0.483594,0.661719,0.660937,0.608594,0.554688,0.660937,0.692969,0.483594,0.608594,0.692969
001,3_101,0.731901,1.598115,0.889062,0.805469,0.610938,0.889062,0.805469,0.618750,0.805469,0.805469,0.661719,0.610938,0.618750,0.661719
001,3_110,0.602865,1.986317,0.646094,0.551562,0.580469,0.646094,0.557813,0.578125,0.551562,0.557813,0.703125,0.580469,0.578125,0.703125
001,3_codon,0.633594,1.975086,0.536719,0.693750,0.661719,0.536719,0.581250,0.628906,0.693750,0.581250,0.699219,0.661719,0.628906,0.699219
001,4,0.553516,1.982322,0.556250,0.546875,0.546875,0.556250,0.538281,0.557813,0.546875,0.538281,0.575000,0.546875,0.557813,0.575000
001,40,0.569792,1.944277,0.511719,0.570312,0.590625,0.511719,0.589844,0.556250,0.570312,0.589844,0.600000,0.590625,0.556250,0.600000
001,40_001,0.775000,1.420127,0.662500,0.962500,0.850000,0.662500,0.662500,0.662500,0.962500,0.662500,0.850000,0.850000,0.662500,0.850000
001,40_010,0.654818,1.850539,0.680469,0.556250,0.659375,0.680469,0.603906,0.700781,0.556250,0.603906,0.728125,0.659375,0.700781,0.728125
001,40_011,0.696224,1.701569,0.671094,0.643750,0.689844,0.671094,0.779687,0.717187,0.643750,0.779687,0.675781,0.689844,0.717187,0.675781
001,40_100,0.620703,1.983459,0.669531,0.660156,0.624219,0.669531,0.561719,0.703906,0.660156,0.561719,0.504687,0.624219,0.703906,0.504687
001,40_101,0.649349,1.894593,0.717187,0.650000,0.676562,0.717187,0.615625,0.670312,0.650000,0.615625,0.566406,0.676562,0.670312,0.566406
001,40_110,0.601172,1.987670,0.557813,0.555469,0.535156,0.557813,0.627344,0.632031,0.555469,0.627344,0.699219,0.535156,0.632031,0.699219
001,40_codon,0.604427,1.983341,0.657031,0.603125,0.514062,0.657031,0.609375,0.609375,0.603125,0.609375,0.633594,0.514062,0.609375,0.633594
001,41,0.567187,1.971770,0.565625,0.544531,0.580469,0.565625,0.587500,0.536719,0.544531,0.587500,0.588281,0.580469,0.536719,0.588281
001,41_001,0.766016,1.477786,0.928125,0.841406,0.653125,0.928125,0.850000,0.661719,0.841406,0.850000,0.661719,0.653125,0.661719,0.661719
001,41_010,0.641146,1.918631,0.623437,0.670312,0.704688,0.623437,0.693750,0.552344,0.670312,0.693750,0.602344,0.704688,0.552344,0.602344
001,41_011,0.677344,1.799238,0.764062,0.707812,0.733594,0.764062,0.602344,0.635156,0.707812,0.602344,0.621094,0.733594,0.635156,0.621094
001,41_100,0.619271,1.973151,0.501563,0.632812,0.696094,0.501563,0.662500,0.549219,0.632812,0.662500,0.673438,0.696094,0.549219,0.673438
001,41_101,0.647656,1.917546,0.705469,0.666406,0.680469,0.705469,0.546875,0.558594,0.666406,0.546875,0.728125,0.680469,0.558594,0.728125
001,41_110,0.613281,1.990150,0.656250,0.665625,0.639062,0.656250,0.536719,0.500781,0.665625,0.536719,0.681250,0.639062,0.500781,0.681250
001,41_codon,0.631120,1.892485,0.681250,0.539844,0.598437,0.681250,0.594531,0.693750,0.539844,0.594531,0.678906,0.598437,0.693750,0.678906
001,42,0.562630,1.938786,0.494531,0.565625,0.469531,0.494531,0.596875,0.667188,0.565625,0.596875,0.582031,0.469531,0.667188,0.582031
001,42_001,0.751302,1.488720,0.727344,0.615625,0.725781,0.727344,0.739062,0.960938,0.615625,0.739062,0.739062,0.725781,0.960938,0.739062
001,42_010,0.643490,1.896379,0.712500,0.635156,0.671875,0.712500,0.556250,0.596094,0.635156,0.556250,0.689063,0.671875,0.596094,0.689063
001,42_011,0.695443,1.770283,0.761719,0.629687,0.760938,0.761719,0.675781,0.744531,0.629687,0.675781,0.600000,0.760938,0.744531,0.600000
001,42_100,0.623568,1.957764,0.539844,0.696875,0.678906,0.539844,0.501563,0.674219,0.696875,0.501563,0.650000,0.678906,0.674219,0.650000
001,42_101,0.766797,1.470742,0.653125,0.662500,0.654687,0.653125,0.840625,0.947656,0.662500,0.840625,0.842187,0.654687,0.947656,0.842187
001,42_110,0.573828,1.995596,0.651563,0.567969,0.524219,0.651563,0.564063,0.582031,0.567969,0.564063,0.553125,0.524219,0.582031,0.553125
001,42_codon,0.636198,1.943898,0.533594,0.684375,0.664844,0.533594,0.567187,0.675000,0.684375,0.567187,0.692187,0.664844,0.675000,0.692187
001,43,0.566276,1.968927,0.547656,0.501563,0.538281,0.547656,0.600781,0.634375,0.501563,0.600781,0.575000,0.538281,0.634375,0.575000
001,43_001,0.771875,1.450376,0.949219,0.660156,0.848437,0.949219,0.662500,0.849219,0.660156,0.662500,0.661719,0.848437,0.849219,0.661719
001,43_010,0.649870,1.889360,0.653125,0.576562,0.645312,0.653125,0.613281,0.695312,0.576562,0.613281,0.715625,0.645312,0.695312,0.715625
001,43_011,0.722786,1.565002,0.898438,0.694531,0.735156,0.898438,0.655469,0.695312,0.694531,0.655469,0.657813,0.735156,0.695312,0.657813
001,43_100,0.615755,1.979023,0.663281,0.485938,0.555469,0.663281,0.601562,0.671875,0.485938,0.601562,0.716406,0.555469,0.671875,0.716406
001,43_101,0.721484,1.572655,0.682813,0.682031,0.920312,0.682813,0.637500,0.700000,0.682031,0.637500,0.706250,0.920312,0.700000,0.706250
001,43_110,0.621875,1.997834,0.549219,0.519531,0.758594,0.549219,0.732812,0.605469,0.519531,0.732812,0.565625,0.758594,0.605469,0.565625
001,43_codon,0.598047,1.988304,0.568750,0.529687,0.642969,0.568750,0.611719,0.635156,0.529687,0.611719,0.600000,0.642969,0.635156,0.600000
001,44,0.573177,1.942724,0.593750,0.519531,0.602344,0.593750,0.553906,0.604688,0.519531,0.553906,0.564844,0.602344,0.604688,0.564844
001,44_001,0.775000,1.420127,0.850000,0.662500,0.962500,0.850000,0.662500,0.850000,0.662500,0.662500,0.662500,0.962500,0.850000,0.662500
001,44_010,0.641016,1.920874,0.710156,0.539844,0.587500,0.710156,0.627344,0.697656,0.539844,0.627344,0.683594,0.587500,0.697656,0.683594
001,44_011,0.694141,1.741835,0.764844,0.652344,0.644531,0.764844,0.717187,0.708594,0.652344,0.717187,0.677344,0.644531,0.708594,0.677344
001,44_100,0.617188,1.959370,0.687500,0.608594,0.518750,0.687500,0.657813,0.560937,0.608594,0.657813,0.669531,0.518750,0.560937,0.669531
001,44_101,0.660677,1.848170,0.735938,0.667188,0.564063,0.735938,0.738281,0.671875,0.667188,0.738281,0.586719,0.564063,0.671875,0.586719
001,44_110,0.626563,1.986571,0.622656,0.505469,0.579688,0.622656,0.641406,0.731250,0.505469,0.641406,0.678906,0.579688,0.731250,0.678906
001,44_codon,0.632422,1.934615,0.579688,0.632812,0.654687,0.579688,0.551562,0.722656,0.632812,0.551562,0.653125,0.654687,0.722656,0.653125
001,45,0.567448,1.973856,0.614062,0.542188,0.575781,0.614062,0.552344,0.583594,0.542188,0.552344,0.536719,0.575781,0.583594,0.536719
001,45_001,0.773438,1.425415,0.849219,0.660156,0.960938,0.849219,0.660937,0.849219,0.660156,0.660937,0.660156,0.960938,0.849219,0.660156
001,45_010,0.606510,1.978827,0.667969,0.602344,0.565625,0.667969,0.587500,0.515625,0.602344,0.587500,0.700000,0.565625,0.515625,0.700000
001,45_011,0.699740,1.758531,0.691406,0.621875,0.764062,0.691406,0.635156,0.800000,0.621875,0.635156,0.685937,0.764062,0.800000,0.685937
001,45_100,0.625000,1.965749,0.696094,0.610156,0.518750,0.696094,0.666406,0.576562,0.610156,0.666406,0.682031,0.518750,0.576562,0.682031
001,45_101,0.668620,1.788733,0.735156,0.631250,0.698438,0.735156,0.706250,0.659375,0.631250,0.706250,0.581250,0.698438,0.659375,0.581250
001,45_110,0.598047,1.993652,0.646094,0.578125,0.610938,0.646094,0.555469,0.571094,0.578125,0.555469,0.626563,0.610938,0.571094,0.626563
001,45_codon,0.634896,1.873240,0.642969,0.616406,0.618750,0.642969,0.662500,0.642969,0.616406,0.662500,0.625781,0.618750,0.642969,0.625781
001,46,0.565625,1.959397,0.588281,0.530469,0.567187,0.588281,0.552344,0.575781,0.530469,0.552344,0.579688,0.567187,0.575781,0.579688
001,46_001,0.758594,1.484025,0.660156,0.872656,0.892969,0.660156,0.657813,0.655469,0.872656,0.657813,0.812500,0.892969,0.655469,0.812500
001,46_010,0.638281,1.929338,0.567187,0.702344,0.604688,0.567187,0.619531,0.679688,0.702344,0.619531,0.656250,0.604688,0.679688,0.656250
001,46_011,0.734896,1.577737,0.929688,0.712500,0.715625,0.929688,0.717187,0.723437,0.712500,0.717187,0.610938,0.715625,0.723437,0.610938
001,46_100,0.620833,1.971387,0.670312,0.610938,0.666406,0.670312,0.517969,0.563281,0.610938,0.517969,0.696094,0.666406,0.563281,0.696094
001,46_101,0.677995,1.719415,0.592187,0.747656,0.754687,0.592187,0.603906,0.673438,0.747656,0.603906,0.696094,0.754687,0.673438,0.696094
001,46_110,0.620443,1.980545,0.498437,0.628906,0.678125,0.498437,0.626563,0.582031,0.628906,0.626563,0.708594,0.678125,0.582031,0.708594
001,46_codon,0.627734,1.959805,0.707812,0.615625,0.520312,0.707812,0.688281,0.567187,0.615625,0.688281,0.667188,0.520312,0.567187,0.667188
001,47,0.550391,1.999158,0.511719,0.564063,0.506250,0.511719,0.534375,0.577344,0.564063,0.534375,0.608594,0.506250,0.577344,0.608594
001,47_001,0.754036,1.477655,0.622656,0.698438,0.698438,0.622656,0.771094,0.771094,0.698438,0.771094,0.962500,0.698438,0.771094,0.962500
001,47_010,0.611849,1.976468,0.553906,0.679688,0.582031,0.553906,0.553125,0.714844,0.679688,0.553125,0.587500,0.582031,0.714844,0.587500
001,47_011,0.649349,1.911650,0.582812,0.675000,0.623437,0.582812,0.664844,0.653906,0.675000,0.664844,0.696094,0.623437,0.653906,0.696094
001,47_100,0.612760,1.961147,0.664844,0.616406,0.587500,0.664844,0.687500,0.617969,0.616406,0.687500,0.502344,0.587500,0.617969,0.502344
001,47_101,0.665234,1.843540,0.608594,0.750000,0.708594,0.608594,0.671875,0.546875,0.750000,0.671875,0.705469,0.708594,0.546875,0.705469
001,47_110,0.597786,1.971326,0.509375,0.612500,0.525781,0.509375,0.608594,0.675000,0.612500,0.608594,0.655469,0.525781,0.675000,0.655469
001,47_codon,0.612891,1.971734,0.634375,0.602344,0.671094,0.634375,0.682813,0.556250,0.602344,0.682813,0.530469,0.671094,0.556250,0.530469
001,48,0.580339,1.987934,0.584375,0.529687,0.597656,0.584375,0.577344,0.599219,0.529687,0.577344,0.593750,0.597656,0.599219,0.593750
001,48_001,0.770964,1.452014,0.661719,0.659375,0.661719,0.661719,0.846094,0.848437,0.659375,0.846094,0.948438,0.661719,0.848437,0.948438
001,48_010,0.642708,1.907662,0.687500,0.557031,0.607812,0.687500,0.614062,0.671094,0.557031,0.614062,0.718750,0.607812,0.671094,0.718750
001,48_011,0.740234,1.575568,0.656250,0.622656,0.656250,0.656250,0.812500,0.844531,0.622656,0.812500,0.849219,0.656250,0.844531,0.849219
001,48_100,0.616667,1.979056,0.682813,0.618750,0.663281,0.682813,0.695312,0.542188,0.618750,0.695312,0.497656,0.663281,0.542188,0.497656
001,48_101,0.638151,1.985168,0.655469,0.671094,0.665625,0.655469,0.778906,0.521094,0.671094,0.778906,0.536719,0.665625,0.521094,0.536719
001,48_110,0.629297,1.973649,0.680469,0.663281,0.642969,0.680469,0.553906,0.721094,0.663281,0.553906,0.514062,0.642969,0.721094,0.514062
001,48_codon,0.610938,1.977232,0.696094,0.517969,0.585156,0.696094,0.558594,0.628906,0.517969,0.558594,0.678906,0.585156,0.628906,0.678906
001,49,0.559115,1.994346,0.554688,0.560156,0.557813,0.554688,0.594531,0.565625,0.560156,0.594531,0.521875,0.557813,0.565625,0.521875
001,49_001,0.775000,1.420127,0.850000,0.662500,0.962500,0.850000,0.662500,0.850000,0.662500,0.662500,0.662500,0.962500,0.850000,0.662500
001,49_010,0.644531,1.962091,0.706250,0.718750,0.572656,0.706250,0.654687,0.686719,0.718750,0.654687,0.528125,0.572656,0.686719,0.528125
001,49_011,0.664193,1.809778,0.692969,0.591406,0.623437,0.692969,0.704688,0.693750,0.591406,0.704688,0.678906,0.623437,0.693750,0.678906
001,49_100,0.623047,1.947412,0.631250,0.678906,0.685156,0.631250,0.678906,0.506250,0.678906,0.678906,0.557813,0.685156,0.506250,0.557813
001,49_101,0.700260,1.674851,0.710156,0.867969,0.682031,0.710156,0.664844,0.593750,0.867969,0.664844,0.682813,0.682031,0.593750,0.682813
001,49_110,0.590365,1.982126,0.669531,0.590625,0.543750,0.669531,0.573438,0.631250,0.590625,0.573438,0.533594,0.543750,0.631250,0.533594
001,49_codon,0.617839,1.978846,0.605469,0.663281,0.653125,0.605469,0.589844,0.514844,0.663281,0.589844,0.680469,0.653125,0.514844,0.680469
001,4_001,0.753125,1.484698,0.618750,0.728125,0.728125,0.618750,0.740625,0.740625,0.728125,0.740625,0.962500,0.728125,0.740625,0.962500
001,4_010,0.647917,1.891280,0.546875,0.635156,0.664844,0.546875,0.721875,0.607812,0.635156,0.721875,0.710938,0.664844,0.607812,0.710938
001,4_011,0.701042,1.707458,0.695312,0.612500,0.680469,0.695312,0.696094,0.781250,0.612500,0.696094,0.740625,0.680469,0.781250,0.740625
001,4_100,0.607812,1.986945,0.664844,0.656250,0.621094,0.664844,0.528125,0.700000,0.656250,0.528125,0.476562,0.621094,0.700000,0.476562
001,4_101,0.662370,1.837051,0.672656,0.567969,0.673438,0.672656,0.639062,0.760156,0.567969,0.639062,0.660937,0.673438,0.760156,0.660937
001,4_110,0.609766,1.978624,0.665625,0.642969,0.541406,0.665625,0.634375,0.646094,0.642969,0.634375,0.528125,0.541406,0.646094,0.528125
001,4_codon,0.632292,1.964993,0.528125,0.624219,0.717187,0.528125,0.709375,0.564063,0.624219,0.709375,0.650781,0.717187,0.564063,0.650781
001,5,0.550781,1.980446,0.565625,0.608594,0.544531,0.565625,0.542188,0.528906,0.608594,0.542188,0.514844,0.544531,0.528906,0.514844
001,50,0.552995,1.977814,0.564844,0.543750,0.542969,0.564844,0.564063,0.550000,0.543750,0.564063,0.552344,0.542969,0.550000,0.552344
001,50_001,0.775000,1.420127,0.962500,0.662500,0.850000,0.962500,0.662500,0.850000,0.662500,0.662500,0.662500,0.850000,0.850000,0.662500
001,50_010,0.663542,1.852792,0.726562,0.665625,0.701562,0.726562,0.583594,0.622656,0.665625,0.583594,0.681250,0.701562,0.622656,0.681250
001,50_011,0.729557,1.592271,0.700781,0.713281,0.626563,0.700781,0.919531,0.702344,0.713281,0.919531,0.714844,0.626563,0.702344,0.714844
001,50_100,0.616797,1.982068,0.667188,0.703125,0.547656,0.667188,0.621094,0.662500,0.703125,0.621094,0.499219,0.547656,0.662500,0.499219
001,50_101,0.687109,1.736330,0.757031,0.685156,0.759375,0.757031,0.578906,0.696875,0.685156,0.578906,0.645312,0.759375,0.696875,0.645312
001,50_110,0.601562,1.995746,0.485938,0.641406,0.596875,0.485938,0.602344,0.651563,0.641406,0.602344,0.631250,0.596875,0.651563,0.631250
001,50_codon,0.616536,1.948944,0.546875,0.661719,0.646094,0.546875,0.541406,0.661719,0.661719,0.541406,0.641406,0.646094,0.661719,0.641406
001,51,0.554688,1.991458,0.481250,0.551562,0.578125,0.481250,0.539844,0.555469,0.551562,0.539844,0.621875,0.578125,0.555469,0.621875
001,51_001,0.775000,1.420127,0.662500,0.850000,0.962500,0.662500,0.662500,0.662500,0.850000,0.662500,0.850000,0.962500,0.662500,0.850000
001,51_010,0.635547,1.969781,0.635156,0.528906,0.721875,0.635156,0.675781,0.680469,0.528906,0.675781,0.571094,0.721875,0.680469,0.571094
001,51_011,0.722786,1.610928,0.650000,0.682813,0.685937,0.650000,0.710156,0.699219,0.682813,0.710156,0.908594,0.685937,0.699219,0.908594
001,51_100,0.629687,1.947620,0.672656,0.692187,0.640625,0.672656,0.558594,0.696094,0.692187,0.558594,0.517969,0.640625,0.696094,0.517969
001,51_101,0.734766,1.592102,0.623437,0.804688,0.870313,0.623437,0.659375,0.612500,0.804688,0.659375,0.838281,0.870313,0.612500,0.838281
001,51_110,0.603255,1.967379,0.608594,0.689844,0.571094,0.608594,0.642188,0.569531,0.689844,0.642188,0.538281,0.571094,0.569531,0.538281
001,51_codon,0.637240,1.960066,0.541406,0.709375,0.653125,0.541406,0.560156,0.680469,0.709375,0.560156,0.678906,0.653125,0.680469,0.678906
001,52,0.545703,1.988342,0.567187,0.525781,0.587500,0.567187,0.499219,0.535156,0.525781,0.499219,0.559375,0.587500,0.535156,0.559375
001,52_001,0.760417,1.483245,0.890625,0.884375,0.662500,0.890625,0.812500,0.650000,0.884375,0.812500,0.662500,0.662500,0.650000,0.662500
001,52_010,0.644531,1.907308,0.560156,0.614844,0.717969,0.560156,0.707812,0.604688,0.614844,0.707812,0.661719,0.717969,0.604688,0.661719
001,52_011,0.701823,1.724100,0.800000,0.713281,0.692969,0.800000,0.689063,0.697656,0.713281,0.689063,0.617969,0.692969,0.697656,0.617969
001,52_100,0.617969,1.973748,0.657031,0.565625,0.712500,0.657031,0.667969,0.594531,0.565625,0.667969,0.510156,0.712500,0.594531,0.510156
001,52_101,0.732552,1.601229,0.825781,0.795312,0.600781,0.825781,0.854688,0.657031,0.795312,0.854688,0.661719,0.600781,0.657031,0.661719
001,52_110,0.583724,1.969929,0.617188,0.562500,0.526563,0.617188,0.558594,0.632031,0.562500,0.558594,0.605469,0.526563,0.632031,0.605469
001,52_codon,0.607812,1.981159,0.614062,0.623437,0.665625,0.614062,0.510156,0.640625,0.623437,0.510156,0.592969,0.665625,0.640625,0.592969
001,53,0.563802,1.930048,0.623437,0.565625,0.559375,0.623437,0.510938,0.610156,0.565625,0.510938,0.513281,0.559375,0.610156,0.513281
001,53_001,0.749870,1.488274,0.953125,0.692969,0.771875,0.953125,0.694531,0.770312,0.692969,0.694531,0.616406,0.771875,0.770312,0.616406
001,53_010,0.644010,1.874567,0.721875,0.674219,0.657031,0.721875,0.621875,0.552344,0.674219,0.621875,0.636719,0.657031,0.552344,0.636719
001,53_011,0.724089,1.610503,0.925781,0.698438,0.678125,0.925781,0.706250,0.681250,0.698438,0.706250,0.654687,0.678125,0.681250,0.654687
001,53_100,0.620052,1.964927,0.664844,0.675000,0.607031,0.664844,0.564844,0.694531,0.675000,0.564844,0.514062,0.607031,0.694531,0.514062
001,53_101,0.653125,1.902754,0.587500,0.655469,0.621875,0.587500,0.715625,0.627344,0.655469,0.715625,0.710938,0.621875,0.627344,0.710938
001,53_110,0.594792,1.973145,0.596875,0.641406,0.648438,0.596875,0.507031,0.558594,0.641406,0.507031,0.616406,0.648438,0.558594,0.616406
001,53_codon,0.620443,1.956511,0.523438,0.646094,0.679688,0.523438,0.564844,0.650000,0.646094,0.564844,0.658594,0.679688,0.650000,0.658594
001,54,0.586589,1.958541,0.585938,0.617188,0.553125,0.585938,0.603906,0.588281,0.617188,0.603906,0.571094,0.553125,0.588281,0.571094
001,54_001,0.752214,1.487390,0.617969,0.727344,0.726562,0.617969,0.740625,0.739844,0.727344,0.740625,0.960938,0.726562,0.739844,0.960938
001,54_010,0.629427,1.935523,0.682031,0.671875,0.585938,0.682031,0.632031,0.517969,0.671875,0.632031,0.686719,0.585938,0.517969,0.686719
001,54_011,0.695443,1.749443,0.621094,0.679688,0.683594,0.621094,0.667188,0.724219,0.679688,0.667188,0.796875,0.683594,0.724219,0.796875
001,54_100,0.624219,1.969828,0.703125,0.645312,0.493750,0.703125,0.695312,0.540625,0.645312,0.695312,0.667188,0.493750,0.540625,0.667188
001,54_101,0.736068,1.606850,0.661719,0.860156,0.794531,0.661719,0.662500,0.606250,0.860156,0.662500,0.831250,0.794531,0.606250,0.831250
001,54_110,0.603125,1.975830,0.617969,0.663281,0.558594,0.617969,0.588281,0.533594,0.663281,0.588281,0.657031,0.558594,0.533594,0.657031
001,54_codon,0.630208,1.962709,0.725781,0.638281,0.514844,0.725781,0.689063,0.557031,0.638281,0.689063,0.656250,0.514844,0.557031,0.656250
001,55,0.557292,1.975959,0.552344,0.558594,0.524219,0.552344,0.596094,0.532031,0.558594,0.596094,0.580469,0.524219,0.532031,0.580469
001,55_001,0.775000,1.420127,0.662500,0.662500,0.662500,0.662500,0.850000,0.850000,0.662500,0.850000,0.962500,0.662500,0.850000,0.962500
001,55_010,0.645964,1.904790,0.721875,0.617969,0.578906,0.721875,0.667188,0.607031,0.617969,0.667188,0.682813,0.578906,0.607031,0.682813
001,55_011,0.710286,1.653722,0.620313,0.740625,0.685937,0.620313,0.702344,0.671875,0.740625,0.702344,0.840625,0.685937,0.671875,0.840625
001,55_100,0.613281,1.977408,0.700781,0.615625,0.483594,0.700781,0.672656,0.553125,0.615625,0.672656,0.653906,0.483594,0.553125,0.653906
001,55_101,0.710417,1.604064,0.639844,0.649219,0.623437,0.639844,0.921094,0.712500,0.649219,0.921094,0.716406,0.623437,0.712500,0.716406
001,55_110,0.609115,1.995796,0.492969,0.709375,0.623437,0.492969,0.520312,0.646094,0.709375,0.520312,0.662500,0.623437,0.646094,0.662500
001,55_codon,0.621875,1.951904,0.682813,0.628125,0.516406,0.682813,0.692187,0.557813,0.628125,0.692187,0.653906,0.516406,0.557813,0.653906
001,56,0.535807,1.998810,0.522656,0.585938,0.470313,0.522656,0.571875,0.533594,0.585938,0.571875,0.530469,0.470313,0.533594,0.530469
001,56_001,0.775000,1.420127,0.662500,0.850000,0.962500,0.662500,0.662500,0.662500,0.850000,0.662500,0.850000,0.962500,0.662500,0.850000
001,56_010,0.633984,1.950854,0.689844,0.552344,0.618750,0.689844,0.602344,0.648438,0.552344,0.602344,0.692187,0.618750,0.648438,0.692187
001,56_011,0.726432,1.633557,0.628906,0.633594,0.641406,0.628906,0.770312,0.847656,0.633594,0.770312,0.836719,0.641406,0.847656,0.836719
001,56_100,0.621224,1.972046,0.682813,0.516406,0.560937,0.682813,0.606250,0.661719,0.516406,0.606250,0.699219,0.560937,0.661719,0.699219
001,56_101,0.704167,1.669102,0.813281,0.777344,0.563281,0.813281,0.817187,0.630469,0.777344,0.817187,0.623437,0.563281,0.630469,0.623437
001,56_110,0.620182,1.988936,0.496094,0.536719,0.647656,0.496094,0.731250,0.635156,0.536719,0.731250,0.674219,0.647656,0.635156,0.674219
001,56_codon,0.618359,1.956895,0.669531,0.546875,0.604688,0.669531,0.583594,0.635156,0.546875,0.583594,0.670312,0.604688,0.635156,0.670312
001,57,0.559245,1.982039,0.585156,0.567187,0.524219,0.585156,0.574219,0.552344,0.567187,0.574219,0.552344,0.524219,0.552344,0.552344
001,57_001,0.773958,1.421525,0.660937,0.660937,0.660937,0.660937,0.850000,0.960938,0.660937,0.850000,0.850000,0.660937,0.960938,0.850000
001,57_010,0.649740,1.897334,0.639844,0.685156,0.568750,0.639844,0.675781,0.722656,0.685156,0.675781,0.606250,0.568750,0.722656,0.606250
001,57_011,0.733333,1.562591,0.699219,0.688281,0.617969,0.699219,0.930469,0.737500,0.688281,0.930469,0.726562,0.617969,0.737500,0.726562
001,57_100,0.613021,1.968598,0.668750,0.621875,0.652344,0.668750,0.508594,0.523438,0.621875,0.508594,0.703125,0.652344,0.523438,0.703125
001,57_101,0.727474,1.552667,0.815625,0.814844,0.611719,0.815625,0.893750,0.602344,0.814844,0.893750,0.626563,0.611719,0.602344,0.626563
001,57_110,0.622135,1.994421,0.535937,0.553906,0.698438,0.535937,0.707031,0.614844,0.553906,0.707031,0.622656,0.698438,0.614844,0.622656
001,57_codon,0.598437,1.986977,0.596875,0.642188,0.610156,0.596875,0.560156,0.642188,0.642188,0.560156,0.539062,0.610156,0.642188,0.539062
001,58,0.587891,1.889678,0.616406,0.619531,0.515625,0.616406,0.633594,0.558594,0.619531,0.633594,0.583594,0.515625,0.558594,0.583594
001,58_001,0.775000,1.420127,0.850000,0.850000,0.662500,0.850000,0.962500,0.662500,0.850000,0.962500,0.662500,0.662500,0.662500,0.662500
001,58_010,0.643359,1.911079,0.700781,0.696094,0.672656,0.700781,0.581250,0.678906,0.696094,0.581250,0.530469,0.672656,0.678906,0.530469
001,58_011,0.751302,1.529631,0.828125,0.828125,0.651563,0.828125,0.920312,0.643750,0.828125,0.920312,0.635938,0.651563,0.643750,0.635938
001,58_100,0.610938,1.973711,0.695312,0.631250,0.571094,0.695312,0.561719,0.525781,0.631250,0.561719,0.680469,0.571094,0.525781,0.680469
001,58_101,0.680729,1.705561,0.643750,0.866406,0.602344,0.643750,0.660156,0.674219,0.866406,0.660156,0.637500,0.602344,0.674219,0.637500
001,58_110,0.611719,1.999239,0.561719,0.594531,0.734375,0.561719,0.701562,0.520312,0.594531,0.701562,0.557813,0.734375,0.520312,0.557813
001,58_codon,0.620703,1.976149,0.707812,0.531250,0.590625,0.707812,0.573438,0.631250,0.531250,0.573438,0.689844,0.590625,0.631250,0.689844
001,59,0.554297,1.991647,0.535937,0.555469,0.577344,0.535937,0.536719,0.572656,0.555469,0.536719,0.547656,0.577344,0.572656,0.547656
001,59_001,0.767057,1.476983,0.661719,0.662500,0.658594,0.661719,0.849219,0.924219,0.662500,0.849219,0.846094,0.658594,0.924219,0.846094
001,59_010,0.640104,1.930110,0.679688,0.642188,0.539062,0.679688,0.682031,0.596875,0.642188,0.682031,0.700781,0.539062,0.596875,0.700781
001,59_011,0.717708,1.642673,0.719531,0.621094,0.762500,0.719531,0.710938,0.836719,0.621094,0.710938,0.655469,0.762500,0.836719,0.655469
001,59_100,0.620964,1.978804,0.684375,0.670312,0.637500,0.684375,0.535937,0.705469,0.670312,0.535937,0.492188,0.637500,0.705469,0.492188
001,59_101,0.653646,1.890626,0.577344,0.685937,0.536719,0.577344,0.721094,0.717187,0.685937,0.721094,0.683594,0.536719,0.717187,0.683594
001,59_110,0.627865,1.985201,0.640625,0.723437,0.511719,0.640625,0.680469,0.657031,0.723437,0.680469,0.553906,0.511719,0.657031,0.553906
001,59_codon,0.635417,1.920620,0.581250,0.660156,0.614062,0.581250,0.650000,0.685937,0.660156,0.650000,0.621094,0.614062,0.685937,0.621094
001,5_001,0.775000,1.420127,0.662500,0.850000,0.962500,0.662500,0.662500,0.662500,0.850000,0.662500,0.850000,0.962500,0.662500,0.850000
001,5_010,0.641536,1.927395,0.698438,0.701562,0.570312,0.698438,0.656250,0.526563,0.701562,0.656250,0.696094,0.570312,0.526563,0.696094
001,5_011,0.750260,1.539448,0.637500,0.821094,0.914844,0.637500,0.655469,0.641406,0.821094,0.655469,0.831250,0.914844,0.641406,0.831250
001,5_100,0.623437,1.955013,0.657813,0.690625,0.623437,0.657813,0.559375,0.689063,0.690625,0.559375,0.520312,0.623437,0.689063,0.520312
001,5_101,0.678516,1.793507,0.683594,0.828125,0.692187,0.683594,0.627344,0.602344,0.828125,0.627344,0.637500,0.692187,0.602344,0.637500
001,5_110,0.610417,1.982639,0.667188,0.671094,0.578125,0.667188,0.636719,0.498437,0.671094,0.636719,0.610938,0.578125,0.498437,0.610938
001,5_codon,0.622396,1.986118,0.712500,0.600000,0.529687,0.712500,0.629687,0.563281,0.600000,0.629687,0.699219,0.529687,0.563281,0.699219
001,6,0.560547,1.973576,0.531250,0.564063,0.521875,0.531250,0.546875,0.615625,0.564063,0.546875,0.583594,0.521875,0.615625,0.583594
001,60,0.575130,1.978570,0.565625,0.596094,0.542969,0.565625,0.556250,0.618750,0.596094,0.556250,0.571094,0.542969,0.618750,0.571094
001,60_001,0.769531,1.433350,0.844531,0.954688,0.654687,0.844531,0.852344,0.656250,0.954688,0.852344,0.654687,0.654687,0.656250,0.654687
001,60_010,0.639193,1.929002,0.605469,0.692969,0.548438,0.605469,0.664844,0.673438,0.692969,0.664844,0.650000,0.548438,0.673438,0.650000
001,60_011,0.705469,1.702295,0.707031,0.767188,0.630469,0.707031,0.793750,0.698438,0.767188,0.793750,0.635938,0.630469,0.698438,0.635938
001,60_100,0.613281,1.987700,0.712500,0.621094,0.475000,0.712500,0.692969,0.528906,0.621094,0.692969,0.649219,0.475000,0.528906,0.649219
001,60_101,0.722005,1.561501,0.694531,0.696094,0.635938,0.694531,0.941406,0.680469,0.696094,0.941406,0.683594,0.635938,0.680469,0.683594
001,60_110,0.618620,1.993073,0.556250,0.708594,0.502344,0.556250,0.636719,0.729688,0.708594,0.636719,0.578125,0.502344,0.729688,0.578125
001,60_codon,0.575260,1.982326,0.582812,0.528906,0.583594,0.582812,0.567187,0.564063,0.528906,0.567187,0.625000,0.583594,0.564063,0.625000
001,61,0.558073,1.970110,0.579688,0.597656,0.544531,0.579688,0.571094,0.557813,0.597656,0.571094,0.497656,0.544531,0.557813,0.497656
001,61_001,0.772786,1.422465,0.957812,0.660937,0.846094,0.957812,0.662500,0.847656,0.660937,0.662500,0.661719,0.846094,0.847656,0.661719
001,61_010,0.665625,1.845474,0.637500,0.753125,0.605469,0.637500,0.682813,0.673438,0.753125,0.682813,0.641406,0.605469,0.673438,0.641406
001,61_011,0.683854,1.809671,0.762500,0.714063,0.755469,0.762500,0.601562,0.622656,0.714063,0.601562,0.646875,0.755469,0.622656,0.646875
001,61_100,0.614193,1.971636,0.545312,0.665625,0.489062,0.545312,0.671094,0.689844,0.665625,0.671094,0.624219,0.489062,0.689844,0.624219
001,61_101,0.719922,1.559066,0.910937,0.671094,0.694531,0.910937,0.691406,0.717187,0.671094,0.691406,0.634375,0.694531,0.717187,0.634375
001,61_110,0.611328,1.999276,0.526563,0.735156,0.536719,0.526563,0.567969,0.723437,0.735156,0.567969,0.578125,0.536719,0.723437,0.578125
001,61_codon,0.625000,1.993990,0.578125,0.737500,0.545312,0.578125,0.588281,0.731250,0.737500,0.588281,0.569531,0.545312,0.731250,0.569531
001,62,0.553385,1.976986,0.546875,0.582812,0.541406,0.546875,0.527344,0.569531,0.582812,0.527344,0.552344,0.541406,0.569531,0.552344
001,62_001,0.774089,1.422819,0.662500,0.848437,0.961719,0.662500,0.660937,0.662500,0.848437,0.660937,0.848437,0.961719,0.662500,0.848437
001,62_010,0.644010,1.891464,0.619531,0.714063,0.660937,0.619531,0.567969,0.685937,0.714063,0.567969,0.615625,0.660937,0.685937,0.615625
001,62_011,0.724609,1.600166,0.722656,0.664062,0.927344,0.722656,0.660156,0.718750,0.664062,0.660156,0.654687,0.927344,0.718750,0.654687
001,62_100,0.616667,1.978282,0.668750,0.621094,0.660937,0.668750,0.695312,0.541406,0.621094,0.695312,0.512500,0.660937,0.541406,0.512500
001,62_101,0.657031,1.876421,0.677344,0.722656,0.681250,0.677344,0.717187,0.554688,0.722656,0.717187,0.589063,0.681250,0.554688,0.589063
001,62_110,0.568359,1.996478,0.541406,0.528906,0.500781,0.541406,0.522656,0.639062,0.528906,0.522656,0.677344,0.500781,0.639062,0.677344
001,62_codon,0.616667,1.960373,0.676562,0.550000,0.606250,0.676562,0.580469,0.616406,0.550000,0.580469,0.670312,0.606250,0.616406,0.670312
001,63,0.537240,1.983189,0.495313,0.533594,0.521875,0.495313,0.596875,0.529687,0.533594,0.596875,0.546094,0.521875,0.529687,0.546094
001,63_001,0.775000,1.420127,0.662500,0.662500,0.662500,0.662500,0.962500,0.850000,0.662500,0.962500,0.850000,0.662500,0.850000,0.850000
001,63_010,0.653646,1.869169,0.577344,0.722656,0.603125,0.577344,0.653125,0.661719,0.722656,0.653125,0.703906,0.603125,0.661719,0.703906
001,63_011,0.707812,1.653601,0.682031,0.708594,0.790625,0.682031,0.616406,0.691406,0.708594,0.616406,0.757812,0.790625,0.691406,0.757812
001,63_100,0.618229,1.977178,0.660156,0.598437,0.660937,0.660156,0.721094,0.566406,0.598437,0.721094,0.502344,0.660937,0.566406,0.502344
001,63_101,0.656380,1.864289,0.710938,0.696875,0.703906,0.710938,0.707031,0.568750,0.696875,0.707031,0.550781,0.703906,0.568750,0.550781
001,63_110,0.595052,1.983709,0.642188,0.656250,0.541406,0.642188,0.617188,0.585938,0.656250,0.617188,0.527344,0.541406,0.585938,0.527344
001,63_codon,0.606771,1.978747,0.580469,0.530469,0.636719,0.580469,0.633594,0.634375,0.530469,0.633594,0.625000,0.636719,0.634375,0.625000
001,64,0.562760,1.983904,0.585938,0.535937,0.566406,0.585938,0.575781,0.591406,0.535937,0.575781,0.521094,0.566406,0.591406,0.521094
001,64_001,0.775000,1.420127,0.850000,0.662500,0.850000,0.850000,0.662500,0.962500,0.662500,0.662500,0.662500,0.850000,0.962500,0.662500
001,64_010,0.642057,1.907812,0.647656,0.658594,0.564844,0.647656,0.682813,0.706250,0.658594,0.682813,0.592187,0.564844,0.706250,0.592187
001,64_011,0.705078,1.643720,0.744531,0.665625,0.616406,0.744531,0.843750,0.678906,0.665625,0.843750,0.681250,0.616406,0.678906,0.681250
001,64_100,0.614193,1.972752,0.597656,0.699219,0.500781,0.597656,0.657813,0.661719,0.699219,0.657813,0.567969,0.500781,0.661719,0.567969
001,64_101,0.654036,1.883896,0.675781,0.735938,0.583594,0.675781,0.662500,0.685156,0.735938,0.662500,0.581250,0.583594,0.685156,0.581250
001,64_110,0.625651,1.985585,0.501563,0.578125,0.626563,0.501563,0.678906,0.638281,0.578125,0.678906,0.730469,0.626563,0.638281,0.730469
001,64_codon,0.630208,1.969271,0.631250,0.669531,0.664062,0.631250,0.556250,0.578906,0.669531,0.556250,0.681250,0.664062,0.578906,0.681250
001,65,0.580729,1.994311,0.614062,0.623437,0.573438,0.614062,0.542188,0.525781,0.623437,0.542188,0.605469,0.573438,0.525781,0.605469
001,65_001,0.775000,1.420127,0.662500,0.662500,0.662500,0.662500,0.962500,0.850000,0.662500,0.962500,0.850000,0.662500,0.850000,0.850000
001,65_010,0.645312,1.922813,0.664062,0.676562,0.622656,0.664062,0.618750,0.567969,0.676562,0.618750,0.721875,0.622656,0.567969,0.721875
001,65_011,0.682031,1.868216,0.757031,0.634375,0.581250,0.757031,0.723437,0.679688,0.634375,0.723437,0.716406,0.581250,0.679688,0.716406
001,65_100,0.607422,1.990972,0.694531,0.593750,0.544531,0.694531,0.573438,0.524219,0.593750,0.573438,0.714063,0.544531,0.524219,0.714063
001,65_101,0.650130,1.980554,0.760156,0.582812,0.578125,0.760156,0.610938,0.601562,0.582812,0.610938,0.767188,0.578125,0.601562,0.767188
001,65_110,0.621484,1.975641,0.616406,0.644531,0.699219,0.616406,0.495313,0.550000,0.644531,0.495313,0.723437,0.699219,0.550000,0.723437
001,65_codon,0.630208,1.910725,0.692969,0.583594,0.555469,0.692969,0.635156,0.602344,0.583594,0.635156,0.711719,0.555469,0.602344,0.711719
001,66,0.534115,1.995615,0.570312,0.545312,0.530469,0.570312,0.539844,0.550781,0.545312,0.539844,0.467969,0.530469,0.550781,0.467969
001,66_001,0.775000,1.420127,0.662500,0.850000,0.962500,0.662500,0.662500,0.662500,0.850000,0.662500,0.850000,0.962500,0.662500,0.850000
001,66_010,0.651823,1.894364,0.592969,0.656250,0.695312,0.592969,0.571875,0.712500,0.656250,0.571875,0.682031,0.695312,0.712500,0.682031
001,66_011,0.717708,1.647248,0.622656,0.792188,0.778125,0.622656,0.646094,0.679688,0.792188,0.646094,0.787500,0.778125,0.679688,0.787500
001,66_100,0.622396,1.978190,0.710938,0.633594,0.506250,0.710938,0.669531,0.548438,0.633594,0.669531,0.665625,0.506250,0.548438,0.665625
001,66_101,0.663411,1.833373,0.742188,0.721094,0.688281,0.742188,0.699219,0.573438,0.721094,0.699219,0.556250,0.688281,0.573438,0.556250
001,66_110,0.593490,1.990633,0.547656,0.676562,0.607031,0.547656,0.521875,0.651563,0.676562,0.521875,0.556250,0.607031,0.651563,0.556250
001,66_codon,0.621615,1.973434,0.519531,0.635156,0.690625,0.519531,0.667188,0.572656,0.635156,0.667188,0.644531,0.690625,0.572656,0.644531
001,67,0.540755,1.990185,0.544531,0.514062,0.522656,0.544531,0.532813,0.565625,0.514062,0.532813,0.564844,0.522656,0.565625,0.564844
001,67_001,0.775000,1.420127,0.662500,0.662500,0.662500,0.662500,0.962500,0.850000,0.662500,0.962500,0.850000,0.662500,0.850000,0.850000
001,67_010,0.635286,1.958586,0.710938,0.654687,0.516406,0.710938,0.704688,0.559375,0.654687,0.704688,0.665625,0.516406,0.559375,0.665625
001,67_011,0.727604,1.555356,0.926562,0.669531,0.713281,0.926562,0.679688,0.732031,0.669531,0.679688,0.644531,0.713281,0.732031,0.644531
001,67_100,0.630339,1.949242,0.668750,0.578125,0.707812,0.668750,0.703125,0.609375,0.578125,0.703125,0.514844,0.707812,0.609375,0.514844
001,67_101,0.667057,1.807347,0.716406,0.712500,0.703125,0.716406,0.597656,0.583594,0.712500,0.597656,0.689063,0.703125,0.583594,0.689063
001,67_110,0.568750,1.968689,0.600781,0.665625,0.525781,0.600781,0.658594,0.460156,0.665625,0.658594,0.501563,0.525781,0.460156,0.501563
001,67_codon,0.604427,1.962230,0.618750,0.655469,0.548438,0.618750,0.608594,0.633594,0.655469,0.608594,0.561719,0.548438,0.633594,0.561719
001,68,0.575130,1.981985,0.571875,0.553125,0.525781,0.571875,0.614062,0.580469,0.553125,0.614062,0.605469,0.525781,0.580469,0.605469
001,68_001,0.753125,1.484698,0.740625,0.740625,0.618750,0.740625,0.962500,0.728125,0.740625,0.962500,0.728125,0.618750,0.728125,0.728125
001,68_010,0.640104,1.891955,0.566406,0.639062,0.620313,0.566406,0.619531,0.712500,0.639062,0.619531,0.682813,0.620313,0.712500,0.682813
001,68_011,0.689453,1.763348,0.652344,0.770312,0.675000,0.652344,0.671875,0.688281,0.770312,0.671875,0.678906,0.675000,0.688281,0.678906
001,68_100,0.622786,1.981043,0.735156,0.620313,0.568750,0.735156,0.569531,0.519531,0.620313,0.569531,0.723437,0.568750,0.519531,0.723437
001,68_101,0.664844,1.851828,0.676562,0.605469,0.555469,0.676562,0.746094,0.712500,0.605469,0.746094,0.692969,0.555469,0.712500,0.692969
001,68_110,0.608464,1.990217,0.576562,0.487500,0.588281,0.576562,0.667188,0.687500,0.487500,0.667188,0.643750,0.588281,0.687500,0.643750
001,68_codon,0.602083,1.973227,0.642969,0.577344,0.537500,0.642969,0.583594,0.604688,0.577344,0.583594,0.666406,0.537500,0.604688,0.666406
001,69,0.548828,1.932984,0.526563,0.517188,0.503125,0.526563,0.635938,0.528125,0.517188,0.635938,0.582031,0.503125,0.528125,0.582031
001,69_001,0.757552,1.484954,0.654687,0.659375,0.657813,0.654687,0.877344,0.807031,0.659375,0.877344,0.889062,0.657813,0.807031,0.889062
001,69_010,0.650260,1.903511,0.571094,0.731250,0.624219,0.571094,0.617969,0.683594,0.731250,0.617969,0.673438,0.624219,0.683594,0.673438
001,69_011,0.698698,1.765805,0.760156,0.742969,0.602344,0.760156,0.749219,0.637500,0.742969,0.749219,0.700000,0.602344,0.637500,0.700000
001,69_100,0.612760,1.975915,0.652344,0.483594,0.526563,0.652344,0.646875,0.680469,0.483594,0.646875,0.686719,0.526563,0.680469,0.686719
001,69_101,0.717969,1.594086,0.743750,0.869531,0.622656,0.743750,0.782813,0.625000,0.869531,0.782813,0.664062,0.622656,0.625000,0.664062
001,69_110,0.596094,1.989793,0.566406,0.601562,0.667969,0.566406,0.527344,0.640625,0.601562,0.527344,0.572656,0.667969,0.640625,0.572656
001,69_codon,0.609115,1.999295,0.681250,0.527344,0.528906,0.681250,0.621875,0.610156,0.527344,0.621875,0.685156,0.528906,0.610156,0.685156
001,6_001,0.775000,1.420127,0.662500,0.850000,0.850000,0.662500,0.662500,0.662500,0.850000,0.662500,0.962500,0.850000,0.662500,0.962500
001,6_010,0.641536,1.911889,0.595313,0.692969,0.675781,0.595313,0.539062,0.680469,0.692969,0.539062,0.665625,0.675781,0.680469,0.665625
001,6_011,0.699349,1.721866,0.662500,0.646875,0.811719,0.662500,0.639844,0.700781,0.646875,0.639844,0.734375,0.811719,0.700781,0.734375
001,6_100,0.605599,1.980890,0.458594,0.627344,0.552344,0.458594,0.617969,0.697656,0.627344,0.617969,0.679688,0.552344,0.697656,0.679688
001,6_101,0.630859,1.949522,0.775781,0.546094,0.643750,0.775781,0.554688,0.653125,0.546094,0.554688,0.611719,0.643750,0.653125,0.611719
001,6_110,0.608073,1.993252,0.667188,0.617969,0.635156,0.667188,0.709375,0.527344,0.617969,0.709375,0.491406,0.635156,0.527344,0.491406
001,6_codon,0.639062,1.970205,0.639062,0.720313,0.545312,0.639062,0.678125,0.664844,0.720313,0.678125,0.586719,0.545312,0.664844,0.586719
001,7,0.556120,1.978012,0.549219,0.525000,0.558594,0.549219,0.518750,0.569531,0.525000,0.518750,0.615625,0.558594,0.569531,0.615625
001,70,0.559115,1.996494,0.569531,0.597656,0.544531,0.569531,0.514844,0.604688,0.597656,0.514844,0.523438,0.544531,0.604688,0.523438
001,70_001,0.770833,1.430838,0.853125,0.956250,0.656250,0.853125,0.846875,0.656250,0.956250,0.846875,0.656250,0.656250,0.656250,0.656250
001,70_010,0.614844,1.975022,0.564063,0.683594,0.603906,0.564063,0.546875,0.702344,0.683594,0.546875,0.588281,0.603906,0.702344,0.588281
001,70_011,0.681901,1.792466,0.633594,0.780469,0.677344,0.633594,0.659375,0.627344,0.780469,0.659375,0.713281,0.677344,0.627344,0.713281
001,70_100,0.608073,1.990065,0.517969,0.721094,0.546094,0.517969,0.575781,0.686719,0.721094,0.575781,0.600781,0.546094,0.686719,0.600781
001,70_101,0.657292,1.863444,0.728125,0.732812,0.621875,0.728125,0.656250,0.666406,0.732812,0.656250,0.538281,0.621875,0.666406,0.538281
001,70_110,0.619271,1.995895,0.556250,0.713281,0.600781,0.556250,0.532031,0.734375,0.713281,0.532031,0.578906,0.600781,0.734375,0.578906
001,70_codon,0.648828,1.847370,0.603906,0.600000,0.572656,0.603906,0.750781,0.683594,0.600000,0.750781,0.682031,0.572656,0.683594,0.682031
001,71,0.551953,1.992109,0.622656,0.548438,0.530469,0.622656,0.542969,0.557813,0.548438,0.542969,0.509375,0.530469,0.557813,0.509375
001,71_001,0.770833,1.451962,0.849219,0.661719,0.946094,0.849219,0.661719,0.846875,0.661719,0.661719,0.659375,0.946094,0.846875,0.659375
001,71_010,0.640104,1.913961,0.703125,0.554688,0.596094,0.703125,0.608594,0.683594,0.554688,0.608594,0.694531,0.596094,0.683594,0.694531
001,71_011,0.694010,1.756298,0.747656,0.660937,0.703906,0.747656,0.691406,0.753125,0.660937,0.691406,0.607031,0.703906,0.753125,0.607031
001,71_100,0.614583,1.973338,0.541406,0.672656,0.489844,0.541406,0.662500,0.710156,0.672656,0.662500,0.610938,0.489844,0.710156,0.610938
001,71_101,0.737109,1.588747,0.792969,0.608594,0.837500,0.792969,0.661719,0.860156,0.608594,0.661719,0.661719,0.837500,0.860156,0.661719
001,71_110,0.609766,1.997717,0.585156,0.700781,0.544531,0.585156,0.561719,0.740625,0.700781,0.561719,0.525781,0.544531,0.740625,0.525781
001,71_codon,0.629818,1.962493,0.569531,0.692969,0.682813,0.569531,0.528906,0.666406,0.692969,0.528906,0.638281,0.682813,0.666406,0.638281
001,72,0.555729,1.953842,0.559375,0.506250,0.582031,0.559375,0.571875,0.575781,0.506250,0.571875,0.539062,0.582031,0.575781,0.539062
001,72_001,0.771224,1.453614,0.850000,0.662500,0.846875,0.850000,0.662500,0.946094,0.662500,0.662500,0.659375,0.846875,0.946094,0.659375
001,72_010,0.652604,1.879699,0.610938,0.707812,0.655469,0.610938,0.585156,0.721094,0.707812,0.585156,0.635156,0.655469,0.721094,0.635156
001,72_011,0.723828,1.596290,0.731250,0.659375,0.726562,0.731250,0.656250,0.912500,0.659375,0.656250,0.657031,0.726562,0.912500,0.657031
001,72_100,0.623307,1.957023,0.537500,0.671094,0.692187,0.537500,0.683594,0.502344,0.671094,0.683594,0.653125,0.692187,0.502344,0.653125
001,72_101,0.766797,1.470742,0.842187,0.662500,0.840625,0.842187,0.654687,0.947656,0.662500,0.654687,0.653125,0.840625,0.947656,0.653125
001,72_110,0.612891,1.997267,0.711719,0.559375,0.512500,0.711719,0.599219,0.557813,0.559375,0.599219,0.736719,0.512500,0.557813,0.736719
001,72_codon,0.635547,1.961749,0.550781,0.675781,0.707812,0.550781,0.530469,0.675781,0.675781,0.530469,0.672656,0.707812,0.675781,0.672656
001,73,0.558724,1.992997,0.518750,0.564844,0.556250,0.518750,0.567969,0.569531,0.564844,0.567969,0.575000,0.556250,0.569531,0.575000
001,73_001,0.774089,1.422819,0.662500,0.848437,0.961719,0.662500,0.660937,0.662500,0.848437,0.660937,0.848437,0.961719,0.662500,0.848437
001,73_010,0.638151,1.937904,0.687500,0.617969,0.548438,0.687500,0.663281,0.597656,0.617969,0.663281,0.714063,0.548438,0.597656,0.714063
001,73_011,0.727214,1.615585,0.642188,0.747656,0.728906,0.642188,0.674219,0.660937,0.747656,0.674219,0.909375,0.728906,0.660937,0.909375
001,73_100,0.616276,1.973133,0.670312,0.690625,0.529687,0.670312,0.640625,0.667188,0.690625,0.640625,0.499219,0.529687,0.667188,0.499219
001,73_101,0.667188,1.808098,0.582031,0.592187,0.770312,0.582031,0.732812,0.657813,0.592187,0.732812,0.667969,0.770312,0.657813,0.667969
001,73_110,0.622396,1.973222,0.700000,0.641406,0.514844,0.700000,0.680469,0.547656,0.641406,0.680469,0.650000,0.514844,0.547656,0.650000
001,73_codon,0.630990,1.969246,0.687500,0.676562,0.533594,0.687500,0.658594,0.579688,0.676562,0.658594,0.650000,0.533594,0.579688,0.650000
001,74,0.559635,1.985599,0.586719,0.560156,0.592969,0.586719,0.567969,0.514844,0.560156,0.567969,0.535156,0.592969,0.514844,0.535156
001,74_001,0.772266,1.452014,0.850000,0.848437,0.662500,0.850000,0.949219,0.662500,0.848437,0.949219,0.660937,0.662500,0.662500,0.660937
001,74_010,0.631120,1.929086,0.632812,0.692969,0.657031,0.632812,0.541406,0.664844,0.692969,0.541406,0.597656,0.657031,0.664844,0.597656
001,74_011,0.714063,1.648657,0.677344,0.884375,0.707812,0.677344,0.678906,0.632031,0.884375,0.678906,0.703906,0.707812,0.632031,0.703906
001,74_100,0.620443,1.963313,0.689063,0.609375,0.669531,0.689063,0.498437,0.566406,0.609375,0.498437,0.689844,0.669531,0.566406,0.689844
001,74_101,0.656120,1.869105,0.602344,0.674219,0.685937,0.602344,0.657031,0.608594,0.674219,0.657031,0.708594,0.685937,0.608594,0.708594
001,74_110,0.624870,1.999244,0.729688,0.558594,0.617188,0.729688,0.527344,0.584375,0.558594,0.527344,0.732031,0.617188,0.584375,0.732031
001,74_codon,0.603516,1.980452,0.625781,0.584375,0.610156,0.625781,0.615625,0.544531,0.584375,0.615625,0.640625,0.610156,0.544531,0.640625
001,75,0.561849,1.952245,0.551562,0.542188,0.606250,0.551562,0.560156,0.565625,0.542188,0.560156,0.545312,0.606250,0.565625,0.545312
001,75_001,0.769531,1.458377,0.846875,0.659375,0.850000,0.846875,0.657031,0.945312,0.659375,0.657031,0.658594,0.850000,0.945312,0.658594
001,75_010,0.649609,1.894341,0.625781,0.725781,0.580469,0.625781,0.667188,0.668750,0.725781,0.667188,0.629687,0.580469,0.668750,0.629687
001,75_011,0.731641,1.629916,0.814844,0.646094,0.841406,0.814844,0.645312,0.804688,0.646094,0.645312,0.637500,0.841406,0.804688,0.637500
001,75_100,0.617448,1.976530,0.509375,0.556250,0.667188,0.509375,0.692187,0.619531,0.556250,0.692187,0.660156,0.667188,0.619531,0.660156
001,75_101,0.713021,1.604699,0.698438,0.678125,0.915625,0.698438,0.611719,0.697656,0.678125,0.611719,0.676562,0.915625,0.697656,0.676562
001,75_110,0.621745,1.988041,0.547656,0.668750,0.726562,0.547656,0.639844,0.510156,0.668750,0.639844,0.637500,0.726562,0.510156,0.637500
001,75_codon,0.600651,1.969807,0.703125,0.600781,0.540625,0.703125,0.607812,0.587500,0.600781,0.607812,0.564063,0.540625,0.587500,0.564063
001,76,0.539844,1.994899,0.514062,0.505469,0.582812,0.514062,0.545312,0.564844,0.505469,0.545312,0.526563,0.582812,0.564844,0.526563
001,76_001,0.775000,1.420127,0.662500,0.662500,0.662500,0.662500,0.850000,0.962500,0.662500,0.850000,0.850000,0.662500,0.962500,0.850000
001,76_010,0.637500,1.932605,0.698438,0.591406,0.547656,0.698438,0.682813,0.614844,0.591406,0.682813,0.689844,0.547656,0.614844,0.689844
001,76_011,0.717839,1.626038,0.684375,0.903125,0.698438,0.684375,0.685937,0.633594,0.903125,0.685937,0.701562,0.698438,0.633594,0.701562
001,76_100,0.613932,1.988623,0.628906,0.669531,0.665625,0.628906,0.699219,0.487500,0.669531,0.699219,0.532813,0.665625,0.487500,0.532813
001,76_101,0.702344,1.639704,0.650000,0.661719,0.646094,0.650000,0.677344,0.664844,0.661719,0.677344,0.914062,0.646094,0.664844,0.914062
001,76_110,0.613411,1.988692,0.601562,0.704688,0.637500,0.601562,0.586719,0.485938,0.704688,0.586719,0.664062,0.637500,0.485938,0.664062
001,76_codon,0.637500,1.889936,0.672656,0.545312,0.616406,0.672656,0.614062,0.685937,0.545312,0.614062,0.690625,0.616406,0.685937,0.690625
001,77,0.521615,1.984400,0.547656,0.502344,0.497656,0.547656,0.550781,0.503906,0.502344,0.550781,0.527344,0.497656,0.503906,0.527344
001,77_001,0.775000,1.420127,0.850000,0.662500,0.850000,0.850000,0.662500,0.962500,0.662500,0.662500,0.662500,0.850000,0.962500,0.662500
001,77_010,0.652995,1.869728,0.613281,0.590625,0.738281,0.613281,0.667188,0.674219,0.590625,0.667188,0.634375,0.738281,0.674219,0.634375
001,77_011,0.717839,1.624742,0.708594,0.722656,0.656250,0.708594,0.892188,0.654687,0.722656,0.892188,0.672656,0.656250,0.654687,0.672656
001,77_100,0.607943,1.965190,0.707031,0.537500,0.560156,0.707031,0.592187,0.598437,0.537500,0.592187,0.652344,0.560156,0.598437,0.652344
001,77_101,0.654818,1.859396,0.573438,0.710938,0.664844,0.573438,0.591406,0.710156,0.710938,0.591406,0.678125,0.664844,0.710156,0.678125
001,77_110,0.533724,1.991045,0.544531,0.548438,0.496875,0.544531,0.447656,0.676562,0.548438,0.447656,0.488281,0.496875,0.676562,0.488281
001,77_codon,0.683724,1.750696,0.597656,0.646094,0.601562,0.597656,0.721094,0.815625,0.646094,0.721094,0.720313,0.601562,0.815625,0.720313
001,78,0.580208,1.921829,0.575000,0.650000,0.589063,0.575000,0.584375,0.577344,0.650000,0.584375,0.505469,0.589063,0.577344,0.505469
001,78_001,0.772917,1.421991,0.847656,0.959375,0.663281,0.847656,0.844531,0.662500,0.959375,0.844531,0.660156,0.663281,0.662500,0.660156
001,78_010,0.631250,1.933121,0.688281,0.533594,0.601562,0.688281,0.630469,0.668750,0.533594,0.630469,0.664844,0.601562,0.668750,0.664844
001,78_011,0.717578,1.628242,0.742188,0.833594,0.618750,0.742188,0.786719,0.657813,0.833594,0.786719,0.666406,0.618750,0.657813,0.666406
001,78_100,0.614453,1.981866,0.671875,0.559375,0.709375,0.671875,0.664844,0.599219,0.559375,0.664844,0.482031,0.709375,0.599219,0.482031
001,78_101,0.747656,1.518049,0.845313,0.818750,0.645312,0.845313,0.907031,0.644531,0.818750,0.907031,0.625000,0.645312,0.644531,0.625000
001,78_110,0.606901,1.981127,0.662500,0.591406,0.644531,0.662500,0.622656,0.621094,0.591406,0.622656,0.499219,0.644531,0.621094,0.499219
001,78_codon,0.599479,1.985722,0.615625,0.621094,0.524219,0.615625,0.610156,0.642969,0.621094,0.610156,0.582812,0.524219,0.642969,0.582812
001,79,0.530990,1.984954,0.532813,0.539844,0.541406,0.532813,0.569531,0.461719,0.539844,0.569531,0.540625,0.541406,0.461719,0.540625
001,79_001,0.767057,1.476100,0.927344,0.846094,0.661719,0.927344,0.849219,0.658594,0.846094,0.849219,0.659375,0.661719,0.658594,0.659375
001,79_010,0.650130,1.900444,0.659375,0.719531,0.696094,0.659375,0.549219,0.678125,0.719531,0.549219,0.598437,0.696094,0.678125,0.598437
001,79_011,0.694401,1.733803,0.735938,0.764062,0.689844,0.735938,0.665625,0.696094,0.764062,0.665625,0.614844,0.689844,0.696094,0.614844
001,79_100,0.613542,1.977618,0.664844,0.614844,0.662500,0.664844,0.495313,0.542188,0.614844,0.495313,0.701562,0.662500,0.542188,0.701562
001,79_101,0.695964,1.671180,0.696875,0.879687,0.600000,0.696875,0.732031,0.622656,0.879687,0.732031,0.644531,0.600000,0.622656,0.644531
001,79_110,0.589323,1.993003,0.635938,0.625000,0.614062,0.635938,0.499219,0.576562,0.625000,0.499219,0.585156,0.614062,0.576562,0.585156
001,79_codon,0.586589,1.990477,0.612500,0.536719,0.522656,0.612500,0.578125,0.651563,0.536719,0.578125,0.617969,0.522656,0.651563,0.617969
001,7_001,0.757812,1.473520,0.887500,0.655469,0.880469,0.887500,0.653125,0.811719,0.655469,0.653125,0.658594,0.880469,0.811719,0.658594
001,7_010,0.641536,1.900583,0.644531,0.666406,0.682813,0.644531,0.646094,0.581250,0.666406,0.646094,0.628125,0.682813,0.581250,0.628125
001,7_011,0.697396,1.700284,0.695312,0.703125,0.770312,0.695312,0.664062,0.654687,0.703125,0.664062,0.696875,0.770312,0.654687,0.696875
001,7_100,0.621354,1.967076,0.689844,0.622656,0.507031,0.689844,0.687500,0.547656,0.622656,0.687500,0.673438,0.507031,0.547656,0.673438
001,7_101,0.690885,1.672491,0.625781,0.669531,0.655469,0.625781,0.665625,0.650781,0.669531,0.665625,0.878125,0.655469,0.650781,0.878125
001,7_110,0.614453,1.974253,0.657031,0.682813,0.585938,0.657031,0.642188,0.503906,0.682813,0.642188,0.614844,0.585938,0.503906,0.614844
001,7_codon,0.631771,1.961605,0.644531,0.705469,0.537500,0.644531,0.667969,0.675781,0.705469,0.667969,0.559375,0.537500,0.675781,0.559375
001,8,0.557292,1.981943,0.497656,0.575000,0.560937,0.497656,0.525000,0.598437,0.575000,0.525000,0.586719,0.560937,0.598437,0.586719
001,80,0.554688,1.975013,0.528125,0.553125,0.603125,0.528125,0.557813,0.560156,0.553125,0.557813,0.525781,0.603125,0.560156,0.525781
001,80_001,0.775000,1.420127,0.850000,0.662500,0.962500,0.850000,0.662500,0.850000,0.662500,0.662500,0.662500,0.962500,0.850000,0.662500
001,80_010,0.646224,1.900406,0.697656,0.635156,0.717187,0.697656,0.650781,0.621875,0.635156,0.650781,0.554688,0.717187,0.621875,0.554688
001,80_011,0.726172,1.570847,0.718750,0.654687,0.726562,0.718750,0.667188,0.913281,0.654687,0.667188,0.676562,0.726562,0.913281,0.676562
001,80_100,0.610417,1.982774,0.517188,0.548438,0.719531,0.517188,0.697656,0.578906,0.548438,0.697656,0.600781,0.719531,0.578906,0.600781
001,80_101,0.665104,1.860417,0.565625,0.706250,0.711719,0.565625,0.592969,0.669531,0.706250,0.592969,0.744531,0.711719,0.669531,0.744531
001,80_110,0.592057,1.991978,0.534375,0.618750,0.632031,0.534375,0.579688,0.575781,0.618750,0.579688,0.611719,0.632031,0.575781,0.611719
001,80_codon,0.625000,1.976429,0.672656,0.706250,0.560937,0.672656,0.633594,0.669531,0.706250,0.633594,0.507031,0.560937,0.669531,0.507031
001,81,0.542969,1.985558,0.555469,0.582812,0.560156,0.555469,0.590625,0.488281,0.582812,0.590625,0.480469,0.560156,0.488281,0.480469
001,81_001,0.775000,1.420127,0.662500,0.850000,0.962500,0.662500,0.662500,0.662500,0.850000,0.662500,0.850000,0.962500,0.662500,0.850000
001,81_010,0.619792,1.943036,0.647656,0.633594,0.607812,0.647656,0.586719,0.555469,0.633594,0.586719,0.687500,0.607812,0.555469,0.687500
001,81_011,0.694401,1.769093,0.729688,0.586719,0.675000,0.729688,0.687500,0.789062,0.586719,0.687500,0.698438,0.675000,0.789062,0.698438
001,81_100,0.600651,1.999417,0.720313,0.586719,0.598437,0.720313,0.528125,0.532031,0.586719,0.528125,0.638281,0.598437,0.532031,0.638281
001,81_101,0.653385,1.895148,0.648438,0.735938,0.696094,0.648438,0.716406,0.527344,0.735938,0.716406,0.596094,0.696094,0.527344,0.596094
001,81_110,0.614193,1.995490,0.557813,0.606250,0.716406,0.557813,0.735156,0.510156,0.606250,0.735156,0.559375,0.716406,0.510156,0.559375
001,81_codon,0.604036,1.979129,0.547656,0.670312,0.642969,0.547656,0.640625,0.515625,0.670312,0.640625,0.607031,0.642969,0.515625,0.607031
001,82,0.580859,1.918885,0.575781,0.530469,0.653125,0.575781,0.531250,0.611719,0.530469,0.531250,0.582812,0.653125,0.611719,0.582812
001,82_001,0.775000,1.420127,0.662500,0.850000,0.962500,0.662500,0.662500,0.662500,0.850000,0.662500,0.850000,0.962500,0.662500,0.850000
001,82_010,0.636458,1.918110,0.642188,0.667188,0.706250,0.642188,0.672656,0.550781,0.667188,0.672656,0.579688,0.706250,0.550781,0.579688
001,82_011,0.710807,1.620599,0.654687,0.690625,0.887500,0.654687,0.637500,0.690625,0.690625,0.637500,0.703906,0.887500,0.690625,0.703906
001,82_100,0.616016,1.975999,0.660156,0.500000,0.568750,0.660156,0.597656,0.655469,0.500000,0.597656,0.714063,0.568750,0.655469,0.714063
001,82_101,0.740625,1.519826,0.701562,0.742969,0.946094,0.701562,0.608594,0.701562,0.742969,0.608594,0.742969,0.946094,0.701562,0.742969
001,82_110,0.606380,1.999246,0.595313,0.561719,0.726562,0.595313,0.712500,0.536719,0.561719,0.712500,0.505469,0.726562,0.536719,0.505469
001,82_codon,0.615365,1.952908,0.695312,0.646875,0.540625,0.695312,0.639062,0.642188,0.646875,0.639062,0.528125,0.540625,0.642188,0.528125
001,83,0.556641,1.987371,0.481250,0.612500,0.588281,0.481250,0.513281,0.567187,0.612500,0.513281,0.577344,0.588281,0.567187,0.577344
001,83_001,0.775000,1.420127,0.662500,0.662500,0.662500,0.662500,0.962500,0.850000,0.662500,0.962500,0.850000,0.662500,0.850000,0.850000
001,83_010,0.644922,1.890855,0.566406,0.727344,0.621094,0.566406,0.613281,0.668750,0.727344,0.613281,0.672656,0.621094,0.668750,0.672656
001,83_011,0.672266,1.804418,0.672656,0.657813,0.633594,0.672656,0.688281,0.680469,0.657813,0.688281,0.700781,0.633594,0.680469,0.700781
001,83_100,0.612891,1.970184,0.630469,0.660156,0.698438,0.630469,0.483594,0.594531,0.660156,0.483594,0.610156,0.698438,0.594531,0.610156
001,83_101,0.686589,1.746749,0.699219,0.775000,0.742188,0.699219,0.664844,0.576562,0.775000,0.664844,0.661719,0.742188,0.576562,0.661719
001,83_110,0.623177,1.997437,0.564063,0.742188,0.519531,0.564063,0.614062,0.734375,0.742188,0.614062,0.564844,0.519531,0.734375,0.564844
001,83_codon,0.619010,1.928889,0.654687,0.603906,0.654687,0.654687,0.622656,0.642969,0.603906,0.622656,0.535156,0.654687,0.642969,0.535156
001,84,0.563542,1.967421,0.528125,0.621875,0.525781,0.528125,0.558594,0.547656,0.621875,0.558594,0.599219,0.525781,0.547656,0.599219
001,84_001,0.771615,1.426948,0.658594,0.658594,0.659375,0.658594,0.850000,0.849219,0.658594,0.850000,0.953906,0.659375,0.849219,0.953906
001,84_010,0.639453,1.935242,0.630469,0.554688,0.670312,0.630469,0.703125,0.681250,0.554688,0.703125,0.596875,0.670312,0.681250,0.596875
001,84_011,0.687240,1.801792,0.709375,0.617969,0.678906,0.709375,0.750781,0.728906,0.617969,0.750781,0.637500,0.678906,0.728906,0.637500
001,84_100,0.616797,1.984737,0.612500,0.678906,0.669531,0.612500,0.489844,0.704688,0.678906,0.489844,0.545312,0.669531,0.704688,0.545312
001,84_101,0.654948,1.827351,0.687500,0.593750,0.628906,0.687500,0.622656,0.672656,0.593750,0.622656,0.724219,0.628906,0.672656,0.724219
001,84_110,0.601432,1.984682,0.640625,0.631250,0.539062,0.640625,0.668750,0.628906,0.631250,0.668750,0.500000,0.539062,0.628906,0.500000
001,84_codon,0.604167,1.989112,0.539844,0.705469,0.553906,0.539844,0.576562,0.678125,0.705469,0.576562,0.571094,0.553906,0.678125,0.571094
001,85,0.605208,1.917520,0.618750,0.551562,0.586719,0.618750,0.619531,0.651563,0.551562,0.619531,0.603125,0.586719,0.651563,0.603125
001,85_001,0.775000,1.420127,0.962500,0.662500,0.850000,0.962500,0.662500,0.850000,0.662500,0.662500,0.662500,0.850000,0.850000,0.662500
001,85_010,0.660026,1.877618,0.727344,0.714844,0.657813,0.727344,0.623437,0.567969,0.714844,0.623437,0.668750,0.657813,0.567969,0.668750
001,85_011,0.702474,1.741420,0.699219,0.615625,0.721094,0.699219,0.700000,0.791406,0.615625,0.700000,0.687500,0.721094,0.791406,0.687500
001,85_100,0.619010,1.975818,0.654687,0.700000,0.526563,0.654687,0.638281,0.665625,0.700000,0.638281,0.528906,0.526563,0.665625,0.528906
001,85_101,0.724349,1.536893,0.711719,0.625000,0.744531,0.711719,0.662500,0.912500,0.625000,0.662500,0.689844,0.744531,0.912500,0.689844
001,85_110,0.606380,1.996205,0.529687,0.571094,0.711719,0.529687,0.737500,0.523438,0.571094,0.737500,0.564844,0.711719,0.523438,0.564844
001,85_codon,0.629818,1.967969,0.653125,0.707031,0.550781,0.653125,0.644531,0.685156,0.707031,0.644531,0.538281,0.550781,0.685156,0.538281
001,86,0.577474,1.943561,0.555469,0.547656,0.567969,0.555469,0.597656,0.647656,0.547656,0.597656,0.548438,0.567969,0.647656,0.548438
001,86_001,0.775000,1.420127,0.662500,0.662500,0.662500,0.662500,0.850000,0.850000,0.662500,0.850000,0.962500,0.662500,0.850000,0.962500
001,86_010,0.620964,1.967493,0.591406,0.667188,0.634375,0.591406,0.539062,0.712500,0.667188,0.539062,0.581250,0.634375,0.712500,0.581250
001,86_011,0.715495,1.624239,0.675781,0.626563,0.672656,0.675781,0.725781,0.880469,0.626563,0.725781,0.711719,0.672656,0.880469,0.711719
001,86_100,0.622526,1.967784,0.567969,0.726562,0.635156,0.567969,0.507812,0.712500,0.726562,0.507812,0.585156,0.635156,0.712500,0.585156
001,86_101,0.754687,1.491495,0.635156,0.638281,0.632812,0.635156,0.841406,0.937500,0.638281,0.841406,0.842969,0.632812,0.937500,0.842969
001,86_110,0.612109,1.988817,0.641406,0.674219,0.489844,0.641406,0.705469,0.592187,0.674219,0.705469,0.569531,0.489844,0.592187,0.569531
001,86_codon,0.628906,1.924323,0.582031,0.622656,0.653125,0.582031,0.635938,0.600781,0.622656,0.635938,0.678906,0.653125,0.600781,0.678906
001,87,0.572135,1.974547,0.592187,0.559375,0.582812,0.592187,0.558594,0.537500,0.559375,0.558594,0.602344,0.582812,0.537500,0.602344
001,87_001,0.746484,1.534174,0.697656,0.922656,0.771094,0.697656,0.694531,0.623437,0.922656,0.694531,0.769531,0.771094,0.623437,0.769531
001,87_010,0.646875,1.897933,0.663281,0.683594,0.610938,0.663281,0.639062,0.562500,0.683594,0.639062,0.721875,0.610938,0.562500,0.721875
001,87_011,0.736068,1.610290,0.632812,0.817187,0.847656,0.632812,0.653906,0.653906,0.817187,0.653906,0.810937,0.847656,0.653906,0.810937
001,87_100,0.617057,1.956092,0.556250,0.680469,0.492188,0.556250,0.679688,0.685937,0.680469,0.679688,0.607812,0.492188,0.685937,0.607812
001,87_101,0.733464,1.536876,0.723437,0.933594,0.690625,0.723437,0.729688,0.626563,0.933594,0.729688,0.696875,0.690625,0.626563,0.696875
001,87_110,0.616276,1.984340,0.492969,0.596094,0.588281,0.492969,0.671094,0.633594,0.596094,0.671094,0.715625,0.588281,0.633594,0.715625
001,87_codon,0.614974,1.978136,0.536719,0.621875,0.689063,0.536719,0.661719,0.567969,0.621875,0.661719,0.612500,0.689063,0.567969,0.612500
001,88,0.556901,1.996396,0.565625,0.561719,0.525000,0.565625,0.571875,0.553906,0.561719,0.571875,0.563281,0.525000,0.553906,0.563281
001,88_001,0.757552,1.483653,0.657813,0.893750,0.872656,0.657813,0.659375,0.654687,0.893750,0.659375,0.807031,0.872656,0.654687,0.807031
001,88_010,0.648177,1.881676,0.719531,0.610938,0.553906,0.719531,0.695312,0.646875,0.610938,0.695312,0.662500,0.553906,0.646875,0.662500
001,88_011,0.695964,1.722631,0.635156,0.685156,0.694531,0.635156,0.660156,0.756250,0.685156,0.660156,0.744531,0.694531,0.756250,0.744531
001,88_100,0.616406,1.969199,0.709375,0.662500,0.560156,0.709375,0.597656,0.500781,0.662500,0.597656,0.667969,0.560156,0.500781,0.667969
001,88_101,0.715495,1.600516,0.697656,0.706250,0.618750,0.697656,0.928906,0.666406,0.706250,0.928906,0.675000,0.618750,0.666406,0.675000
001,88_110,0.595182,1.992508,0.618750,0.570312,0.580469,0.618750,0.615625,0.563281,0.570312,0.615625,0.622656,0.580469,0.563281,0.622656
001,88_codon,0.633724,1.940617,0.646875,0.692187,0.609375,0.646875,0.643750,0.553906,0.692187,0.643750,0.656250,0.609375,0.553906,0.656250
001,89,0.572526,1.924626,0.501563,0.621094,0.591406,0.501563,0.550781,0.560156,0.621094,0.550781,0.610156,0.591406,0.560156,0.610156
001,89_001,0.772266,1.452014,0.662500,0.848437,0.850000,0.662500,0.660937,0.662500,0.848437,0.660937,0.949219,0.850000,0.662500,0.949219
001,89_010,0.645833,1.885448,0.638281,0.564844,0.678906,0.638281,0.732031,0.657031,0.564844,0.732031,0.603906,0.678906,0.657031,0.603906
001,89_011,0.694141,1.735814,0.639062,0.648438,0.723437,0.639062,0.660156,0.717187,0.648438,0.660156,0.776563,0.723437,0.717187,0.776563
001,89_100,0.616016,1.969673,0.549219,0.507812,0.673438,0.549219,0.689063,0.657813,0.507812,0.689063,0.618750,0.673438,0.657813,0.618750
001,89_101,0.702214,1.642028,0.620313,0.925000,0.694531,0.620313,0.622656,0.652344,0.925000,0.622656,0.698438,0.694531,0.652344,0.698438
001,89_110,0.615755,1.993401,0.627344,0.487500,0.728906,0.627344,0.647656,0.665625,0.487500,0.647656,0.537500,0.728906,0.665625,0.537500
001,89_codon,0.612240,1.966840,0.543750,0.688281,0.625000,0.543750,0.540625,0.642188,0.688281,0.540625,0.633594,0.625000,0.642188,0.633594
001,8_001,0.757682,1.456685,0.639062,0.675000,0.682031,0.639062,0.793750,0.805469,0.675000,0.793750,0.950781,0.682031,0.805469,0.950781
001,8_010,0.633203,1.954404,0.687500,0.622656,0.685156,0.687500,0.527344,0.582812,0.622656,0.527344,0.693750,0.685156,0.582812,0.693750
001,8_011,0.692448,1.751217,0.685156,0.717187,0.725781,0.685156,0.651563,0.717187,0.717187,0.651563,0.657813,0.725781,0.717187,0.657813
001,8_100,0.612500,1.974111,0.485156,0.543750,0.668750,0.485156,0.683594,0.624219,0.543750,0.683594,0.669531,0.668750,0.624219,0.669531
001,8_101,0.651302,1.923280,0.714844,0.639844,0.666406,0.714844,0.599219,0.735938,0.639844,0.599219,0.551562,0.666406,0.735938,0.551562
001,8_110,0.608724,1.997916,0.551562,0.726562,0.590625,0.551562,0.508594,0.728906,0.726562,0.508594,0.546094,0.590625,0.728906,0.546094
001,8_codon,0.607422,1.966910,0.656250,0.531250,0.595313,0.656250,0.575781,0.632031,0.531250,0.575781,0.653906,0.595313,0.632031,0.653906
001,9,0.565625,1.962338,0.628906,0.576562,0.509375,0.628906,0.605469,0.516406,0.576562,0.605469,0.557031,0.509375,0.516406,0.557031
001,90,0.573828,1.903628,0.605469,0.544531,0.679688,0.605469,0.488281,0.566406,0.544531,0.488281,0.558594,0.679688,0.566406,0.558594
001,90_001,0.775000,1.420127,0.662500,0.850000,0.962500,0.662500,0.662500,0.662500,0.850000,0.662500,0.850000,0.962500,0.662500,0.850000
001,90_010,0.655208,1.869116,0.577344,0.610156,0.730469,0.577344,0.662500,0.667969,0.610156,0.662500,0.682813,0.730469,0.667969,0.682813
001,90_011,0.689974,1.778483,0.623437,0.750000,0.651563,0.623437,0.685937,0.705469,0.750000,0.685937,0.723437,0.651563,0.705469,0.723437
001,90_100,0.613802,1.980729,0.624219,0.662500,0.662500,0.624219,0.700000,0.500000,0.662500,0.700000,0.533594,0.662500,0.500000,0.533594
001,90_101,0.750130,1.519822,0.646875,0.907031,0.848437,0.646875,0.633594,0.660156,0.907031,0.633594,0.804688,0.848437,0.660156,0.804688
001,90_110,0.604818,1.993217,0.743750,0.575000,0.578125,0.743750,0.524219,0.515625,0.575000,0.524219,0.692187,0.578125,0.515625,0.692187
001,90_codon,0.619271,1.971174,0.511719,0.658594,0.682031,0.511719,0.589063,0.617188,0.658594,0.589063,0.657031,0.682031,0.617188,0.657031
001,91,0.573828,1.965752,0.610938,0.576562,0.535937,0.610938,0.559375,0.581250,0.576562,0.559375,0.578906,0.535937,0.581250,0.578906
001,91_001,0.773047,1.427921,0.846875,0.661719,0.959375,0.846875,0.660156,0.847656,0.661719,0.660156,0.662500,0.959375,0.847656,0.662500
001,91_010,0.635417,1.938088,0.548438,0.614062,0.682813,0.548438,0.687500,0.585156,0.614062,0.687500,0.694531,0.682813,0.585156,0.694531
001,91_011,0.691536,1.776866,0.673438,0.665625,0.682031,0.673438,0.757812,0.685156,0.665625,0.757812,0.685156,0.682031,0.685156,0.685156
001,91_100,0.608594,1.986594,0.619531,0.684375,0.550000,0.619531,0.565625,0.707031,0.684375,0.565625,0.525000,0.550000,0.707031,0.525000
001,91_101,0.656380,1.871628,0.652344,0.713281,0.614062,0.652344,0.628906,0.738281,0.713281,0.628906,0.591406,0.614062,0.738281,0.591406
001,91_110,0.617318,1.995355,0.611719,0.557813,0.496875,0.611719,0.714844,0.637500,0.557813,0.714844,0.685156,0.496875,0.637500,0.685156
001,91_codon,0.623047,1.979561,0.697656,0.608594,0.532813,0.697656,0.639062,0.562500,0.608594,0.639062,0.697656,0.532813,0.562500,0.697656
001,92,0.557292,1.983905,0.582031,0.571875,0.523438,0.582031,0.556250,0.539062,0.571875,0.556250,0.571094,0.523438,0.539062,0.571094
001,92_001,0.775000,1.420127,0.662500,0.662500,0.662500,0.662500,0.850000,0.962500,0.662500,0.850000,0.850000,0.662500,0.962500,0.850000
001,92_010,0.647005,1.908995,0.548438,0.699219,0.641406,0.548438,0.592969,0.710938,0.699219,0.592969,0.689063,0.641406,0.710938,0.689063
001,92_011,0.736979,1.613932,0.800000,0.645312,0.837500,0.800000,0.655469,0.841406,0.645312,0.655469,0.642188,0.837500,0.841406,0.642188
001,92_100,0.622526,1.957372,0.580469,0.667188,0.516406,0.580469,0.665625,0.700781,0.667188,0.665625,0.604688,0.516406,0.700781,0.604688
001,92_101,0.660026,1.900410,0.569531,0.667188,0.552344,0.569531,0.747656,0.689844,0.667188,0.747656,0.733594,0.552344,0.689844,0.733594
001,92_110,0.617318,1.990878,0.634375,0.617969,0.492188,0.634375,0.685156,0.622656,0.617969,0.685156,0.651563,0.492188,0.622656,0.651563
001,92_codon,0.635938,1.965079,0.710156,0.645312,0.524219,0.710156,0.692187,0.567187,0.645312,0.692187,0.676562,0.524219,0.567187,0.676562
001,93,0.547786,1.977435,0.491406,0.545312,0.580469,0.491406,0.533594,0.542188,0.545312,0.533594,0.593750,0.580469,0.542188,0.593750
001,93_001,0.766536,1.472182,0.843750,0.660156,0.847656,0.843750,0.657031,0.931250,0.660156,0.657031,0.659375,0.847656,0.931250,0.659375
001,93_010,0.632422,1.941449,0.700781,0.659375,0.639062,0.700781,0.556250,0.537500,0.659375,0.556250,0.701562,0.639062,0.537500,0.701562
001,93_011,0.701953,1.757515,0.697656,0.710938,0.611719,0.697656,0.771094,0.724219,0.710938,0.771094,0.696094,0.611719,0.724219,0.696094
001,93_100,0.615104,1.992699,0.630469,0.712500,0.489844,0.630469,0.675781,0.651563,0.712500,0.675781,0.530469,0.489844,0.651563,0.530469
001,93_101,0.668099,1.775215,0.609375,0.700781,0.668750,0.609375,0.589844,0.791406,0.700781,0.589844,0.648438,0.668750,0.791406,0.648438
001,93_110,0.606380,1.996737,0.527344,0.728906,0.507031,0.527344,0.590625,0.709375,0.728906,0.590625,0.575000,0.507031,0.709375,0.575000
001,93_codon,0.639714,1.917454,0.514062,0.664062,0.671094,0.514062,0.588281,0.660937,0.664062,0.588281,0.739844,0.671094,0.660937,0.739844
001,94,0.569010,1.936437,0.542969,0.556250,0.596094,0.542969,0.546875,0.592187,0.556250,0.546875,0.579688,0.596094,0.592187,0.579688
001,94_001,0.775000,1.420127,0.662500,0.662500,0.662500,0.662500,0.850000,0.962500,0.662500,0.850000,0.850000,0.662500,0.962500,0.850000
001,94_010,0.632292,1.938245,0.679688,0.654687,0.688281,0.679688,0.517188,0.574219,0.654687,0.517188,0.679688,0.688281,0.574219,0.679688
001,94_011,0.665234,1.875069,0.662500,0.661719,0.657813,0.662500,0.682031,0.667969,0.661719,0.682031,0.659375,0.657813,0.667969,0.659375
001,94_100,0.612370,1.973216,0.651563,0.693750,0.545312,0.651563,0.606250,0.671875,0.693750,0.606250,0.505469,0.545312,0.671875,0.505469
001,94_101,0.736198,1.593620,0.656250,0.650000,0.630469,0.656250,0.843750,0.851562,0.650000,0.843750,0.785156,0.630469,0.851562,0.785156
001,94_110,0.617969,1.989633,0.620313,0.716406,0.500781,0.620313,0.675781,0.640625,0.716406,0.675781,0.553906,0.500781,0.640625,0.553906
001,94_codon,0.601042,1.986356,0.573438,0.641406,0.600781,0.573438,0.615625,0.609375,0.641406,0.615625,0.565625,0.600781,0.609375,0.565625
001,95,0.560417,1.978474,0.517969,0.554688,0.589063,0.517969,0.552344,0.578906,0.554688,0.552344,0.569531,0.589063,0.578906,0.569531
001,95_001,0.753125,1.480348,0.773438,0.621094,0.770312,0.773438,0.697656,0.958594,0.621094,0.697656,0.697656,0.770312,0.958594,0.697656
001,95_010,0.642969,1.926220,0.564844,0.689063,0.639062,0.564844,0.602344,0.689063,0.689063,0.602344,0.673438,0.639062,0.689063,0.673438
001,95_011,0.719531,1.671405,0.640625,0.617188,0.642188,0.640625,0.783594,0.795312,0.617188,0.783594,0.838281,0.642188,0.795312,0.838281
001,95_100,0.624089,1.966339,0.656250,0.712500,0.580469,0.656250,0.601562,0.670312,0.712500,0.601562,0.523438,0.580469,0.670312,0.523438
001,95_101,0.647396,1.890453,0.668750,0.642188,0.731250,0.668750,0.706250,0.582812,0.642188,0.706250,0.553125,0.731250,0.582812,0.553125
001,95_110,0.609896,1.991284,0.644531,0.667188,0.623437,0.644531,0.624219,0.494531,0.667188,0.624219,0.605469,0.623437,0.494531,0.605469
001,95_codon,0.601302,1.967855,0.576562,0.614844,0.643750,0.576562,0.519531,0.626563,0.614844,0.519531,0.626563,0.643750,0.626563,0.626563
001,96,0.534245,1.990740,0.538281,0.521094,0.561719,0.538281,0.488281,0.531250,0.521094,0.488281,0.564844,0.561719,0.531250,0.564844
001,96_001,0.766667,1.476388,0.661719,0.845313,0.849219,0.661719,0.657031,0.662500,0.845313,0.657031,0.924219,0.849219,0.662500,0.924219
001,96_010,0.633984,1.952531,0.583594,0.679688,0.708594,0.583594,0.675781,0.537500,0.679688,0.675781,0.618750,0.708594,0.537500,0.618750
001,96_011,0.697786,1.739237,0.706250,0.651563,0.594531,0.706250,0.787500,0.707812,0.651563,0.787500,0.739062,0.594531,0.707812,0.739062
001,96_100,0.611458,1.968686,0.548438,0.660937,0.497656,0.548438,0.652344,0.716406,0.660937,0.652344,0.592969,0.497656,0.716406,0.592969
001,96_101,0.670833,1.844893,0.734375,0.617188,0.678125,0.734375,0.666406,0.737500,0.617188,0.666406,0.591406,0.678125,0.737500,0.591406
001,96_110,0.626042,1.998560,0.541406,0.575000,0.736719,0.541406,0.719531,0.575000,0.575000,0.719531,0.608594,0.736719,0.575000,0.608594
001,96_codon,0.636719,1.922996,0.672656,0.680469,0.535937,0.672656,0.700781,0.666406,0.680469,0.700781,0.564063,0.535937,0.666406,0.564063
001,97,0.557292,1.962595,0.544531,0.545312,0.533594,0.544531,0.560937,0.589844,0.545312,0.560937,0.569531,0.533594,0.589844,0.569531
001,97_001,0.775000,1.420127,0.662500,0.662500,0.662500,0.662500,0.962500,0.850000,0.662500,0.962500,0.850000,0.662500,0.850000,0.850000
001,97_010,0.630078,1.947898,0.520312,0.625000,0.689844,0.520312,0.678906,0.564844,0.625000,0.678906,0.701562,0.689844,0.564844,0.701562
001,97_011,0.722786,1.623299,0.681250,0.632812,0.706250,0.681250,0.690625,0.910937,0.632812,0.690625,0.714844,0.706250,0.910937,0.714844
001,97_100,0.610417,1.984894,0.658594,0.609375,0.667188,0.658594,0.699219,0.542969,0.609375,0.699219,0.485156,0.667188,0.542969,0.485156
001,97_101,0.725911,1.602440,0.782813,0.605469,0.911719,0.782813,0.645312,0.793750,0.605469,0.645312,0.616406,0.911719,0.793750,0.616406
001,97_110,0.628125,1.969930,0.645312,0.712500,0.639062,0.645312,0.589063,0.514062,0.712500,0.589063,0.668750,0.639062,0.514062,0.668750
001,97_codon,0.640104,1.953344,0.538281,0.717187,0.651563,0.538281,0.564063,0.684375,0.717187,0.564063,0.685156,0.651563,0.684375,0.685156
001,98,0.541667,1.984434,0.550781,0.520312,0.520312,0.550781,0.575781,0.535156,0.520312,0.575781,0.547656,0.520312,0.535156,0.547656
001,98_001,0.751823,1.481005,0.700781,0.621875,0.696875,0.700781,0.767969,0.957812,0.621875,0.767969,0.765625,0.696875,0.957812,0.765625
001,98_010,0.651042,1.796256,0.563281,0.682813,0.637500,0.563281,0.689844,0.578906,0.682813,0.689844,0.753906,0.637500,0.578906,0.753906
001,98_011,0.725391,1.565841,0.651563,0.673438,0.667969,0.651563,0.911719,0.710156,0.673438,0.911719,0.737500,0.667969,0.710156,0.737500
001,98_100,0.616406,1.969126,0.553125,0.500000,0.677344,0.553125,0.686719,0.666406,0.500000,0.686719,0.614844,0.677344,0.666406,0.614844
001,98_101,0.722526,1.544969,0.917969,0.700000,0.673438,0.917969,0.720313,0.695312,0.700000,0.720313,0.628125,0.673438,0.695312,0.628125
001,98_110,0.567969,1.961127,0.427344,0.453906,0.463281,0.427344,0.693750,0.636719,0.453906,0.693750,0.732812,0.463281,0.636719,0.732812
001,98_codon,0.631510,1.887684,0.646875,0.566406,0.578906,0.646875,0.642969,0.652344,0.566406,0.642969,0.701562,0.578906,0.652344,0.701562
001,99,0.556641,1.983135,0.607031,0.552344,0.510156,0.607031,0.578125,0.549219,0.552344,0.578125,0.542969,0.510156,0.549219,0.542969
001,99_001,0.754036,1.477655,0.771094,0.622656,0.771094,0.771094,0.698438,0.962500,0.622656,0.698438,0.698438,0.771094,0.962500,0.698438
001,99_010,0.652604,1.905955,0.550000,0.678125,0.660937,0.550000,0.604688,0.711719,0.678125,0.604688,0.710156,0.660937,0.711719,0.710156
001,99_011,0.700260,1.697880,0.661719,0.664844,0.702344,0.661719,0.681250,0.766406,0.664844,0.681250,0.725000,0.702344,0.766406,0.725000
001,99_100,0.622396,1.982792,0.553125,0.664062,0.500000,0.553125,0.674219,0.714844,0.664062,0.674219,0.628125,0.500000,0.714844,0.628125
001,99_101,0.673958,1.840132,0.724219,0.549219,0.675781,0.724219,0.710938,0.770312,0.549219,0.710938,0.613281,0.675781,0.770312,0.613281
001,99_110,0.607943,1.980317,0.649219,0.656250,0.534375,0.649219,0.632031,0.538281,0.656250,0.632031,0.637500,0.534375,0.538281,0.637500
001,99_codon,0.640234,1.834474,0.615625,0.674219,0.613281,0.615625,0.706250,0.622656,0.674219,0.706250,0.609375,0.613281,0.622656,0.609375
001,9_001,0.775000,1.420127,0.662500,0.850000,0.962500,0.662500,0.662500,0.662500,0.850000,0.662500,0.850000,0.962500,0.662500,0.850000
001,9_010,0.643099,1.909088,0.690625,0.597656,0.665625,0.690625,0.719531,0.630469,0.597656,0.719531,0.554688,0.665625,0.630469,0.554688
001,9_011,0.718750,1.671985,0.692969,0.787500,0.604688,0.692969,0.813281,0.738281,0.787500,0.813281,0.675781,0.604688,0.738281,0.675781
001,9_100,0.617708,1.974564,0.675000,0.695312,0.548438,0.675000,0.621094,0.669531,0.695312,0.621094,0.496875,0.548438,0.669531,0.496875
001,9_101,0.680339,1.713840,0.687500,0.593750,0.872656,0.687500,0.675000,0.666406,0.593750,0.675000,0.586719,0.872656,0.666406,0.586719
001,9_110,0.608333,1.990879,0.671094,0.585938,0.659375,0.671094,0.670312,0.570312,0.585938,0.670312,0.492969,0.659375,0.570312,0.492969
001,9_codon,0.605339,1.984004,0.547656,0.571875,0.697656,0.547656,0.621875,0.603125,0.571875,0.621875,0.589844,0.697656,0.603125,0.589844
001,k3_alphabetical,0.616406,1.981478,0.667969,0.543750,0.476562,0.667969,0.685156,0.614844,0.543750,0.685156,0.710156,0.476562,0.614844,0.710156
010,0,0.568229,1.973140,0.521094,0.577344,0.615625,0.521094,0.507812,0.613281,0.577344,0.507812,0.574219,0.615625,0.613281,0.574219
010,0_001,0.647526,1.886972,0.671094,0.628906,0.575781,0.671094,0.669531,0.617188,0.628906,0.669531,0.722656,0.575781,0.617188,0.722656
010,0_010,0.775000,1.420127,0.662500,0.850000,0.962500,0.662500,0.662500,0.662500,0.850000,0.662500,0.850000,0.962500,0.662500,0.850000
010,0_011,0.696224,1.728683,0.721094,0.725000,0.760938,0.721094,0.641406,0.654687,0.725000,0.641406,0.674219,0.760938,0.654687,0.674219
010,0_100,0.649740,1.913766,0.561719,0.596094,0.708594,0.561719,0.679688,0.653125,0.596094,0.679688,0.699219,0.708594,0.653125,0.699219
010,0_101,0.633464,1.951326,0.541406,0.653906,0.543750,0.541406,0.680469,0.712500,0.653906,0.680469,0.668750,0.543750,0.712500,0.668750
010,0_110,0.749219,1.541149,0.643750,0.812500,0.914062,0.643750,0.657813,0.646094,0.812500,0.657813,0.821094,0.914062,0.646094,0.821094
010,0_codon,0.742448,1.559738,0.650000,0.848437,0.839063,0.650000,0.653906,0.653125,0.848437,0.653906,0.810156,0.839063,0.653125,0.810156
010,1,0.566016,1.941779,0.579688,0.546094,0.582812,0.579688,0.515625,0.588281,0.546094,0.515625,0.583594,0.582812,0.588281,0.583594
010,10,0.556771,1.988755,0.531250,0.592187,0.524219,0.531250,0.496094,0.592969,0.592187,0.496094,0.603906,0.524219,0.592969,0.603906
010,10_001,0.645964,1.911775,0.671094,0.701562,0.581250,0.671094,0.653906,0.710938,0.701562,0.653906,0.557031,0.581250,0.710938,0.557031
010,10_010,0.773958,1.421525,0.848437,0.662500,0.850000,0.848437,0.661719,0.959375,0.662500,0.661719,0.661719,0.850000,0.959375,0.661719
010,10_011,0.728516,1.582401,0.742188,0.692187,0.902344,0.742188,0.628125,0.731250,0.692187,0.628125,0.675000,0.902344,0.731250,0.675000
010,10_100,0.663672,1.868684,0.631250,0.687500,0.674219,0.631250,0.737500,0.604688,0.687500,0.737500,0.646875,0.674219,0.604688,0.646875
010,10_101,0.615885,1.946033,0.610156,0.602344,0.564063,0.610156,0.672656,0.558594,0.602344,0.672656,0.687500,0.564063,0.558594,0.687500
010,10_110,0.755339,1.512916,0.834375,0.653906,0.845313,0.834375,0.646094,0.901563,0.653906,0.646094,0.650781,0.845313,0.901563,0.650781
010,10_codon,0.719401,1.598770,0.680469,0.885938,0.750000,0.680469,0.644531,0.654687,0.885938,0.644531,0.700781,0.750000,0.654687,0.700781
010,11,0.587891,1.930973,0.607031,0.548438,0.614844,0.607031,0.566406,0.609375,0.548438,0.566406,0.581250,0.614844,0.609375,0.581250
010,11_001,0.647917,1.923953,0.714844,0.642188,0.687500,0.714844,0.560156,0.592187,0.642188,0.560156,0.690625,0.687500,0.592187,0.690625
010,11_010,0.773177,1.422906,0.957812,0.661719,0.847656,0.957812,0.660156,0.849219,0.661719,0.660156,0.662500,0.847656,0.849219,0.662500
010,11_011,0.718880,1.614809,0.895312,0.667188,0.692969,0.895312,0.684375,0.716406,0.667188,0.684375,0.657031,0.692969,0.716406,0.657031
010,11_100,0.652344,1.881280,0.713281,0.568750,0.607812,0.713281,0.644531,0.685937,0.568750,0.644531,0.693750,0.607812,0.685937,0.693750
010,11_101,0.627604,1.940790,0.606250,0.564844,0.642969,0.606250,0.665625,0.635938,0.564844,0.665625,0.650000,0.642969,0.635938,0.650000
010,11_110,0.730339,1.565212,0.735938,0.678125,0.929688,0.735938,0.623437,0.735156,0.678125,0.623437,0.679688,0.929688,0.735156,0.679688
010,11_codon,0.723958,1.578333,0.829688,0.686719,0.821094,0.829688,0.639844,0.741406,0.686719,0.639844,0.625000,0.821094,0.741406,0.625000
010,12,0.582812,1.957958,0.518750,0.614062,0.577344,0.518750,0.569531,0.614062,0.614062,0.569531,0.603125,0.577344,0.614062,0.603125
010,12_001,0.635807,1.926798,0.585938,0.696094,0.673438,0.585938,0.536719,0.703125,0.696094,0.536719,0.619531,0.673438,0.703125,0.619531
010,12_010,0.775000,1.420127,0.850000,0.662500,0.850000,0.850000,0.662500,0.962500,0.662500,0.662500,0.662500,0.850000,0.962500,0.662500
010,12_011,0.698698,1.735771,0.643750,0.687500,0.730469,0.643750,0.652344,0.753906,0.687500,0.652344,0.724219,0.730469,0.753906,0.724219
010,12_100,0.653516,1.868145,0.657031,0.728125,0.665625,0.657031,0.585938,0.645312,0.728125,0.585938,0.639062,0.665625,0.645312,0.639062
010,12_101,0.629557,1.950091,0.556250,0.707812,0.639844,0.556250,0.555469,0.674219,0.707812,0.555469,0.643750,0.639844,0.674219,0.643750
010,12_110,0.726432,1.560902,0.688281,0.649219,0.713281,0.688281,0.684375,0.915625,0.649219,0.684375,0.707812,0.713281,0.915625,0.707812
010,12_codon,0.710156,1.620130,0.720313,0.687500,0.816406,0.720313,0.605469,0.756250,0.687500,0.605469,0.675000,0.816406,0.756250,0.675000
010,13,0.593490,1.909705,0.623437,0.555469,0.632812,0.623437,0.554688,0.637500,0.555469,0.554688,0.557031,0.632812,0.637500,0.557031
010,13_001,0.657422,1.867350,0.607031,0.698438,0.689063,0.607031,0.570312,0.728125,0.698438,0.570312,0.651563,0.689063,0.728125,0.651563
010,13_010,0.775000,1.420127,0.850000,0.662500,0.962500,0.850000,0.662500,0.850000,0.662500,0.662500,0.662500,0.962500,0.850000,0.662500
010,13_011,0.744401,1.547632,0.837500,0.648438,0.813281,0.837500,0.639844,0.875781,0.648438,0.639844,0.651563,0.813281,0.875781,0.651563
010,13_100,0.647917,1.848638,0.635156,0.603125,0.718750,0.635156,0.641406,0.657813,0.603125,0.641406,0.631250,0.718750,0.657813,0.631250
010,13_101,0.627995,1.935741,0.534375,0.633594,0.583594,0.534375,0.646094,0.671094,0.633594,0.646094,0.699219,0.583594,0.671094,0.699219
010,13_110,0.716667,1.652513,0.782813,0.632031,0.757031,0.782813,0.699219,0.773438,0.632031,0.699219,0.655469,0.757031,0.773438,0.655469
010,13_codon,0.709766,1.629327,0.857812,0.676562,0.725781,0.857812,0.675781,0.689844,0.676562,0.675781,0.632812,0.725781,0.689844,0.632812
010,14,0.562630,1.942399,0.600781,0.571875,0.565625,0.600781,0.557813,0.532813,0.571875,0.557813,0.546875,0.565625,0.532813,0.546875
010,14_001,0.639193,1.932654,0.646094,0.693750,0.707031,0.646094,0.656250,0.557813,0.693750,0.656250,0.574219,0.707031,0.557813,0.574219
010,14_010,0.772005,1.422912,0.843750,0.660937,0.958594,0.843750,0.659375,0.846094,0.660937,0.659375,0.663281,0.958594,0.846094,0.663281
010,14_011,0.726693,1.580857,0.727344,0.696875,0.903125,0.727344,0.617969,0.722656,0.696875,0.617969,0.692187,0.903125,0.722656,0.692187
010,14_100,0.645312,1.885428,0.602344,0.564063,0.709375,0.602344,0.653906,0.691406,0.564063,0.653906,0.650781,0.709375,0.691406,0.650781
010,14_101,0.640885,1.911479,0.715625,0.676562,0.557031,0.715625,0.679688,0.560156,0.676562,0.679688,0.656250,0.557031,0.560156,0.656250
010,14_110,0.701823,1.679737,0.721875,0.703906,0.823438,0.721875,0.604688,0.659375,0.703906,0.604688,0.697656,0.823438,0.659375,0.697656
010,14_codon,0.738281,1.508052,0.688281,0.878906,0.807813,0.688281,0.646875,0.653906,0.878906,0.646875,0.753906,0.807813,0.653906,0.753906
010,15,0.582031,1.949918,0.585938,0.572656,0.622656,0.585938,0.545312,0.588281,0.572656,0.545312,0.577344,0.622656,0.588281,0.577344
010,15_001,0.654036,1.862750,0.666406,0.703906,0.590625,0.666406,0.657031,0.732812,0.703906,0.657031,0.573438,0.590625,0.732812,0.573438
010,15_010,0.773958,1.421525,0.661719,0.850000,0.849219,0.661719,0.661719,0.660937,0.850000,0.661719,0.960156,0.849219,0.660937,0.960156
010,15_011,0.738542,1.569580,0.657031,0.643750,0.636719,0.657031,0.815625,0.828906,0.643750,0.815625,0.849219,0.636719,0.828906,0.849219
010,15_100,0.645443,1.907988,0.635156,0.705469,0.697656,0.635156,0.556250,0.688281,0.705469,0.556250,0.589844,0.697656,0.688281,0.589844
010,15_101,0.625521,1.983842,0.679688,0.634375,0.639844,0.679688,0.614844,0.651563,0.634375,0.614844,0.532813,0.639844,0.651563,0.532813
010,15_110,0.690495,1.777426,0.703906,0.753125,0.728125,0.703906,0.625000,0.675781,0.753125,0.625000,0.657031,0.728125,0.675781,0.657031
010,15_codon,0.752474,1.506986,0.647656,0.913281,0.837500,0.647656,0.642969,0.654687,0.913281,0.642969,0.818750,0.837500,0.654687,0.818750
010,16,0.551432,1.964987,0.559375,0.551562,0.584375,0.559375,0.545312,0.514062,0.551562,0.545312,0.553906,0.584375,0.514062,0.553906
010,16_001,0.650781,1.902315,0.555469,0.604688,0.713281,0.555469,0.694531,0.648438,0.604688,0.694531,0.688281,0.713281,0.648438,0.688281
010,16_010,0.775000,1.420127,0.962500,0.662500,0.850000,0.962500,0.662500,0.850000,0.662500,0.662500,0.662500,0.850000,0.850000,0.662500
010,16_011,0.739193,1.552863,0.650781,0.800781,0.878906,0.650781,0.640625,0.635938,0.800781,0.640625,0.828125,0.878906,0.635938,0.828125
010,16_100,0.639453,1.910037,0.621875,0.702344,0.669531,0.621875,0.553125,0.701562,0.702344,0.553125,0.588281,0.669531,0.701562,0.588281
010,16_101,0.633724,1.959396,0.651563,0.590625,0.721875,0.651563,0.646875,0.633594,0.590625,0.646875,0.557813,0.721875,0.633594,0.557813
010,16_110,0.730469,1.529870,0.669531,0.722656,0.923438,0.669531,0.653125,0.682031,0.722656,0.653125,0.732031,0.923438,0.682031,0.732031
010,16_codon,0.739714,1.526487,0.878125,0.871094,0.632812,0.878125,0.792969,0.621875,0.871094,0.792969,0.641406,0.632812,0.621875,0.641406
010,17,0.569792,1.952537,0.615625,0.503125,0.578906,0.615625,0.560156,0.555469,0.503125,0.560156,0.605469,0.578906,0.555469,0.605469
010,17_001,0.664453,1.817637,0.592187,0.642188,0.781250,0.592187,0.632031,0.652344,0.642188,0.632031,0.686719,0.781250,0.652344,0.686719
010,17_010,0.773828,1.421062,0.662500,0.660937,0.661719,0.662500,0.960938,0.849219,0.660937,0.960938,0.847656,0.661719,0.849219,0.847656
010,17_011,0.739323,1.546537,0.817969,0.635938,0.800781,0.817969,0.642188,0.909375,0.635938,0.642188,0.629687,0.800781,0.909375,0.629687
010,17_100,0.636979,1.926133,0.550000,0.630469,0.663281,0.550000,0.702344,0.596094,0.630469,0.702344,0.679688,0.663281,0.596094,0.679688
010,17_101,0.624870,1.974121,0.525000,0.593750,0.639062,0.525000,0.682031,0.642969,0.593750,0.682031,0.666406,0.639062,0.642969,0.666406
010,17_110,0.729427,1.646600,0.817187,0.636719,0.818750,0.817187,0.650000,0.800000,0.636719,0.650000,0.653906,0.818750,0.800000,0.653906
010,17_codon,0.679818,1.826072,0.669531,0.675000,0.686719,0.669531,0.646875,0.771094,0.675000,0.646875,0.629687,0.686719,0.771094,0.629687
010,18,0.612109,1.922071,0.586719,0.567187,0.622656,0.586719,0.600000,0.673438,0.567187,0.600000,0.622656,0.622656,0.673438,0.622656
010,18_001,0.640365,1.894508,0.723437,0.670312,0.617969,0.723437,0.600781,0.565625,0.670312,0.600781,0.664062,0.617969,0.565625,0.664062
010,18_010,0.775000,1.420127,0.662500,0.662500,0.662500,0.662500,0.962500,0.850000,0.662500,0.962500,0.850000,0.662500,0.850000,0.850000
010,18_011,0.702083,1.709215,0.717969,0.589063,0.697656,0.717969,0.725000,0.828906,0.589063,0.725000,0.653906,0.697656,0.828906,0.653906
010,18_100,0.651823,1.895661,0.623437,0.689844,0.677344,0.623437,0.582812,0.721875,0.689844,0.582812,0.615625,0.677344,0.721875,0.615625
010,18_101,0.618750,1.937754,0.597656,0.562500,0.621875,0.597656,0.586719,0.714063,0.562500,0.586719,0.629687,0.621875,0.714063,0.629687
010,18_110,0.739844,1.562680,0.635156,0.652344,0.643750,0.635156,0.853125,0.797656,0.652344,0.853125,0.857031,0.643750,0.797656,0.857031
010,18_codon,0.699089,1.704546,0.695312,0.720313,0.620313,0.695312,0.825000,0.679688,0.720313,0.825000,0.653906,0.620313,0.679688,0.653906
010,19,0.601953,1.859082,0.527344,0.576562,0.598437,0.527344,0.596875,0.610938,0.576562,0.596875,0.701562,0.598437,0.610938,0.701562
010,19_001,0.645703,1.898691,0.655469,0.686719,0.582031,0.655469,0.661719,0.708594,0.686719,0.661719,0.579688,0.582031,0.708594,0.579688
010,19_010,0.775000,1.420127,0.662500,0.662500,0.662500,0.662500,0.850000,0.850000,0.662500,0.850000,0.962500,0.662500,0.850000,0.962500
010,19_011,0.732422,1.524859,0.656250,0.678125,0.691406,0.656250,0.717187,0.727344,0.678125,0.717187,0.924219,0.691406,0.727344,0.924219
010,19_100,0.631120,1.907042,0.668750,0.669531,0.596094,0.668750,0.631250,0.690625,0.669531,0.631250,0.530469,0.596094,0.690625,0.530469
010,19_101,0.611589,1.991479,0.573438,0.565625,0.725000,0.573438,0.672656,0.570312,0.565625,0.672656,0.562500,0.725000,0.570312,0.562500
010,19_110,0.691927,1.774968,0.666406,0.746094,0.654687,0.666406,0.720313,0.627344,0.746094,0.720313,0.736719,0.654687,0.627344,0.736719
010,19_codon,0.715365,1.597750,0.647656,0.771094,0.788281,0.647656,0.666406,0.634375,0.771094,0.666406,0.784375,0.788281,0.634375,0.784375
010,1_001,0.647005,1.897941,0.603125,0.568750,0.719531,0.603125,0.676562,0.677344,0.568750,0.676562,0.636719,0.719531,0.677344,0.636719
010,1_010,0.773958,1.421525,0.849219,0.660937,0.960156,0.849219,0.661719,0.850000,0.660937,0.661719,0.661719,0.960156,0.850000,0.661719
010,1_011,0.710938,1.645666,0.736719,0.682813,0.846094,0.736719,0.632812,0.721875,0.682813,0.632812,0.645312,0.846094,0.721875,0.645312
010,1_100,0.666797,1.804950,0.776563,0.693750,0.671094,0.776563,0.616406,0.578125,0.693750,0.616406,0.664844,0.671094,0.578125,0.664844
010,1_101,0.633203,1.960947,0.536719,0.625781,0.592187,0.536719,0.656250,0.687500,0.625781,0.656250,0.700781,0.592187,0.687500,0.700781
010,1_110,0.761458,1.487811,0.843750,0.653125,0.928125,0.843750,0.659375,0.831250,0.653125,0.659375,0.653125,0.928125,0.831250,0.653125
010,1_codon,0.719010,1.574649,0.696094,0.710938,0.895312,0.696094,0.603906,0.720313,0.710938,0.603906,0.687500,0.895312,0.720313,0.687500
010,2,0.551562,1.997575,0.567969,0.552344,0.558594,0.567969,0.532813,0.576562,0.552344,0.532813,0.521094,0.558594,0.576562,0.521094
010,20,0.579557,1.920094,0.617188,0.604688,0.601562,0.617188,0.559375,0.525781,0.604688,0.559375,0.568750,0.601562,0.525781,0.568750
010,20_001,0.636068,1.951778,0.689844,0.542969,0.585938,0.689844,0.630469,0.665625,0.542969,0.630469,0.701562,0.585938,0.665625,0.701562
010,20_010,0.775000,1.420127,0.850000,0.962500,0.662500,0.850000,0.850000,0.662500,0.962500,0.850000,0.662500,0.662500,0.662500,0.662500
010,20_011,0.712760,1.649368,0.819531,0.752344,0.641406,0.819531,0.737500,0.690625,0.752344,0.737500,0.635156,0.641406,0.690625,0.635156
010,20_100,0.650391,1.861686,0.621875,0.689844,0.651563,0.621875,0.721875,0.564844,0.689844,0.721875,0.652344,0.651563,0.564844,0.652344
010,20_101,0.646484,1.918951,0.577344,0.741406,0.671875,0.577344,0.571875,0.659375,0.741406,0.571875,0.657031,0.671875,0.659375,0.657031
010,20_110,0.710807,1.635966,0.836719,0.775781,0.626563,0.836719,0.757031,0.623437,0.775781,0.757031,0.645312,0.626563,0.623437,0.645312
010,20_codon,0.743620,1.519110,0.872656,0.852344,0.644531,0.872656,0.804688,0.642188,0.852344,0.804688,0.645312,0.644531,0.642188,0.645312
010,21,0.580599,1.916242,0.672656,0.612500,0.528906,0.672656,0.607031,0.564063,0.612500,0.607031,0.498437,0.528906,0.564063,0.498437
010,21_001,0.647005,1.870126,0.710938,0.614844,0.583594,0.710938,0.670312,0.638281,0.614844,0.670312,0.664062,0.583594,0.638281,0.664062
010,21_010,0.775000,1.420127,0.850000,0.962500,0.662500,0.850000,0.850000,0.662500,0.962500,0.850000,0.662500,0.662500,0.662500,0.662500
010,21_011,0.722917,1.651063,0.800000,0.837500,0.646875,0.800000,0.795312,0.639844,0.837500,0.795312,0.617969,0.646875,0.639844,0.617969
010,21_100,0.659115,1.875222,0.614062,0.693750,0.652344,0.614062,0.608594,0.742188,0.693750,0.608594,0.643750,0.652344,0.742188,0.643750
010,21_101,0.622656,1.952246,0.541406,0.756250,0.597656,0.541406,0.610156,0.631250,0.756250,0.610156,0.599219,0.597656,0.631250,0.599219
010,21_110,0.722656,1.603311,0.735156,0.900781,0.669531,0.735156,0.717969,0.656250,0.900781,0.717969,0.656250,0.669531,0.656250,0.656250
010,21_codon,0.758594,1.497928,0.845313,0.931250,0.640625,0.845313,0.842969,0.646094,0.931250,0.842969,0.645312,0.640625,0.646094,0.645312
010,22,0.595313,1.979637,0.646875,0.583594,0.623437,0.646875,0.585156,0.593750,0.583594,0.585156,0.539062,0.623437,0.593750,0.539062
010,22_001,0.643099,1.912170,0.646875,0.552344,0.675000,0.646875,0.646875,0.694531,0.552344,0.646875,0.642969,0.675000,0.694531,0.642969
010,22_010,0.775000,1.420127,0.850000,0.962500,0.662500,0.850000,0.850000,0.662500,0.962500,0.850000,0.662500,0.662500,0.662500,0.662500
010,22_011,0.699870,1.686121,0.639844,0.793750,0.804688,0.639844,0.657813,0.621094,0.793750,0.657813,0.682031,0.804688,0.621094,0.682031
010,22_100,0.648698,1.885209,0.565625,0.735156,0.616406,0.565625,0.639844,0.659375,0.735156,0.639844,0.675781,0.616406,0.659375,0.675781
010,22_101,0.628776,1.939717,0.543750,0.658594,0.615625,0.543750,0.655469,0.627344,0.658594,0.655469,0.671875,0.615625,0.627344,0.671875
010,22_110,0.685547,1.767209,0.790625,0.692187,0.683594,0.790625,0.656250,0.650000,0.692187,0.656250,0.640625,0.683594,0.650000,0.640625
010,22_codon,0.711849,1.604985,0.690625,0.898438,0.733594,0.690625,0.650781,0.609375,0.898438,0.650781,0.688281,0.733594,0.609375,0.688281
010,23,0.553516,1.969388,0.526563,0.571875,0.528125,0.526563,0.567187,0.596875,0.571875,0.567187,0.530469,0.528125,0.596875,0.530469
010,23_001,0.658073,1.855521,0.622656,0.758594,0.658594,0.622656,0.606250,0.653125,0.758594,0.606250,0.649219,0.658594,0.653125,0.649219
010,23_010,0.775000,1.420127,0.662500,0.662500,0.662500,0.662500,0.962500,0.850000,0.662500,0.962500,0.850000,0.662500,0.850000,0.850000
010,23_011,0.737500,1.537512,0.946875,0.705469,0.721094,0.946875,0.705469,0.721094,0.705469,0.705469,0.625000,0.721094,0.721094,0.625000
010,23_100,0.649349,1.916518,0.654687,0.712500,0.685937,0.654687,0.571875,0.676562,0.712500,0.571875,0.594531,0.685937,0.676562,0.594531
010,23_101,0.632422,1.933497,0.545312,0.667969,0.675781,0.545312,0.681250,0.558594,0.667969,0.681250,0.665625,0.675781,0.558594,0.665625
010,23_110,0.700781,1.706044,0.690625,0.801562,0.707031,0.690625,0.752344,0.583594,0.801562,0.752344,0.669531,0.707031,0.583594,0.669531
010,23_codon,0.714974,1.595011,0.821094,0.838281,0.647656,0.821094,0.701562,0.600000,0.838281,0.701562,0.681250,0.647656,0.600000,0.681250
010,24,0.565755,1.962588,0.513281,0.574219,0.546094,0.513281,0.587500,0.596875,0.574219,0.587500,0.576562,0.546094,0.596875,0.576562
010,24_001,0.651302,1.898137,0.581250,0.613281,0.728906,0.581250,0.695312,0.617969,0.613281,0.695312,0.671094,0.728906,0.617969,0.671094
010,24_010,0.775000,1.420127,0.662500,0.662500,0.662500,0.662500,0.962500,0.850000,0.662500,0.962500,0.850000,0.662500,0.850000,0.850000
010,24_011,0.689193,1.731442,0.656250,0.645312,0.723437,0.656250,0.631250,0.684375,0.645312,0.631250,0.794531,0.723437,0.684375,0.794531
010,24_100,0.646094,1.921631,0.669531,0.696875,0.640625,0.669531,0.586719,0.725000,0.696875,0.586719,0.557813,0.640625,0.725000,0.557813
010,24_101,0.620703,1.979637,0.674219,0.508594,0.589844,0.674219,0.587500,0.657813,0.508594,0.587500,0.706250,0.589844,0.657813,0.706250
010,24_110,0.700521,1.704102,0.757031,0.663281,0.684375,0.757031,0.757812,0.701562,0.663281,0.757812,0.639062,0.684375,0.701562,0.639062
010,24_codon,0.720052,1.578471,0.745313,0.842969,0.663281,0.745313,0.775000,0.631250,0.842969,0.775000,0.662500,0.663281,0.631250,0.662500
010,25,0.576042,1.941543,0.609375,0.649219,0.535937,0.609375,0.570312,0.523438,0.649219,0.570312,0.567969,0.535937,0.523438,0.567969
010,25_001,0.658203,1.865289,0.728906,0.660156,0.717187,0.728906,0.568750,0.609375,0.660156,0.568750,0.664844,0.717187,0.609375,0.664844
010,25_010,0.775000,1.420127,0.850000,0.962500,0.662500,0.850000,0.850000,0.662500,0.962500,0.850000,0.662500,0.662500,0.662500,0.662500
010,25_011,0.713672,1.641614,0.705469,0.710938,0.661719,0.705469,0.905469,0.642188,0.710938,0.905469,0.656250,0.661719,0.642188,0.656250
010,25_100,0.646745,1.910312,0.700000,0.701562,0.650000,0.700000,0.598437,0.681250,0.701562,0.598437,0.549219,0.650000,0.681250,0.549219
010,25_101,0.635938,1.920645,0.559375,0.690625,0.681250,0.559375,0.610938,0.600000,0.690625,0.610938,0.673438,0.681250,0.600000,0.673438
010,25_110,0.719401,1.601105,0.650000,0.653906,0.681250,0.650000,0.699219,0.734375,0.653906,0.699219,0.897656,0.681250,0.734375,0.897656
010,25_codon,0.717057,1.647644,0.825781,0.808594,0.673438,0.825781,0.743750,0.638281,0.808594,0.743750,0.612500,0.673438,0.638281,0.612500
010,26,0.558464,1.989366,0.562500,0.607812,0.551562,0.562500,0.537500,0.525781,0.607812,0.537500,0.565625,0.551562,0.525781,0.565625
010,26_001,0.651432,1.877447,0.652344,0.691406,0.553906,0.652344,0.710156,0.704688,0.691406,0.710156,0.596094,0.553906,0.704688,0.596094
010,26_010,0.775000,1.420127,0.662500,0.850000,0.962500,0.662500,0.662500,0.662500,0.850000,0.662500,0.850000,0.962500,0.662500,0.850000
010,26_011,0.688542,1.783464,0.707031,0.729688,0.704688,0.707031,0.621875,0.714063,0.729688,0.621875,0.653906,0.704688,0.714063,0.653906
010,26_100,0.652604,1.870136,0.699219,0.692187,0.600781,0.699219,0.657031,0.714063,0.692187,0.657031,0.552344,0.600781,0.714063,0.552344
010,26_101,0.611979,1.972194,0.644531,0.649219,0.528906,0.644531,0.657031,0.582812,0.649219,0.657031,0.609375,0.528906,0.582812,0.609375
010,26_110,0.691146,1.787005,0.655469,0.740625,0.682813,0.655469,0.664844,0.703906,0.740625,0.664844,0.699219,0.682813,0.703906,0.699219
010,26_codon,0.728516,1.535388,0.701562,0.908594,0.737500,0.701562,0.667969,0.660937,0.908594,0.667969,0.694531,0.737500,0.660937,0.694531
010,27,0.587630,1.936804,0.607812,0.526563,0.570312,0.607812,0.600781,0.636719,0.526563,0.600781,0.583594,0.570312,0.636719,0.583594
010,27_001,0.639193,1.939108,0.692187,0.582812,0.547656,0.692187,0.674219,0.635156,0.582812,0.674219,0.703125,0.547656,0.635156,0.703125
010,27_010,0.775000,1.420127,0.662500,0.662500,0.662500,0.662500,0.962500,0.850000,0.662500,0.962500,0.850000,0.662500,0.850000,0.850000
010,27_011,0.717839,1.609173,0.672656,0.655469,0.646094,0.672656,0.888281,0.735156,0.655469,0.888281,0.709375,0.646094,0.735156,0.709375
010,27_100,0.639714,1.908207,0.532031,0.660156,0.696875,0.532031,0.683594,0.581250,0.660156,0.683594,0.684375,0.696875,0.581250,0.684375
010,27_101,0.638151,1.930275,0.557031,0.700000,0.646094,0.557031,0.567187,0.695312,0.700000,0.567187,0.663281,0.646094,0.695312,0.663281
010,27_110,0.702734,1.721746,0.698438,0.614844,0.695312,0.698438,0.718750,0.805469,0.614844,0.718750,0.683594,0.695312,0.805469,0.683594
010,27_codon,0.741667,1.522877,0.867969,0.844531,0.646094,0.867969,0.801562,0.642188,0.844531,0.801562,0.647656,0.646094,0.642188,0.647656
010,28,0.589193,1.901427,0.603125,0.584375,0.571094,0.603125,0.591406,0.625000,0.584375,0.591406,0.560156,0.571094,0.625000,0.560156
010,28_001,0.656901,1.877952,0.735156,0.662500,0.637500,0.735156,0.614844,0.589844,0.662500,0.614844,0.701562,0.637500,0.589844,0.701562
010,28_010,0.775000,1.420127,0.962500,0.850000,0.662500,0.962500,0.850000,0.662500,0.850000,0.850000,0.662500,0.662500,0.662500,0.662500
010,28_011,0.724219,1.606431,0.700781,0.655469,0.710156,0.700781,0.687500,0.903906,0.655469,0.687500,0.687500,0.710156,0.903906,0.687500
010,28_100,0.644401,1.893750,0.568750,0.657813,0.632031,0.568750,0.610938,0.717187,0.657813,0.610938,0.679688,0.632031,0.717187,0.679688
010,28_101,0.610417,1.967683,0.663281,0.543750,0.650781,0.663281,0.596094,0.597656,0.543750,0.596094,0.610938,0.650781,0.597656,0.610938
010,28_110,0.707682,1.662671,0.712500,0.790625,0.693750,0.712500,0.745313,0.617969,0.790625,0.745313,0.685937,0.693750,0.617969,0.685937
010,28_codon,0.737370,1.523272,0.910937,0.810156,0.642188,0.910937,0.811719,0.635156,0.810156,0.811719,0.614062,0.642188,0.635156,0.614062
010,29,0.537500,1.968899,0.510156,0.558594,0.527344,0.510156,0.496875,0.539062,0.558594,0.496875,0.592969,0.527344,0.539062,0.592969
010,29_001,0.642188,1.911311,0.546094,0.706250,0.585156,0.546094,0.625000,0.714844,0.706250,0.625000,0.675781,0.585156,0.714844,0.675781
010,29_010,0.757292,1.483245,0.646875,0.821875,0.859375,0.646875,0.659375,0.662500,0.821875,0.659375,0.893750,0.859375,0.662500,0.893750
010,29_011,0.719531,1.616577,0.729688,0.901563,0.657031,0.729688,0.719531,0.657031,0.901563,0.719531,0.652344,0.657031,0.657031,0.652344
010,29_100,0.640755,1.920118,0.533594,0.654687,0.689844,0.533594,0.693750,0.579688,0.654687,0.693750,0.692969,0.689844,0.579688,0.692969
010,29_101,0.637760,1.922715,0.693750,0.593750,0.682031,0.693750,0.558594,0.643750,0.593750,0.558594,0.654687,0.682031,0.643750,0.654687
010,29_110,0.708724,1.688476,0.664844,0.616406,0.659375,0.664844,0.776563,0.822656,0.616406,0.776563,0.712500,0.659375,0.822656,0.712500
010,29_codon,0.732552,1.522575,0.717187,0.936719,0.695312,0.717187,0.721094,0.623437,0.936719,0.721094,0.701562,0.695312,0.623437,0.701562
010,2_001,0.652865,1.872478,0.572656,0.646875,0.670312,0.572656,0.729688,0.610938,0.646875,0.729688,0.686719,0.670312,0.610938,0.686719
010,2_010,0.775000,1.420127,0.662500,0.850000,0.850000,0.662500,0.662500,0.662500,0.850000,0.662500,0.962500,0.850000,0.662500,0.962500
010,2_011,0.715625,1.672359,0.782031,0.771875,0.703906,0.782031,0.757031,0.621094,0.771875,0.757031,0.657813,0.703906,0.621094,0.657813
010,2_100,0.645312,1.899784,0.650781,0.699219,0.689063,0.650781,0.554688,0.677344,0.699219,0.554688,0.600781,0.689063,0.677344,0.600781
010,2_101,0.648958,1.884935,0.604688,0.656250,0.679688,0.604688,0.654687,0.610156,0.656250,0.654687,0.688281,0.679688,0.610156,0.688281
010,2_110,0.687109,1.780599,0.651563,0.664062,0.703125,0.651563,0.763281,0.671094,0.664062,0.763281,0.669531,0.703125,0.671094,0.669531
010,2_codon,0.750521,1.510514,0.657031,0.901563,0.839844,0.657031,0.641406,0.648438,0.901563,0.641406,0.814844,0.839844,0.648438,0.814844
010,3,0.568229,1.963476,0.575000,0.578125,0.534375,0.575000,0.565625,0.565625,0.578125,0.565625,0.590625,0.534375,0.565625,0.590625
010,30,0.584115,1.986593,0.602344,0.603906,0.550781,0.602344,0.608594,0.560937,0.603906,0.608594,0.578125,0.550781,0.560937,0.578125
010,30_001,0.636198,1.910755,0.599219,0.682813,0.659375,0.599219,0.695312,0.539062,0.682813,0.695312,0.641406,0.659375,0.539062,0.641406
010,30_010,0.775000,1.420127,0.662500,0.662500,0.662500,0.662500,0.850000,0.962500,0.662500,0.850000,0.850000,0.662500,0.962500,0.850000
010,30_011,0.723307,1.603910,0.709375,0.736719,0.632812,0.709375,0.906250,0.661719,0.736719,0.906250,0.692969,0.632812,0.661719,0.692969
010,30_100,0.644922,1.908892,0.628906,0.665625,0.592187,0.628906,0.690625,0.668750,0.665625,0.690625,0.623437,0.592187,0.668750,0.623437
010,30_101,0.625130,1.946040,0.612500,0.647656,0.583594,0.612500,0.652344,0.568750,0.647656,0.652344,0.685937,0.583594,0.568750,0.685937
010,30_110,0.688021,1.774518,0.719531,0.620313,0.631250,0.719531,0.686719,0.753906,0.620313,0.686719,0.716406,0.631250,0.753906,0.716406
010,30_codon,0.742839,1.538295,0.656250,0.850781,0.848437,0.656250,0.642969,0.654687,0.850781,0.642969,0.803906,0.848437,0.654687,0.803906
010,31,0.583594,1.959860,0.594531,0.603125,0.532031,0.594531,0.570312,0.596875,0.603125,0.570312,0.604688,0.532031,0.596875,0.604688
010,31_001,0.650651,1.887483,0.569531,0.646875,0.682813,0.569531,0.728906,0.600781,0.646875,0.728906,0.675000,0.682813,0.600781,0.675000
010,31_010,0.775000,1.420127,0.662500,0.662500,0.662500,0.662500,0.850000,0.962500,0.662500,0.850000,0.850000,0.662500,0.962500,0.850000
010,31_011,0.682031,1.720790,0.782813,0.634375,0.638281,0.782813,0.703906,0.696094,0.634375,0.703906,0.636719,0.638281,0.696094,0.636719
010,31_100,0.638281,1.937733,0.685937,0.677344,0.552344,0.685937,0.671094,0.557813,0.677344,0.671094,0.685156,0.552344,0.557813,0.685156
010,31_101,0.621224,1.961522,0.686719,0.553906,0.671094,0.686719,0.632031,0.649219,0.553906,0.632031,0.534375,0.671094,0.649219,0.534375
010,31_110,0.719922,1.597977,0.670312,0.706250,0.717187,0.670312,0.660156,0.664062,0.706250,0.660156,0.901563,0.717187,0.664062,0.901563
010,31_codon,0.727995,1.586407,0.846875,0.820312,0.675781,0.846875,0.739062,0.650781,0.820312,0.739062,0.635156,0.675781,0.650781,0.635156
010,32,0.573568,1.963899,0.523438,0.579688,0.515625,0.523438,0.591406,0.596875,0.579688,0.591406,0.634375,0.515625,0.596875,0.634375
010,32_001,0.641016,1.950029,0.531250,0.653125,0.721094,0.531250,0.682813,0.573438,0.653125,0.682813,0.684375,0.721094,0.573438,0.684375
010,32_010,0.775000,1.420127,0.662500,0.662500,0.662500,0.662500,0.850000,0.962500,0.662500,0.850000,0.850000,0.662500,0.962500,0.850000
010,32_011,0.717187,1.702046,0.682813,0.671875,0.596875,0.682813,0.848437,0.721875,0.671875,0.848437,0.781250,0.596875,0.721875,0.781250
010,32_100,0.643490,1.882135,0.660937,0.649219,0.546875,0.660937,0.692969,0.600000,0.649219,0.692969,0.710938,0.546875,0.600000,0.710938
010,32_101,0.641927,1.909298,0.713281,0.665625,0.565625,0.713281,0.674219,0.563281,0.665625,0.674219,0.669531,0.565625,0.563281,0.669531
010,32_110,0.689193,1.770404,0.683594,0.630469,0.696875,0.683594,0.682813,0.756250,0.630469,0.682813,0.685156,0.696875,0.756250,0.685156
010,32_codon,0.728906,1.558719,0.714063,0.692969,0.925781,0.714063,0.641406,0.716406,0.692969,0.641406,0.682813,0.925781,0.716406,0.682813
010,33,0.567187,1.954872,0.540625,0.571094,0.573438,0.540625,0.623437,0.527344,0.571094,0.623437,0.567187,0.573438,0.527344,0.567187
010,33_001,0.651563,1.878533,0.713281,0.663281,0.696094,0.713281,0.564844,0.602344,0.663281,0.564844,0.669531,0.696094,0.602344,0.669531
010,33_010,0.750911,1.488970,0.956250,0.716406,0.747656,0.956250,0.714844,0.748437,0.716406,0.714844,0.621875,0.747656,0.748437,0.621875
010,33_011,0.726823,1.586043,0.858594,0.744531,0.637500,0.858594,0.785937,0.678906,0.744531,0.785937,0.655469,0.637500,0.678906,0.655469
010,33_100,0.647526,1.893896,0.717969,0.578125,0.623437,0.717969,0.616406,0.657813,0.578125,0.616406,0.691406,0.623437,0.657813,0.691406
010,33_101,0.630339,1.960825,0.657031,0.675781,0.652344,0.657031,0.549219,0.546875,0.675781,0.549219,0.700781,0.652344,0.546875,0.700781
010,33_110,0.697786,1.742051,0.628125,0.749219,0.667188,0.628125,0.715625,0.668750,0.749219,0.715625,0.757812,0.667188,0.668750,0.757812
010,33_codon,0.720182,1.552601,0.836719,0.775000,0.695312,0.836719,0.730469,0.641406,0.775000,0.730469,0.642188,0.695312,0.641406,0.642188
010,34,0.570052,1.972416,0.505469,0.559375,0.557813,0.505469,0.592187,0.570312,0.559375,0.592187,0.635156,0.557813,0.570312,0.635156
010,34_001,0.659505,1.862877,0.655469,0.682813,0.596875,0.655469,0.685937,0.725000,0.682813,0.685937,0.610938,0.596875,0.725000,0.610938
010,34_010,0.773828,1.421062,0.849219,0.960938,0.662500,0.849219,0.847656,0.661719,0.960938,0.847656,0.660937,0.662500,0.661719,0.660937
010,34_011,0.682031,1.762161,0.656250,0.692187,0.634375,0.656250,0.724219,0.663281,0.692187,0.724219,0.721875,0.634375,0.663281,0.721875
010,34_100,0.632161,1.903828,0.683594,0.643750,0.698438,0.683594,0.657031,0.570312,0.643750,0.657031,0.539844,0.698438,0.570312,0.539844
010,34_101,0.653646,1.806517,0.632031,0.652344,0.627344,0.632031,0.746875,0.619531,0.652344,0.746875,0.643750,0.627344,0.619531,0.643750
010,34_110,0.743359,1.571263,0.807031,0.856250,0.649219,0.807031,0.853125,0.650000,0.856250,0.853125,0.644531,0.649219,0.650000,0.644531
010,34_codon,0.738672,1.537021,0.882812,0.829688,0.654687,0.882812,0.799219,0.620313,0.829688,0.799219,0.645312,0.654687,0.620313,0.645312
010,35,0.550000,1.953921,0.507031,0.512500,0.587500,0.507031,0.564844,0.574219,0.512500,0.564844,0.553906,0.587500,0.574219,0.553906
010,35_001,0.651172,1.890593,0.692187,0.721094,0.643750,0.692187,0.630469,0.550781,0.721094,0.630469,0.668750,0.643750,0.550781,0.668750
010,35_010,0.775000,1.420127,0.662500,0.962500,0.850000,0.662500,0.662500,0.662500,0.962500,0.662500,0.850000,0.850000,0.662500,0.850000
010,35_011,0.700911,1.735746,0.702344,0.698438,0.775781,0.702344,0.600000,0.778125,0.698438,0.600000,0.650781,0.775781,0.778125,0.650781
010,35_100,0.668099,1.835331,0.712500,0.647656,0.603906,0.712500,0.675781,0.623437,0.647656,0.675781,0.745313,0.603906,0.623437,0.745313
010,35_101,0.634896,1.938311,0.653906,0.543750,0.724219,0.653906,0.610156,0.666406,0.543750,0.610156,0.610938,0.724219,0.666406,0.610938
010,35_110,0.684115,1.764797,0.819531,0.653906,0.674219,0.819531,0.668750,0.646094,0.653906,0.668750,0.642188,0.674219,0.646094,0.642188
010,35_codon,0.760286,1.470943,0.662500,0.935156,0.829688,0.662500,0.652344,0.656250,0.935156,0.652344,0.825781,0.829688,0.656250,0.825781
010,36,0.573828,1.988385,0.566406,0.566406,0.596094,0.566406,0.585156,0.564844,0.566406,0.585156,0.564063,0.596094,0.564844,0.564063
010,36_001,0.660286,1.825300,0.617969,0.628125,0.580469,0.617969,0.703906,0.697656,0.628125,0.703906,0.733594,0.580469,0.697656,0.733594
010,36_010,0.773958,1.421525,0.661719,0.661719,0.662500,0.661719,0.848437,0.849219,0.661719,0.848437,0.960156,0.662500,0.849219,0.960156
010,36_011,0.690104,1.765808,0.740625,0.680469,0.650000,0.740625,0.667969,0.782813,0.680469,0.667969,0.618750,0.650000,0.782813,0.618750
010,36_100,0.631380,1.912528,0.582812,0.535937,0.691406,0.582812,0.672656,0.674219,0.535937,0.672656,0.631250,0.691406,0.674219,0.631250
010,36_101,0.624870,1.957579,0.526563,0.605469,0.578125,0.526563,0.664062,0.669531,0.605469,0.664062,0.705469,0.578125,0.669531,0.705469
010,36_110,0.714583,1.637841,0.670312,0.710938,0.884375,0.670312,0.656250,0.658594,0.710938,0.656250,0.707031,0.884375,0.658594,0.707031
010,36_codon,0.758594,1.478551,0.651563,0.835156,0.917969,0.651563,0.657031,0.656250,0.835156,0.657031,0.833594,0.917969,0.656250,0.833594
010,37,0.577344,1.894913,0.539062,0.601562,0.644531,0.539062,0.538281,0.575781,0.601562,0.538281,0.564844,0.644531,0.575781,0.564844
010,37_001,0.661589,1.847594,0.614062,0.587500,0.746875,0.614062,0.703125,0.676562,0.587500,0.703125,0.641406,0.746875,0.676562,0.641406
010,37_010,0.753125,1.482430,0.710938,0.758594,0.957031,0.710938,0.622656,0.708594,0.758594,0.622656,0.760938,0.957031,0.708594,0.760938
010,37_011,0.721875,1.605775,0.721875,0.680469,0.894531,0.721875,0.622656,0.725000,0.680469,0.622656,0.686719,0.894531,0.725000,0.686719
010,37_100,0.649609,1.905588,0.730469,0.613281,0.573438,0.730469,0.674219,0.634375,0.613281,0.674219,0.671875,0.573438,0.634375,0.671875
010,37_101,0.604688,1.983710,0.537500,0.631250,0.632812,0.537500,0.576562,0.654687,0.631250,0.576562,0.595313,0.632812,0.654687,0.595313
010,37_110,0.752344,1.543823,0.861719,0.641406,0.831250,0.861719,0.662500,0.855469,0.641406,0.662500,0.661719,0.831250,0.855469,0.661719
010,37_codon,0.754167,1.501820,0.648438,0.826562,0.904687,0.648438,0.650000,0.660937,0.826562,0.650000,0.834375,0.904687,0.660937,0.834375
010,38,0.567578,1.928039,0.576562,0.596094,0.571094,0.576562,0.583594,0.532031,0.596094,0.583594,0.546094,0.571094,0.532031,0.546094
010,38_001,0.672005,1.803075,0.617188,0.671094,0.795312,0.617188,0.653125,0.621875,0.671094,0.653125,0.673438,0.795312,0.621875,0.673438
010,38_010,0.775000,1.420127,0.662500,0.850000,0.962500,0.662500,0.662500,0.662500,0.850000,0.662500,0.850000,0.962500,0.662500,0.850000
010,38_011,0.706120,1.660583,0.619531,0.705469,0.746094,0.619531,0.682813,0.691406,0.705469,0.682813,0.791406,0.746094,0.691406,0.791406
010,38_100,0.647917,1.903794,0.603125,0.554688,0.715625,0.603125,0.701562,0.681250,0.554688,0.701562,0.631250,0.715625,0.681250,0.631250
010,38_101,0.630859,1.936860,0.615625,0.725000,0.603125,0.615625,0.569531,0.715625,0.725000,0.569531,0.556250,0.603125,0.715625,0.556250
010,38_110,0.726042,1.595722,0.928125,0.693750,0.689063,0.928125,0.709375,0.704688,0.693750,0.709375,0.631250,0.689063,0.704688,0.631250
010,38_codon,0.714193,1.641304,0.636719,0.780469,0.819531,0.636719,0.653906,0.642969,0.780469,0.653906,0.751563,0.819531,0.642969,0.751563
010,39,0.572786,1.967680,0.585938,0.565625,0.544531,0.585938,0.601562,0.586719,0.565625,0.601562,0.552344,0.544531,0.586719,0.552344
010,39_001,0.657292,1.871580,0.727344,0.634375,0.578125,0.727344,0.680469,0.642188,0.634375,0.680469,0.681250,0.578125,0.642188,0.681250
010,39_010,0.772917,1.421991,0.664062,0.660156,0.661719,0.664062,0.958594,0.847656,0.660156,0.958594,0.845313,0.661719,0.847656,0.845313
010,39_011,0.736068,1.571573,0.780469,0.911719,0.638281,0.780469,0.790625,0.650000,0.911719,0.790625,0.645312,0.638281,0.650000,0.645312
010,39_100,0.657292,1.861306,0.674219,0.631250,0.680469,0.674219,0.583594,0.629687,0.631250,0.583594,0.744531,0.680469,0.629687,0.744531
010,39_101,0.655859,1.860133,0.653125,0.674219,0.696094,0.653125,0.587500,0.653906,0.674219,0.587500,0.670312,0.696094,0.653906,0.670312
010,39_110,0.752344,1.531845,0.835938,0.821094,0.658594,0.835938,0.898438,0.651563,0.821094,0.898438,0.648438,0.658594,0.651563,0.648438
010,39_codon,0.710026,1.622611,0.792969,0.791406,0.695312,0.792969,0.717969,0.650781,0.791406,0.717969,0.611719,0.695312,0.650781,0.611719
010,3_001,0.648307,1.906385,0.641406,0.698438,0.563281,0.641406,0.674219,0.712500,0.698438,0.674219,0.600000,0.563281,0.712500,0.600000
010,3_010,0.775000,1.420127,0.662500,0.662500,0.662500,0.662500,0.850000,0.850000,0.662500,0.850000,0.962500,0.662500,0.850000,0.962500
010,3_011,0.698177,1.736349,0.751563,0.680469,0.648438,0.751563,0.726562,0.750781,0.680469,0.726562,0.631250,0.648438,0.750781,0.631250
010,3_100,0.636458,1.947572,0.682813,0.567969,0.528906,0.682813,0.677344,0.667969,0.567969,0.677344,0.693750,0.528906,0.667969,0.693750
010,3_101,0.640625,1.910691,0.705469,0.637500,0.554688,0.705469,0.686719,0.610156,0.637500,0.686719,0.649219,0.554688,0.610156,0.649219
010,3_110,0.737760,1.571812,0.624219,0.726562,0.749219,0.624219,0.699219,0.717187,0.726562,0.699219,0.910156,0.749219,0.717187,0.910156
010,3_codon,0.746484,1.493080,0.640625,0.901563,0.854688,0.640625,0.628906,0.627344,0.901563,0.628906,0.825781,0.854688,0.627344,0.825781
010,4,0.572917,1.970974,0.605469,0.598437,0.566406,0.605469,0.527344,0.590625,0.598437,0.527344,0.549219,0.566406,0.590625,0.549219
010,40,0.566016,1.931355,0.580469,0.574219,0.598437,0.580469,0.508594,0.596094,0.574219,0.508594,0.538281,0.598437,0.596094,0.538281
010,40_001,0.637109,1.913053,0.556250,0.680469,0.622656,0.556250,0.586719,0.713281,0.680469,0.586719,0.663281,0.622656,0.713281,0.663281
010,40_010,0.752214,1.484846,0.960938,0.727344,0.740625,0.960938,0.727344,0.739062,0.727344,0.727344,0.617969,0.740625,0.739062,0.617969
010,40_011,0.748047,1.528754,0.820312,0.642188,0.915625,0.820312,0.649219,0.820312,0.642188,0.649219,0.640625,0.915625,0.820312,0.640625
010,40_100,0.668750,1.838637,0.705469,0.733594,0.659375,0.705469,0.626563,0.700781,0.733594,0.626563,0.586719,0.659375,0.700781,0.586719
010,40_101,0.641016,1.896040,0.700781,0.639844,0.668750,0.700781,0.620313,0.659375,0.639844,0.620313,0.557031,0.668750,0.659375,0.557031
010,40_110,0.693099,1.685710,0.727344,0.710938,0.661719,0.727344,0.713281,0.654687,0.710938,0.713281,0.690625,0.661719,0.654687,0.690625
010,40_codon,0.701693,1.613494,0.846094,0.782813,0.655469,0.846094,0.690625,0.603906,0.782813,0.690625,0.631250,0.655469,0.603906,0.631250
010,41,0.581901,1.974410,0.578906,0.565625,0.617969,0.578906,0.586719,0.544531,0.565625,0.586719,0.597656,0.617969,0.544531,0.597656
010,41_001,0.639844,1.913418,0.713281,0.614062,0.565625,0.713281,0.654687,0.585938,0.614062,0.654687,0.705469,0.565625,0.585938,0.705469
010,41_010,0.775000,1.420127,0.850000,0.850000,0.662500,0.850000,0.962500,0.662500,0.850000,0.962500,0.662500,0.662500,0.662500,0.662500
010,41_011,0.682422,1.771743,0.732812,0.661719,0.601562,0.732812,0.759375,0.711719,0.661719,0.759375,0.627344,0.601562,0.711719,0.627344
010,41_100,0.654167,1.875379,0.578125,0.628906,0.701562,0.578125,0.721094,0.625000,0.628906,0.721094,0.670312,0.701562,0.625000,0.670312
010,41_101,0.643099,1.962990,0.689844,0.646094,0.660937,0.689844,0.561719,0.563281,0.646094,0.561719,0.736719,0.660937,0.563281,0.736719
010,41_110,0.693620,1.754919,0.757812,0.744531,0.710156,0.757812,0.660937,0.617969,0.744531,0.660937,0.670312,0.710156,0.617969,0.670312
010,41_codon,0.702604,1.616030,0.814844,0.756250,0.711719,0.814844,0.646094,0.667188,0.756250,0.646094,0.619531,0.711719,0.667188,0.619531
010,42,0.589453,1.967496,0.553125,0.623437,0.522656,0.553125,0.646875,0.584375,0.623437,0.646875,0.606250,0.522656,0.584375,0.606250
010,42_001,0.670703,1.778823,0.615625,0.793750,0.647656,0.615625,0.633594,0.635938,0.793750,0.633594,0.697656,0.647656,0.635938,0.697656
010,42_010,0.775000,1.420127,0.662500,0.850000,0.850000,0.662500,0.662500,0.662500,0.850000,0.662500,0.962500,0.850000,0.662500,0.962500
010,42_011,0.703776,1.665964,0.689063,0.770312,0.682031,0.689063,0.750000,0.650781,0.770312,0.750000,0.680469,0.682031,0.650781,0.680469
010,42_100,0.642969,1.896806,0.602344,0.689844,0.659375,0.602344,0.572656,0.719531,0.689844,0.572656,0.614062,0.659375,0.719531,0.614062
010,42_101,0.643880,1.946806,0.571094,0.693750,0.546875,0.571094,0.661719,0.727344,0.693750,0.661719,0.662500,0.546875,0.727344,0.662500
010,42_110,0.678125,1.772074,0.682031,0.734375,0.614062,0.682031,0.718750,0.635156,0.734375,0.718750,0.684375,0.614062,0.635156,0.684375
010,42_codon,0.758203,1.441437,0.650781,0.954688,0.821875,0.650781,0.657031,0.636719,0.954688,0.657031,0.828125,0.821875,0.636719,0.828125
010,43,0.575651,1.965753,0.559375,0.566406,0.599219,0.559375,0.575781,0.575781,0.566406,0.575781,0.577344,0.599219,0.575781,0.577344
010,43_001,0.642318,1.911561,0.700781,0.557031,0.655469,0.700781,0.568750,0.671875,0.557031,0.568750,0.700000,0.655469,0.671875,0.700000
010,43_010,0.769792,1.430838,0.943750,0.659375,0.850000,0.943750,0.659375,0.843750,0.659375,0.659375,0.662500,0.850000,0.843750,0.662500
010,43_011,0.725781,1.608120,0.614062,0.703125,0.698438,0.614062,0.706250,0.703906,0.703125,0.706250,0.928906,0.698438,0.703906,0.928906
010,43_100,0.649349,1.899277,0.707031,0.553125,0.597656,0.707031,0.665625,0.698438,0.553125,0.665625,0.674219,0.597656,0.698438,0.674219
010,43_101,0.621354,1.993640,0.564063,0.558594,0.732031,0.564063,0.727344,0.573438,0.558594,0.727344,0.572656,0.732031,0.573438,0.572656
010,43_110,0.729297,1.562252,0.707812,0.679688,0.925781,0.707812,0.651563,0.719531,0.679688,0.651563,0.691406,0.925781,0.719531,0.691406
010,43_codon,0.688542,1.715418,0.689844,0.704688,0.814063,0.689844,0.639062,0.649219,0.704688,0.639062,0.634375,0.814063,0.649219,0.634375
010,44,0.578125,1.909900,0.558594,0.587500,0.547656,0.558594,0.627344,0.578125,0.587500,0.627344,0.569531,0.547656,0.578125,0.569531
010,44_001,0.664714,1.848780,0.701562,0.627344,0.682813,0.701562,0.733594,0.651563,0.627344,0.733594,0.591406,0.682813,0.651563,0.591406
010,44_010,0.773828,1.421062,0.661719,0.661719,0.661719,0.661719,0.848437,0.848437,0.661719,0.848437,0.960938,0.661719,0.848437,0.960938
010,44_011,0.751172,1.524422,0.647656,0.647656,0.642969,0.647656,0.835938,0.820312,0.647656,0.835938,0.912500,0.642969,0.820312,0.912500
010,44_100,0.633333,1.935121,0.689844,0.630469,0.530469,0.689844,0.689844,0.575000,0.630469,0.689844,0.684375,0.530469,0.575000,0.684375
010,44_101,0.630208,1.932274,0.664062,0.675000,0.542188,0.664062,0.684375,0.619531,0.675000,0.684375,0.596094,0.542188,0.619531,0.596094
010,44_110,0.742188,1.568050,0.653125,0.623437,0.653125,0.653125,0.817187,0.850000,0.623437,0.817187,0.856250,0.653125,0.850000,0.856250
010,44_codon,0.741667,1.500590,0.653125,0.893750,0.789844,0.653125,0.653125,0.651563,0.893750,0.653125,0.808594,0.789844,0.651563,0.808594
010,45,0.553516,1.969180,0.536719,0.519531,0.530469,0.536719,0.560937,0.576562,0.519531,0.560937,0.596875,0.530469,0.576562,0.596875
010,45_001,0.649349,1.879089,0.676562,0.613281,0.674219,0.676562,0.721094,0.628125,0.613281,0.721094,0.582812,0.674219,0.628125,0.582812
010,45_010,0.746875,1.486460,0.615625,0.725000,0.740625,0.615625,0.734375,0.718750,0.725000,0.734375,0.946875,0.740625,0.718750,0.946875
010,45_011,0.686849,1.711797,0.620313,0.698438,0.646094,0.620313,0.789844,0.655469,0.698438,0.789844,0.710938,0.646094,0.655469,0.710938
010,45_100,0.642969,1.921419,0.691406,0.638281,0.558594,0.691406,0.666406,0.595313,0.638281,0.666406,0.707812,0.558594,0.595313,0.707812
010,45_101,0.621615,1.961371,0.688281,0.651563,0.616406,0.688281,0.681250,0.557813,0.651563,0.681250,0.534375,0.616406,0.557813,0.534375
010,45_110,0.704297,1.717279,0.651563,0.733594,0.751563,0.651563,0.680469,0.645312,0.733594,0.680469,0.763281,0.751563,0.645312,0.763281
010,45_codon,0.713542,1.628728,0.669531,0.763281,0.839844,0.669531,0.604688,0.672656,0.763281,0.604688,0.731250,0.839844,0.672656,0.731250
010,46,0.547266,1.976207,0.534375,0.492969,0.491406,0.534375,0.587500,0.613281,0.492969,0.587500,0.564063,0.491406,0.613281,0.564063
010,46_001,0.644531,1.905781,0.563281,0.636719,0.697656,0.563281,0.666406,0.639844,0.636719,0.666406,0.663281,0.697656,0.639844,0.663281
010,46_010,0.773828,1.421062,0.662500,0.660937,0.661719,0.662500,0.848437,0.961719,0.660937,0.848437,0.847656,0.661719,0.961719,0.847656
010,46_011,0.717578,1.631084,0.674219,0.685156,0.659375,0.674219,0.710938,0.690625,0.685156,0.710938,0.885156,0.659375,0.690625,0.885156
010,46_100,0.645052,1.909325,0.704688,0.636719,0.690625,0.704688,0.567969,0.593750,0.636719,0.567969,0.676562,0.690625,0.593750,0.676562
010,46_101,0.602604,1.974294,0.503906,0.649219,0.601562,0.503906,0.634375,0.625000,0.649219,0.634375,0.601562,0.601562,0.625000,0.601562
010,46_110,0.738151,1.577998,0.620313,0.808594,0.857812,0.620313,0.650781,0.651563,0.808594,0.650781,0.839844,0.857812,0.651563,0.839844
010,46_codon,0.737109,1.505614,0.892969,0.814063,0.650781,0.892969,0.791406,0.631250,0.814063,0.791406,0.642188,0.650781,0.631250,0.642188
010,47,0.590495,1.930954,0.546875,0.553125,0.602344,0.546875,0.557031,0.635156,0.553125,0.557031,0.648438,0.602344,0.635156,0.648438
010,47_001,0.633594,1.900148,0.685156,0.560937,0.595313,0.685156,0.619531,0.665625,0.560937,0.619531,0.675000,0.595313,0.665625,0.675000
010,47_010,0.753125,1.484698,0.740625,0.618750,0.740625,0.740625,0.728125,0.962500,0.618750,0.728125,0.728125,0.740625,0.962500,0.728125
010,47_011,0.691927,1.763207,0.582031,0.646094,0.685937,0.582031,0.665625,0.767188,0.646094,0.665625,0.804688,0.685937,0.767188,0.804688
010,47_100,0.653255,1.868502,0.704688,0.658594,0.663281,0.704688,0.663281,0.662500,0.658594,0.663281,0.567187,0.663281,0.662500,0.567187
010,47_101,0.636719,1.977131,0.568750,0.706250,0.713281,0.568750,0.620313,0.541406,0.706250,0.620313,0.670312,0.713281,0.541406,0.670312
010,47_110,0.687630,1.837666,0.555469,0.624219,0.611719,0.555469,0.692969,0.794531,0.624219,0.692969,0.846875,0.611719,0.794531,0.846875
010,47_codon,0.741016,1.491647,0.786719,0.696875,0.901563,0.786719,0.657813,0.750000,0.696875,0.657813,0.653125,0.901563,0.750000,0.653125
010,48,0.584766,1.968210,0.595313,0.543750,0.621094,0.595313,0.601562,0.588281,0.543750,0.601562,0.558594,0.621094,0.588281,0.558594
010,48_001,0.648307,1.878262,0.721875,0.567969,0.599219,0.721875,0.637500,0.660156,0.567969,0.637500,0.703125,0.599219,0.660156,0.703125
010,48_010,0.775000,1.420127,0.962500,0.662500,0.850000,0.962500,0.662500,0.850000,0.662500,0.662500,0.662500,0.850000,0.850000,0.662500
010,48_011,0.707812,1.700315,0.733594,0.624219,0.699219,0.733594,0.690625,0.801562,0.624219,0.690625,0.697656,0.699219,0.801562,0.697656
010,48_100,0.655859,1.872446,0.652344,0.614062,0.735938,0.652344,0.700781,0.629687,0.614062,0.700781,0.602344,0.735938,0.629687,0.602344
010,48_101,0.666276,1.849479,0.649219,0.653906,0.742188,0.649219,0.714844,0.617188,0.653906,0.714844,0.620313,0.742188,0.617188,0.620313
010,48_110,0.761979,1.472283,0.841406,0.653906,0.839063,0.841406,0.650781,0.935156,0.653906,0.650781,0.651563,0.839063,0.935156,0.651563
010,48_codon,0.706510,1.630567,0.863281,0.694531,0.732812,0.863281,0.639062,0.684375,0.694531,0.639062,0.625000,0.732812,0.684375,0.625000
010,49,0.555078,1.966365,0.538281,0.553125,0.548438,0.538281,0.582031,0.560937,0.553125,0.582031,0.547656,0.548438,0.560937,0.547656
010,49_001,0.663802,1.845870,0.685937,0.644531,0.692969,0.685937,0.749219,0.627344,0.644531,0.749219,0.582812,0.692969,0.627344,0.582812
010,49_010,0.775000,1.420127,0.850000,0.962500,0.662500,0.850000,0.850000,0.662500,0.962500,0.850000,0.662500,0.662500,0.662500,0.662500
010,49_011,0.691276,1.768975,0.600781,0.662500,0.725000,0.600781,0.686719,0.662500,0.662500,0.686719,0.810156,0.725000,0.662500,0.810156
010,49_100,0.639323,1.910495,0.648438,0.694531,0.692187,0.648438,0.679688,0.543750,0.694531,0.679688,0.577344,0.692187,0.543750,0.577344
010,49_101,0.632422,1.919909,0.551562,0.699219,0.606250,0.551562,0.610938,0.631250,0.699219,0.610938,0.695312,0.606250,0.631250,0.695312
010,49_110,0.688411,1.768800,0.699219,0.610156,0.677344,0.699219,0.671094,0.771875,0.610156,0.671094,0.700781,0.677344,0.771875,0.700781
010,49_codon,0.734635,1.599654,0.656250,0.798438,0.838281,0.656250,0.635938,0.643750,0.798438,0.635938,0.835156,0.838281,0.643750,0.835156
010,4_001,0.646745,1.878046,0.757031,0.575000,0.625000,0.757031,0.609375,0.648438,0.575000,0.609375,0.665625,0.625000,0.648438,0.665625
010,4_010,0.775000,1.420127,0.662500,0.850000,0.962500,0.662500,0.662500,0.662500,0.850000,0.662500,0.850000,0.962500,0.662500,0.850000
010,4_011,0.744531,1.542462,0.864062,0.628906,0.821094,0.864062,0.654687,0.844531,0.628906,0.654687,0.653906,0.821094,0.844531,0.653906
010,4_100,0.641927,1.901457,0.669531,0.728906,0.632812,0.669531,0.583594,0.673438,0.728906,0.583594,0.563281,0.632812,0.673438,0.563281
010,4_101,0.635547,1.967292,0.699219,0.556250,0.657813,0.699219,0.600000,0.726562,0.556250,0.600000,0.573438,0.657813,0.726562,0.573438
010,4_110,0.725000,1.664246,0.862500,0.809375,0.655469,0.862500,0.757812,0.664062,0.809375,0.757812,0.600781,0.655469,0.664062,0.600781
010,4_codon,0.736198,1.525595,0.701562,0.708594,0.927344,0.701562,0.642969,0.716406,0.708594,0.642969,0.720313,0.927344,0.716406,0.720313
010,5,0.555990,1.978365,0.557031,0.593750,0.511719,0.557031,0.612500,0.535937,0.593750,0.612500,0.525000,0.511719,0.535937,0.525000
010,50,0.544922,1.979790,0.528125,0.592969,0.566406,0.528125,0.515625,0.489062,0.592969,0.515625,0.577344,0.566406,0.489062,0.577344
010,50_001,0.660547,1.862635,0.686719,0.582031,0.656250,0.686719,0.625781,0.692969,0.582031,0.625781,0.719531,0.656250,0.692969,0.719531
010,50_010,0.772396,1.425617,0.659375,0.850000,0.850000,0.659375,0.659375,0.659375,0.850000,0.659375,0.956250,0.850000,0.659375,0.956250
010,50_011,0.721354,1.593077,0.682031,0.726562,0.906250,0.682031,0.657813,0.653125,0.726562,0.657813,0.702344,0.906250,0.653125,0.702344
010,50_100,0.667318,1.822670,0.678906,0.703125,0.625781,0.678906,0.650000,0.750000,0.703125,0.650000,0.596094,0.625781,0.750000,0.596094
010,50_101,0.609245,1.979274,0.635938,0.617969,0.640625,0.635938,0.517969,0.586719,0.617969,0.517969,0.656250,0.640625,0.586719,0.656250
010,50_110,0.714844,1.649186,0.627344,0.823438,0.767969,0.627344,0.653906,0.671875,0.823438,0.653906,0.744531,0.767969,0.671875,0.744531
010,50_codon,0.663542,1.887527,0.648438,0.724219,0.649219,0.648438,0.625000,0.717969,0.724219,0.625000,0.616406,0.649219,0.717969,0.616406
010,51,0.562891,1.942850,0.553906,0.557031,0.612500,0.553906,0.528125,0.531250,0.557031,0.528125,0.594531,0.612500,0.531250,0.594531
010,51_001,0.634505,1.939787,0.600000,0.671875,0.685156,0.600000,0.692969,0.551562,0.671875,0.692969,0.605469,0.685156,0.551562,0.605469
010,51_010,0.775000,1.420127,0.850000,0.662500,0.962500,0.850000,0.662500,0.850000,0.662500,0.662500,0.662500,0.962500,0.850000,0.662500
010,51_011,0.724349,1.600834,0.902344,0.710156,0.689844,0.902344,0.709375,0.694531,0.710156,0.709375,0.639844,0.689844,0.694531,0.639844
010,51_100,0.656250,1.872323,0.692187,0.724219,0.655469,0.692187,0.598437,0.692969,0.724219,0.598437,0.574219,0.655469,0.692969,0.574219
010,51_101,0.632422,1.921542,0.620313,0.650000,0.710156,0.620313,0.610938,0.547656,0.650000,0.610938,0.655469,0.710156,0.547656,0.655469
010,51_110,0.690755,1.775386,0.696875,0.690625,0.707031,0.696875,0.689063,0.717187,0.690625,0.689063,0.643750,0.707031,0.717187,0.643750
010,51_codon,0.755729,1.476860,0.653125,0.942187,0.829688,0.653125,0.646875,0.637500,0.942187,0.646875,0.825000,0.829688,0.637500,0.825000
010,52,0.558203,1.985772,0.600000,0.528906,0.578906,0.600000,0.520312,0.568750,0.528906,0.520312,0.552344,0.578906,0.568750,0.552344
010,52_001,0.645443,1.896049,0.670312,0.653125,0.557813,0.670312,0.708594,0.642969,0.653125,0.708594,0.639844,0.557813,0.642969,0.639844
010,52_010,0.773958,1.421525,0.661719,0.661719,0.660937,0.661719,0.960938,0.849219,0.661719,0.960938,0.849219,0.660937,0.849219,0.849219
010,52_011,0.734115,1.581229,0.814063,0.656250,0.809375,0.814063,0.642188,0.853906,0.656250,0.642188,0.628906,0.809375,0.853906,0.628906
010,52_100,0.646354,1.894232,0.692187,0.596875,0.659375,0.692187,0.709375,0.657031,0.596875,0.709375,0.563281,0.659375,0.657031,0.563281
010,52_101,0.631250,1.964411,0.672656,0.651563,0.535156,0.672656,0.700000,0.593750,0.651563,0.700000,0.634375,0.535156,0.593750,0.634375
010,52_110,0.693750,1.775073,0.730469,0.743750,0.699219,0.730469,0.642969,0.620313,0.743750,0.642969,0.725781,0.699219,0.620313,0.725781
010,52_codon,0.719661,1.635031,0.689063,0.785156,0.784375,0.689063,0.642188,0.657031,0.785156,0.642188,0.760156,0.784375,0.657031,0.760156
010,53,0.558073,1.953576,0.531250,0.551562,0.560156,0.531250,0.509375,0.576562,0.551562,0.509375,0.619531,0.560156,0.576562,0.619531
010,53_001,0.664974,1.822897,0.639844,0.577344,0.672656,0.639844,0.627344,0.701562,0.577344,0.627344,0.771094,0.672656,0.701562,0.771094
010,53_010,0.752604,1.478632,0.626563,0.771094,0.774219,0.626563,0.692969,0.691406,0.771094,0.692969,0.959375,0.774219,0.691406,0.959375
010,53_011,0.725260,1.576632,0.659375,0.669531,0.669531,0.659375,0.728125,0.717969,0.669531,0.728125,0.907031,0.669531,0.717969,0.907031
010,53_100,0.629687,1.930665,0.670312,0.689063,0.631250,0.670312,0.571094,0.680469,0.689063,0.571094,0.535937,0.631250,0.680469,0.535937
010,53_101,0.649870,1.862976,0.546094,0.600000,0.597656,0.546094,0.731250,0.664844,0.600000,0.731250,0.759375,0.597656,0.664844,0.759375
010,53_110,0.734635,1.639925,0.655469,0.804688,0.845313,0.655469,0.625000,0.655469,0.804688,0.625000,0.821875,0.845313,0.655469,0.821875
010,53_codon,0.742057,1.560987,0.657813,0.844531,0.868750,0.657813,0.638281,0.659375,0.844531,0.638281,0.783594,0.868750,0.659375,0.783594
010,54,0.598958,1.972431,0.617188,0.614844,0.562500,0.617188,0.625781,0.592969,0.614844,0.625781,0.580469,0.562500,0.592969,0.580469
010,54_001,0.658984,1.835406,0.767969,0.634375,0.593750,0.767969,0.669531,0.636719,0.634375,0.669531,0.651563,0.593750,0.636719,0.651563
010,54_010,0.773828,1.421062,0.961719,0.848437,0.662500,0.961719,0.847656,0.661719,0.848437,0.847656,0.660937,0.662500,0.661719,0.660937
010,54_011,0.708333,1.697197,0.769531,0.776563,0.632812,0.769531,0.733594,0.696875,0.776563,0.733594,0.640625,0.632812,0.696875,0.640625
010,54_100,0.660547,1.877020,0.716406,0.621875,0.590625,0.716406,0.665625,0.632031,0.621875,0.665625,0.736719,0.590625,0.632031,0.736719
010,54_101,0.635807,1.955186,0.617188,0.705469,0.683594,0.617188,0.591406,0.543750,0.705469,0.591406,0.673438,0.683594,0.543750,0.673438
010,54_110,0.717969,1.657816,0.803125,0.789062,0.650000,0.803125,0.744531,0.664844,0.789062,0.744531,0.656250,0.650000,0.664844,0.656250
010,54_codon,0.753906,1.472583,0.917969,0.846094,0.650781,0.917969,0.815625,0.643750,0.846094,0.815625,0.649219,0.650781,0.643750,0.649219
010,55,0.563932,1.997399,0.594531,0.565625,0.549219,0.594531,0.590625,0.528906,0.565625,0.590625,0.554688,0.549219,0.528906,0.554688
010,55_001,0.644792,1.921247,0.699219,0.580469,0.533594,0.699219,0.709375,0.661719,0.580469,0.709375,0.684375,0.533594,0.661719,0.684375
010,55_010,0.775000,1.420127,0.662500,0.662500,0.662500,0.662500,0.850000,0.850000,0.662500,0.850000,0.962500,0.662500,0.850000,0.962500
010,55_011,0.730469,1.569263,0.882812,0.759375,0.628125,0.882812,0.792969,0.664844,0.759375,0.792969,0.654687,0.628125,0.664844,0.654687
010,55_100,0.628776,1.957464,0.681250,0.639062,0.519531,0.681250,0.675781,0.582812,0.639062,0.675781,0.674219,0.519531,0.582812,0.674219
010,55_101,0.615495,1.999168,0.521875,0.553906,0.706250,0.521875,0.730469,0.575781,0.553906,0.730469,0.604688,0.706250,0.575781,0.604688
010,55_110,0.693099,1.728311,0.635156,0.697656,0.685156,0.635156,0.653906,0.775781,0.697656,0.653906,0.710938,0.685156,0.775781,0.710938
010,55_codon,0.733724,1.515829,0.892969,0.795312,0.660937,0.892969,0.792188,0.639062,0.795312,0.792188,0.621875,0.660937,0.639062,0.621875
010,56,0.581250,1.922211,0.564844,0.621094,0.560937,0.564844,0.600000,0.572656,0.621094,0.600000,0.567969,0.560937,0.572656,0.567969
010,56_001,0.665104,1.850510,0.621875,0.705469,0.676562,0.621875,0.744531,0.580469,0.705469,0.744531,0.661719,0.676562,0.580469,0.661719
010,56_010,0.772917,1.421991,0.960156,0.661719,0.845313,0.960156,0.664062,0.846094,0.661719,0.664062,0.660156,0.845313,0.846094,0.660156
010,56_011,0.694531,1.714287,0.681250,0.770312,0.709375,0.681250,0.629687,0.692969,0.770312,0.629687,0.683594,0.709375,0.692969,0.683594
010,56_100,0.643359,1.921894,0.702344,0.560937,0.595313,0.702344,0.637500,0.684375,0.560937,0.637500,0.679688,0.595313,0.684375,0.679688
010,56_101,0.635677,1.961558,0.678125,0.667969,0.548438,0.678125,0.699219,0.580469,0.667969,0.699219,0.639844,0.548438,0.580469,0.639844
010,56_110,0.697396,1.734563,0.628906,0.652344,0.760938,0.628906,0.679688,0.717187,0.652344,0.679688,0.745313,0.760938,0.717187,0.745313
010,56_codon,0.701172,1.634467,0.829688,0.741406,0.711719,0.829688,0.646875,0.655469,0.741406,0.646875,0.621875,0.711719,0.655469,0.621875
010,57,0.541797,1.992655,0.535937,0.545312,0.503125,0.535937,0.547656,0.550000,0.545312,0.547656,0.568750,0.503125,0.550000,0.568750
010,57_001,0.645182,1.907235,0.597656,0.700781,0.547656,0.597656,0.695312,0.672656,0.700781,0.695312,0.657031,0.547656,0.672656,0.657031
010,57_010,0.775000,1.420127,0.850000,0.962500,0.662500,0.850000,0.850000,0.662500,0.962500,0.850000,0.662500,0.662500,0.662500,0.662500
010,57_011,0.722917,1.621084,0.681250,0.687500,0.918750,0.681250,0.675000,0.681250,0.687500,0.675000,0.693750,0.918750,0.681250,0.693750
010,57_100,0.630990,1.950709,0.678906,0.635938,0.653125,0.678906,0.549219,0.564844,0.635938,0.549219,0.703906,0.653125,0.564844,0.703906
010,57_101,0.622005,1.970085,0.719531,0.631250,0.632031,0.719531,0.683594,0.554688,0.631250,0.683594,0.510938,0.632031,0.554688,0.510938
010,57_110,0.735417,1.545153,0.685156,0.647656,0.657813,0.685156,0.870313,0.785156,0.647656,0.870313,0.766406,0.657813,0.785156,0.766406
010,57_codon,0.686328,1.732497,0.653906,0.782031,0.675781,0.653906,0.681250,0.639062,0.782031,0.681250,0.685937,0.675781,0.639062,0.685937
010,58,0.576302,1.931255,0.588281,0.533594,0.596875,0.588281,0.549219,0.599219,0.533594,0.549219,0.590625,0.596875,0.599219,0.590625
010,58_001,0.649089,1.886832,0.675000,0.642188,0.717187,0.675000,0.677344,0.610938,0.642188,0.677344,0.571875,0.717187,0.610938,0.571875
010,58_010,0.772656,1.424270,0.846875,0.662500,0.850000,0.846875,0.659375,0.954688,0.662500,0.659375,0.662500,0.850000,0.954688,0.662500
010,58_011,0.695312,1.700695,0.687500,0.730469,0.775781,0.687500,0.687500,0.623437,0.730469,0.687500,0.667188,0.775781,0.623437,0.667188
010,58_100,0.656120,1.843327,0.630469,0.651563,0.670312,0.630469,0.599219,0.635938,0.651563,0.599219,0.749219,0.670312,0.635938,0.749219
010,58_101,0.614323,1.994049,0.596875,0.707031,0.571875,0.596875,0.556250,0.718750,0.707031,0.556250,0.535156,0.571875,0.718750,0.535156
010,58_110,0.727344,1.601175,0.708594,0.709375,0.911719,0.708594,0.618750,0.710156,0.709375,0.618750,0.705469,0.911719,0.710156,0.705469
010,58_codon,0.737891,1.501434,0.925000,0.719531,0.731250,0.925000,0.700781,0.728125,0.719531,0.700781,0.622656,0.731250,0.728125,0.622656
010,59,0.559115,1.967556,0.536719,0.546094,0.586719,0.536719,0.567187,0.562500,0.546094,0.567187,0.555469,0.586719,0.562500,0.555469
010,59_001,0.650260,1.901814,0.579688,0.707812,0.603125,0.579688,0.671094,0.686719,0.707812,0.671094,0.653125,0.603125,0.686719,0.653125
010,59_010,0.775000,1.420127,0.962500,0.850000,0.662500,0.962500,0.850000,0.662500,0.850000,0.850000,0.662500,0.662500,0.662500,0.662500
010,59_011,0.711719,1.659896,0.750000,0.821875,0.662500,0.750000,0.745313,0.668750,0.821875,0.745313,0.621875,0.662500,0.668750,0.621875
010,59_100,0.662760,1.852265,0.665625,0.757031,0.631250,0.665625,0.639844,0.682031,0.757031,0.639844,0.600781,0.631250,0.682031,0.600781
010,59_101,0.631380,1.990380,0.542969,0.632812,0.529687,0.542969,0.679688,0.743750,0.632812,0.679688,0.659375,0.529687,0.743750,0.659375
010,59_110,0.754557,1.509687,0.822656,0.932813,0.643750,0.822656,0.832031,0.649219,0.932813,0.832031,0.646875,0.643750,0.649219,0.646875
010,59_codon,0.742708,1.492666,0.746875,0.912500,0.690625,0.746875,0.790625,0.631250,0.912500,0.790625,0.684375,0.690625,0.631250,0.684375
010,5_001,0.634896,1.918172,0.557813,0.597656,0.687500,0.557813,0.696094,0.610156,0.597656,0.696094,0.660156,0.687500,0.610156,0.660156
010,5_010,0.773958,1.421525,0.960156,0.849219,0.660937,0.960156,0.850000,0.661719,0.849219,0.850000,0.661719,0.660937,0.661719,0.661719
010,5_011,0.699609,1.694924,0.671094,0.733594,0.653906,0.671094,0.777344,0.650781,0.733594,0.777344,0.710938,0.653906,0.650781,0.710938
010,5_100,0.641536,1.906812,0.702344,0.698438,0.653906,0.702344,0.575781,0.678906,0.698438,0.575781,0.539844,0.653906,0.678906,0.539844
010,5_101,0.617708,1.961575,0.626563,0.714844,0.599219,0.626563,0.582812,0.633594,0.714844,0.582812,0.549219,0.599219,0.633594,0.549219
010,5_110,0.742969,1.551139,0.870313,0.807031,0.637500,0.870313,0.846094,0.637500,0.807031,0.846094,0.659375,0.637500,0.637500,0.659375
010,5_codon,0.732422,1.531362,0.896875,0.779687,0.675781,0.896875,0.750781,0.648438,0.779687,0.750781,0.642969,0.675781,0.648438,0.642969
010,6,0.554688,1.996265,0.525000,0.571094,0.507031,0.525000,0.574219,0.582812,0.571094,0.574219,0.567969,0.507031,0.582812,0.567969
010,60,0.597135,1.925789,0.580469,0.553125,0.561719,0.580469,0.617188,0.645312,0.553125,0.617188,0.625000,0.561719,0.645312,0.625000
010,60_001,0.643490,1.931991,0.703125,0.706250,0.591406,0.703125,0.635938,0.678125,0.706250,0.635938,0.546094,0.591406,0.678125,0.546094
010,60_010,0.775000,1.420127,0.662500,0.662500,0.662500,0.662500,0.850000,0.962500,0.662500,0.850000,0.850000,0.662500,0.962500,0.850000
010,60_011,0.721615,1.627645,0.762500,0.695312,0.807031,0.762500,0.646094,0.784375,0.695312,0.646094,0.634375,0.807031,0.784375,0.634375
010,60_100,0.659766,1.857532,0.671094,0.648438,0.578125,0.671094,0.700000,0.624219,0.648438,0.700000,0.736719,0.578125,0.624219,0.736719
010,60_101,0.612240,1.995920,0.553906,0.585938,0.714063,0.553906,0.725000,0.531250,0.585938,0.725000,0.563281,0.714063,0.531250,0.563281
010,60_110,0.715755,1.653706,0.682031,0.642188,0.641406,0.682031,0.746094,0.873437,0.642188,0.746094,0.709375,0.641406,0.873437,0.709375
010,60_codon,0.666276,1.850301,0.607812,0.654687,0.715625,0.607812,0.596875,0.676562,0.654687,0.596875,0.746094,0.715625,0.676562,0.746094
010,61,0.568750,1.952710,0.578125,0.608594,0.563281,0.578125,0.572656,0.526563,0.608594,0.572656,0.563281,0.563281,0.526563,0.563281
010,61_001,0.633854,1.918122,0.668750,0.596875,0.670312,0.668750,0.561719,0.614062,0.596875,0.561719,0.691406,0.670312,0.614062,0.691406
010,61_010,0.775000,1.420127,0.662500,0.662500,0.662500,0.662500,0.850000,0.962500,0.662500,0.850000,0.850000,0.662500,0.962500,0.850000
010,61_011,0.706771,1.655573,0.635156,0.726562,0.717969,0.635156,0.701562,0.629687,0.726562,0.701562,0.829688,0.717969,0.629687,0.829688
010,61_100,0.631250,1.901144,0.588281,0.707031,0.547656,0.588281,0.646094,0.679688,0.707031,0.646094,0.618750,0.547656,0.679688,0.618750
010,61_101,0.635026,1.960927,0.727344,0.553125,0.606250,0.727344,0.552344,0.600000,0.553125,0.552344,0.771094,0.606250,0.600000,0.771094
010,61_110,0.727083,1.575865,0.690625,0.905469,0.709375,0.690625,0.699219,0.639844,0.905469,0.699219,0.717969,0.709375,0.639844,0.717969
010,61_codon,0.728776,1.545998,0.732812,0.929688,0.695312,0.732812,0.714063,0.617188,0.929688,0.714063,0.683594,0.695312,0.617188,0.683594
010,62,0.573307,1.929831,0.590625,0.518750,0.556250,0.590625,0.571875,0.650000,0.518750,0.571875,0.552344,0.556250,0.650000,0.552344
010,62_001,0.653125,1.884356,0.628906,0.655469,0.682813,0.628906,0.731250,0.588281,0.655469,0.731250,0.632031,0.682813,0.588281,0.632031
010,62_010,0.775000,1.420127,0.850000,0.662500,0.850000,0.850000,0.662500,0.962500,0.662500,0.662500,0.662500,0.850000,0.962500,0.662500
010,62_011,0.727083,1.582128,0.702344,0.671094,0.635938,0.702344,0.905469,0.742188,0.671094,0.905469,0.705469,0.635938,0.742188,0.705469
010,62_100,0.642448,1.924288,0.719531,0.662500,0.685156,0.719531,0.689844,0.572656,0.662500,0.689844,0.525000,0.685156,0.572656,0.525000
010,62_101,0.639714,1.945526,0.645312,0.672656,0.650781,0.645312,0.713281,0.575781,0.672656,0.713281,0.580469,0.650781,0.575781,0.580469
010,62_110,0.685677,1.793402,0.703125,0.653125,0.603125,0.703125,0.713281,0.783594,0.653125,0.713281,0.657813,0.603125,0.783594,0.657813
010,62_codon,0.708724,1.603234,0.851562,0.741406,0.726562,0.851562,0.655469,0.673438,0.741406,0.655469,0.603906,0.726562,0.673438,0.603906
010,63,0.530990,1.998337,0.472656,0.532031,0.517188,0.472656,0.592969,0.539062,0.532031,0.592969,0.532031,0.517188,0.539062,0.532031
010,63_001,0.637760,1.933804,0.554688,0.592187,0.692969,0.554688,0.673438,0.637500,0.592187,0.673438,0.675781,0.692969,0.637500,0.675781
010,63_010,0.773828,1.421062,0.662500,0.661719,0.662500,0.662500,0.847656,0.960938,0.661719,0.847656,0.847656,0.662500,0.960938,0.847656
010,63_011,0.734115,1.585509,0.851562,0.641406,0.832031,0.851562,0.617188,0.812500,0.641406,0.617188,0.650000,0.832031,0.812500,0.650000
010,63_100,0.636979,1.916546,0.689063,0.641406,0.687500,0.689063,0.682031,0.583594,0.641406,0.682031,0.538281,0.687500,0.583594,0.538281
010,63_101,0.639583,1.950094,0.664062,0.656250,0.675781,0.664062,0.712500,0.563281,0.656250,0.712500,0.565625,0.675781,0.563281,0.565625
010,63_110,0.688672,1.777230,0.692969,0.692969,0.682031,0.692969,0.665625,0.735938,0.692969,0.665625,0.662500,0.682031,0.735938,0.662500
010,63_codon,0.692578,1.678659,0.703906,0.726562,0.805469,0.703906,0.636719,0.639062,0.726562,0.636719,0.643750,0.805469,0.639062,0.643750
010,64,0.557422,1.999518,0.587500,0.546094,0.525000,0.587500,0.603125,0.551562,0.546094,0.603125,0.531250,0.525000,0.551562,0.531250
010,64_001,0.650391,1.885616,0.684375,0.721875,0.643750,0.684375,0.600000,0.688281,0.721875,0.600000,0.564063,0.643750,0.688281,0.564063
010,64_010,0.775000,1.420127,0.850000,0.962500,0.662500,0.850000,0.850000,0.662500,0.962500,0.850000,0.662500,0.662500,0.662500,0.662500
010,64_011,0.695833,1.722648,0.636719,0.705469,0.778906,0.636719,0.670312,0.630469,0.705469,0.670312,0.753125,0.778906,0.630469,0.753125
010,64_100,0.638021,1.930011,0.638281,0.680469,0.552344,0.638281,0.665625,0.693750,0.680469,0.665625,0.597656,0.552344,0.693750,0.597656
010,64_101,0.636979,1.945447,0.661719,0.728125,0.560937,0.661719,0.645312,0.654687,0.728125,0.645312,0.571094,0.560937,0.654687,0.571094
010,64_110,0.740365,1.570437,0.621094,0.650781,0.650000,0.621094,0.855469,0.817187,0.650781,0.855469,0.847656,0.650000,0.817187,0.847656
010,64_codon,0.738672,1.593029,0.650000,0.817187,0.805469,0.650000,0.641406,0.648438,0.817187,0.641406,0.869531,0.805469,0.648438,0.869531
010,65,0.593620,1.899614,0.657031,0.661719,0.565625,0.657031,0.547656,0.568750,0.661719,0.547656,0.560937,0.565625,0.568750,0.560937
010,65_001,0.649349,1.916334,0.574219,0.611719,0.703906,0.574219,0.681250,0.655469,0.611719,0.681250,0.669531,0.703906,0.655469,0.669531
010,65_010,0.775000,1.420127,0.962500,0.850000,0.662500,0.962500,0.850000,0.662500,0.850000,0.850000,0.662500,0.662500,0.662500,0.662500
010,65_011,0.676953,1.837701,0.711719,0.628125,0.600781,0.711719,0.762500,0.702344,0.628125,0.762500,0.656250,0.600781,0.702344,0.656250
010,65_100,0.663281,1.798143,0.784375,0.673438,0.639062,0.784375,0.637500,0.603125,0.673438,0.637500,0.642188,0.639062,0.603125,0.642188
010,65_101,0.679036,1.774051,0.825000,0.655469,0.654687,0.825000,0.639062,0.635156,0.655469,0.639062,0.664844,0.654687,0.635156,0.664844
010,65_110,0.695182,1.746871,0.754687,0.728906,0.712500,0.754687,0.642969,0.642969,0.728906,0.642969,0.689063,0.712500,0.642969,0.689063
010,65_codon,0.739453,1.518601,0.896875,0.815625,0.649219,0.896875,0.784375,0.652344,0.815625,0.784375,0.638281,0.649219,0.652344,0.638281
010,66,0.563802,1.975712,0.557031,0.543750,0.571094,0.557031,0.579688,0.570312,0.543750,0.579688,0.560937,0.571094,0.570312,0.560937
010,66_001,0.657813,1.874091,0.566406,0.672656,0.676562,0.566406,0.719531,0.607031,0.672656,0.719531,0.704688,0.676562,0.607031,0.704688
010,66_010,0.773828,1.421062,0.662500,0.960938,0.847656,0.662500,0.662500,0.661719,0.960938,0.662500,0.847656,0.847656,0.661719,0.847656
010,66_011,0.710156,1.673171,0.620313,0.693750,0.657813,0.620313,0.755469,0.747656,0.693750,0.755469,0.785937,0.657813,0.747656,0.785937
010,66_100,0.648698,1.897241,0.695312,0.651563,0.566406,0.695312,0.671094,0.592187,0.651563,0.671094,0.715625,0.566406,0.592187,0.715625
010,66_101,0.636979,1.949380,0.657813,0.642188,0.657031,0.657813,0.733594,0.567969,0.642188,0.733594,0.563281,0.657031,0.567969,0.563281
010,66_110,0.688021,1.720976,0.607812,0.810156,0.695312,0.607812,0.692969,0.600000,0.810156,0.692969,0.721875,0.695312,0.600000,0.721875
010,66_codon,0.733203,1.521897,0.666406,0.770312,0.894531,0.666406,0.620313,0.707031,0.770312,0.620313,0.740625,0.894531,0.707031,0.740625
010,67,0.565755,1.988237,0.579688,0.539844,0.593750,0.579688,0.553906,0.582031,0.539844,0.553906,0.545312,0.593750,0.582031,0.545312
010,67_001,0.645312,1.889452,0.578906,0.602344,0.722656,0.578906,0.665625,0.631250,0.602344,0.665625,0.671094,0.722656,0.631250,0.671094
010,67_010,0.775000,1.420127,0.962500,0.850000,0.662500,0.962500,0.850000,0.662500,0.850000,0.850000,0.662500,0.662500,0.662500,0.662500
010,67_011,0.719922,1.619445,0.656250,0.692969,0.706250,0.656250,0.673438,0.676562,0.692969,0.673438,0.914062,0.706250,0.676562,0.914062
010,67_100,0.645833,1.939315,0.706250,0.571875,0.693750,0.706250,0.690625,0.677344,0.571875,0.690625,0.535156,0.693750,0.677344,0.535156
010,67_101,0.642969,1.904930,0.665625,0.653125,0.665625,0.665625,0.585938,0.592187,0.653125,0.585938,0.695312,0.665625,0.592187,0.695312
010,67_110,0.663672,1.905436,0.666406,0.642969,0.660937,0.666406,0.726562,0.635938,0.642969,0.726562,0.649219,0.660937,0.635938,0.649219
010,67_codon,0.686328,1.695034,0.745313,0.784375,0.734375,0.745313,0.623437,0.617969,0.784375,0.623437,0.612500,0.734375,0.617969,0.612500
010,68,0.556771,1.966912,0.607812,0.532813,0.550781,0.607812,0.578906,0.560937,0.532813,0.578906,0.509375,0.550781,0.560937,0.509375
010,68_001,0.661198,1.839672,0.610156,0.670312,0.780469,0.610156,0.656250,0.587500,0.670312,0.656250,0.662500,0.780469,0.587500,0.662500
010,68_010,0.764583,1.437237,0.655469,0.936719,0.836719,0.655469,0.660937,0.658594,0.936719,0.660937,0.839063,0.836719,0.658594,0.839063
010,68_011,0.734505,1.592780,0.792969,0.642188,0.844531,0.792969,0.642188,0.848437,0.642188,0.642188,0.636719,0.844531,0.848437,0.636719
010,68_100,0.683203,1.765674,0.838281,0.658594,0.614844,0.838281,0.689844,0.648438,0.658594,0.689844,0.649219,0.614844,0.648438,0.649219
010,68_101,0.641276,1.941357,0.643750,0.601562,0.559375,0.643750,0.667969,0.650781,0.601562,0.667969,0.724219,0.559375,0.650781,0.724219
010,68_110,0.695052,1.751801,0.694531,0.614844,0.724219,0.694531,0.691406,0.747656,0.614844,0.691406,0.697656,0.724219,0.747656,0.697656
010,68_codon,0.703906,1.647296,0.801562,0.739062,0.729688,0.801562,0.635938,0.677344,0.739062,0.635938,0.639844,0.729688,0.677344,0.639844
010,69,0.564714,1.987011,0.571875,0.509375,0.538281,0.571875,0.590625,0.583594,0.509375,0.590625,0.594531,0.538281,0.583594,0.594531
010,69_001,0.640365,1.902547,0.644531,0.528125,0.639844,0.644531,0.656250,0.719531,0.528125,0.656250,0.653906,0.639844,0.719531,0.653906
010,69_010,0.775000,1.420127,0.662500,0.662500,0.662500,0.662500,0.850000,0.962500,0.662500,0.850000,0.850000,0.662500,0.962500,0.850000
010,69_011,0.717839,1.612904,0.693750,0.618750,0.663281,0.693750,0.718750,0.814844,0.618750,0.718750,0.797656,0.663281,0.814844,0.797656
010,69_100,0.641016,1.896374,0.710938,0.562500,0.610156,0.710938,0.621094,0.661719,0.562500,0.621094,0.679688,0.610156,0.661719,0.679688
010,69_101,0.629036,1.970780,0.610938,0.700781,0.545312,0.610938,0.635156,0.704688,0.700781,0.635156,0.577344,0.545312,0.704688,0.577344
010,69_110,0.708724,1.657748,0.708594,0.592969,0.717969,0.708594,0.714844,0.842969,0.592969,0.714844,0.675000,0.717969,0.842969,0.675000
010,69_codon,0.706120,1.666448,0.853125,0.674219,0.687500,0.853125,0.706250,0.685156,0.674219,0.706250,0.630469,0.687500,0.685156,0.630469
010,6_001,0.641927,1.939466,0.697656,0.690625,0.646094,0.697656,0.586719,0.546094,0.690625,0.586719,0.684375,0.646094,0.546094,0.684375
010,6_010,0.765885,1.461664,0.654687,0.939844,0.846094,0.654687,0.650781,0.653906,0.939844,0.650781,0.850000,0.846094,0.653906,0.850000
010,6_011,0.699870,1.746102,0.739062,0.660156,0.630469,0.739062,0.782813,0.726562,0.660156,0.782813,0.660156,0.630469,0.726562,0.660156
010,6_100,0.641797,1.886581,0.591406,0.710156,0.632812,0.591406,0.621094,0.664844,0.710156,0.621094,0.630469,0.632812,0.664844,0.630469
010,6_101,0.636979,1.905266,0.690625,0.573438,0.692187,0.690625,0.558594,0.677344,0.573438,0.558594,0.629687,0.692187,0.677344,0.629687
010,6_110,0.692969,1.739102,0.721094,0.687500,0.765625,0.721094,0.697656,0.655469,0.687500,0.697656,0.630469,0.765625,0.655469,0.630469
010,6_codon,0.753125,1.457645,0.821094,0.944531,0.654687,0.821094,0.815625,0.632031,0.944531,0.815625,0.650781,0.654687,0.632031,0.650781
010,7,0.557552,1.995653,0.557813,0.558594,0.537500,0.557813,0.557031,0.548438,0.558594,0.557031,0.585938,0.537500,0.548438,0.585938
010,70,0.591016,1.934626,0.600781,0.564063,0.573438,0.600781,0.581250,0.646094,0.564063,0.581250,0.580469,0.573438,0.646094,0.580469
010,70_001,0.655599,1.865645,0.646094,0.679688,0.578125,0.646094,0.685156,0.721875,0.679688,0.685156,0.622656,0.578125,0.721875,0.622656
010,70_010,0.751302,1.488720,0.738281,0.616406,0.739062,0.738281,0.728125,0.958594,0.616406,0.728125,0.727344,0.739062,0.958594,0.727344
010,70_011,0.698958,1.704019,0.705469,0.639844,0.652344,0.705469,0.745313,0.765625,0.639844,0.745313,0.685156,0.652344,0.765625,0.685156
010,70_100,0.663932,1.824832,0.628906,0.633594,0.597656,0.628906,0.673438,0.795312,0.633594,0.673438,0.654687,0.597656,0.795312,0.654687
010,70_101,0.631510,1.939433,0.673438,0.675000,0.588281,0.673438,0.660156,0.642969,0.675000,0.660156,0.549219,0.588281,0.642969,0.549219
010,70_110,0.724870,1.588465,0.704688,0.642188,0.717969,0.704688,0.675000,0.910156,0.642188,0.675000,0.699219,0.717969,0.910156,0.699219
010,70_codon,0.702734,1.639734,0.766406,0.755469,0.654687,0.766406,0.746094,0.649219,0.755469,0.746094,0.644531,0.654687,0.649219,0.644531
010,71,0.567448,1.980314,0.581250,0.576562,0.585938,0.581250,0.573438,0.550000,0.576562,0.573438,0.537500,0.585938,0.550000,0.537500
010,71_001,0.652734,1.872887,0.692187,0.607031,0.679688,0.692187,0.723437,0.636719,0.607031,0.723437,0.577344,0.679688,0.636719,0.577344
010,71_010,0.775000,1.420127,0.662500,0.662500,0.662500,0.662500,0.850000,0.850000,0.662500,0.850000,0.962500,0.662500,0.850000,0.962500
010,71_011,0.713411,1.646348,0.726562,0.817187,0.692969,0.726562,0.767188,0.626563,0.817187,0.767188,0.650000,0.692969,0.626563,0.650000
010,71_100,0.641406,1.903406,0.614062,0.732812,0.556250,0.614062,0.661719,0.675000,0.732812,0.661719,0.608594,0.556250,0.675000,0.608594
010,71_101,0.645964,1.920062,0.655469,0.567187,0.684375,0.655469,0.661719,0.699219,0.567187,0.661719,0.607812,0.684375,0.699219,0.607812
010,71_110,0.721354,1.602832,0.702344,0.647656,0.693750,0.702344,0.680469,0.918750,0.647656,0.680469,0.685156,0.693750,0.918750,0.685156
010,71_codon,0.745573,1.530530,0.647656,0.896094,0.835156,0.647656,0.632812,0.657031,0.896094,0.632812,0.804688,0.835156,0.657031,0.804688
010,72,0.571354,1.943814,0.557031,0.589063,0.585156,0.557031,0.583594,0.536719,0.589063,0.583594,0.576562,0.585156,0.536719,0.576562
010,72_001,0.659766,1.856978,0.653906,0.744531,0.625000,0.653906,0.629687,0.711719,0.744531,0.629687,0.593750,0.625000,0.711719,0.593750
010,72_010,0.771875,1.450376,0.661719,0.950000,0.849219,0.661719,0.660156,0.662500,0.950000,0.660156,0.847656,0.849219,0.662500,0.847656
010,72_011,0.725000,1.573926,0.740625,0.912500,0.678125,0.740625,0.718750,0.645312,0.912500,0.718750,0.654687,0.678125,0.645312,0.654687
010,72_100,0.655990,1.879157,0.607031,0.675000,0.710156,0.607031,0.735156,0.569531,0.675000,0.735156,0.639062,0.710156,0.569531,0.639062
010,72_101,0.657031,1.916865,0.654687,0.714844,0.666406,0.654687,0.576562,0.739844,0.714844,0.576562,0.589844,0.666406,0.739844,0.589844
010,72_110,0.724219,1.598725,0.625781,0.703906,0.678125,0.625781,0.723437,0.697656,0.703906,0.723437,0.916406,0.678125,0.697656,0.916406
010,72_codon,0.757812,1.485342,0.649219,0.920312,0.830469,0.649219,0.648438,0.660156,0.920312,0.648438,0.838281,0.830469,0.660156,0.838281
010,73,0.558854,1.945585,0.573438,0.604688,0.567187,0.573438,0.516406,0.532031,0.604688,0.516406,0.559375,0.567187,0.532031,0.559375
010,73_001,0.658333,1.852831,0.626563,0.675781,0.696875,0.626563,0.733594,0.579688,0.675781,0.733594,0.637500,0.696875,0.579688,0.637500
010,73_010,0.770703,1.424734,0.958594,0.841406,0.658594,0.958594,0.845313,0.662500,0.841406,0.845313,0.657813,0.658594,0.662500,0.657813
010,73_011,0.715234,1.637467,0.846094,0.753125,0.696875,0.846094,0.685156,0.643750,0.753125,0.685156,0.666406,0.696875,0.643750,0.666406
010,73_100,0.643490,1.902145,0.672656,0.692969,0.581250,0.672656,0.652344,0.707812,0.692969,0.652344,0.553906,0.581250,0.707812,0.553906
010,73_101,0.649870,1.885194,0.660156,0.651563,0.727344,0.660156,0.707812,0.579688,0.651563,0.707812,0.572656,0.727344,0.579688,0.572656
010,73_110,0.755078,1.509977,0.922656,0.831250,0.640625,0.922656,0.839844,0.647656,0.831250,0.839844,0.648438,0.640625,0.647656,0.648438
010,73_codon,0.742839,1.506241,0.886719,0.855469,0.642188,0.886719,0.800000,0.626563,0.855469,0.800000,0.646094,0.642188,0.626563,0.646094
010,74,0.593490,1.961619,0.590625,0.573438,0.640625,0.590625,0.639062,0.550781,0.573438,0.639062,0.566406,0.640625,0.550781,0.566406
010,74_001,0.652604,1.895253,0.665625,0.642969,0.714063,0.665625,0.706250,0.606250,0.642969,0.706250,0.580469,0.714063,0.606250,0.580469
010,74_010,0.775000,1.420127,0.850000,0.662500,0.850000,0.850000,0.662500,0.962500,0.662500,0.662500,0.662500,0.850000,0.962500,0.662500
010,74_011,0.726042,1.588661,0.715625,0.627344,0.710156,0.715625,0.705469,0.901563,0.627344,0.705469,0.696094,0.710156,0.901563,0.696094
010,74_100,0.637630,1.913283,0.702344,0.643750,0.681250,0.702344,0.542188,0.589063,0.643750,0.542188,0.667188,0.681250,0.589063,0.667188
010,74_101,0.632943,1.925923,0.539844,0.649219,0.672656,0.539844,0.616406,0.569531,0.649219,0.616406,0.750000,0.672656,0.569531,0.750000
010,74_110,0.724609,1.581660,0.894531,0.668750,0.731250,0.894531,0.672656,0.725781,0.668750,0.672656,0.654687,0.731250,0.725781,0.654687
010,74_codon,0.710677,1.632910,0.776563,0.725000,0.833594,0.776563,0.618750,0.661719,0.725000,0.618750,0.648438,0.833594,0.661719,0.648438
010,75,0.581380,1.990688,0.578906,0.562500,0.561719,0.578906,0.603125,0.606250,0.562500,0.603125,0.575781,0.561719,0.606250,0.575781
010,75_001,0.663542,1.849103,0.631250,0.737500,0.675781,0.631250,0.590625,0.718750,0.737500,0.590625,0.627344,0.675781,0.718750,0.627344
010,75_010,0.775000,1.420127,0.662500,0.662500,0.662500,0.662500,0.850000,0.962500,0.662500,0.850000,0.850000,0.662500,0.962500,0.850000
010,75_011,0.685677,1.773791,0.660937,0.704688,0.696875,0.660937,0.737500,0.670312,0.704688,0.737500,0.643750,0.696875,0.670312,0.643750
010,75_100,0.641927,1.913117,0.535156,0.571875,0.689063,0.535156,0.682031,0.664844,0.571875,0.682031,0.708594,0.689063,0.664844,0.708594
010,75_101,0.620573,1.994576,0.575781,0.545312,0.743750,0.575781,0.725781,0.582031,0.545312,0.725781,0.550781,0.743750,0.582031,0.550781
010,75_110,0.695312,1.734696,0.658594,0.730469,0.703906,0.658594,0.750781,0.630469,0.730469,0.750781,0.697656,0.703906,0.630469,0.697656
010,75_codon,0.720052,1.655600,0.849219,0.810937,0.628125,0.849219,0.761719,0.620313,0.810937,0.761719,0.650000,0.628125,0.620313,0.650000
010,76,0.561198,1.959050,0.543750,0.525000,0.615625,0.543750,0.571094,0.574219,0.525000,0.571094,0.537500,0.615625,0.574219,0.537500
010,76_001,0.650911,1.907544,0.591406,0.696875,0.545312,0.591406,0.708594,0.698438,0.696875,0.708594,0.664844,0.545312,0.698438,0.664844
010,76_010,0.775000,1.420127,0.662500,0.662500,0.662500,0.662500,0.850000,0.850000,0.662500,0.850000,0.962500,0.662500,0.850000,0.962500
010,76_011,0.729167,1.550572,0.686719,0.649219,0.681250,0.686719,0.717187,0.933594,0.649219,0.717187,0.707031,0.681250,0.933594,0.707031
010,76_100,0.661458,1.852513,0.648438,0.680469,0.748437,0.648438,0.678906,0.595313,0.680469,0.678906,0.617188,0.748437,0.595313,0.617188
010,76_101,0.618099,1.996884,0.707812,0.567969,0.535937,0.707812,0.595313,0.564063,0.567969,0.595313,0.737500,0.535937,0.564063,0.737500
010,76_110,0.703255,1.731116,0.729688,0.784375,0.693750,0.729688,0.706250,0.602344,0.784375,0.706250,0.703125,0.693750,0.602344,0.703125
010,76_codon,0.702865,1.617988,0.798438,0.759375,0.714844,0.798438,0.675000,0.653125,0.759375,0.675000,0.616406,0.714844,0.653125,0.616406
010,77,0.563281,1.978430,0.564844,0.567187,0.538281,0.564844,0.605469,0.545312,0.567187,0.605469,0.558594,0.538281,0.545312,0.558594
010,77_001,0.644661,1.899662,0.714844,0.705469,0.655469,0.714844,0.583594,0.661719,0.705469,0.583594,0.546875,0.655469,0.661719,0.546875
010,77_010,0.773828,1.421062,0.662500,0.660937,0.661719,0.662500,0.960938,0.849219,0.660937,0.960938,0.847656,0.661719,0.849219,0.847656
010,77_011,0.727083,1.586224,0.713281,0.719531,0.909375,0.713281,0.642969,0.686719,0.719531,0.642969,0.690625,0.909375,0.686719,0.690625
010,77_100,0.652474,1.868208,0.657031,0.653125,0.573438,0.657031,0.705469,0.605469,0.653125,0.705469,0.720313,0.573438,0.605469,0.720313
010,77_101,0.625521,1.958229,0.514062,0.710938,0.667969,0.514062,0.526563,0.648438,0.710938,0.526563,0.685156,0.667969,0.648438,0.685156
010,77_110,0.647005,1.951103,0.621875,0.683594,0.644531,0.621875,0.575781,0.747656,0.683594,0.575781,0.608594,0.644531,0.747656,0.608594
010,77_codon,0.698568,1.722119,0.601562,0.790625,0.662500,0.601562,0.692187,0.683594,0.790625,0.692187,0.760938,0.662500,0.683594,0.760938
010,78,0.579688,1.993373,0.533594,0.592969,0.585938,0.533594,0.575000,0.651563,0.592969,0.575000,0.539062,0.585938,0.651563,0.539062
010,78_001,0.644401,1.918741,0.642188,0.657813,0.555469,0.642188,0.710156,0.707812,0.657813,0.710156,0.592969,0.555469,0.707812,0.592969
010,78_010,0.775000,1.420127,0.662500,0.662500,0.662500,0.662500,0.850000,0.850000,0.662500,0.850000,0.962500,0.662500,0.850000,0.962500
010,78_011,0.720703,1.602662,0.698438,0.658594,0.627344,0.698438,0.798438,0.811719,0.658594,0.798438,0.729688,0.627344,0.811719,0.729688
010,78_100,0.637109,1.922421,0.677344,0.592187,0.665625,0.677344,0.700781,0.644531,0.592187,0.700781,0.542188,0.665625,0.644531,0.542188
010,78_101,0.628385,1.957641,0.692969,0.651563,0.653906,0.692969,0.686719,0.545312,0.651563,0.686719,0.539844,0.653906,0.545312,0.539844
010,78_110,0.698047,1.738419,0.716406,0.668750,0.644531,0.716406,0.762500,0.734375,0.668750,0.762500,0.661719,0.644531,0.734375,0.661719
010,78_codon,0.709896,1.688411,0.785156,0.777344,0.680469,0.785156,0.728125,0.655469,0.777344,0.728125,0.632812,0.680469,0.655469,0.632812
010,79,0.574479,1.964140,0.580469,0.555469,0.597656,0.580469,0.585156,0.542188,0.555469,0.585156,0.585938,0.597656,0.542188,0.585938
010,79_001,0.651953,1.876164,0.682813,0.676562,0.600000,0.682813,0.660156,0.578906,0.676562,0.660156,0.713281,0.600000,0.578906,0.713281
010,79_010,0.775000,1.420127,0.850000,0.662500,0.850000,0.850000,0.662500,0.962500,0.662500,0.662500,0.662500,0.850000,0.962500,0.662500
010,79_011,0.759245,1.500625,0.842969,0.653906,0.833594,0.842969,0.648438,0.931250,0.653906,0.648438,0.645312,0.833594,0.931250,0.645312
010,79_100,0.636198,1.913435,0.707031,0.615625,0.668750,0.707031,0.557813,0.600000,0.615625,0.557813,0.667969,0.668750,0.600000,0.667969
010,79_101,0.608464,1.993160,0.600781,0.686719,0.529687,0.600781,0.592187,0.719531,0.686719,0.592187,0.521875,0.529687,0.719531,0.521875
010,79_110,0.711458,1.715144,0.766406,0.651563,0.759375,0.766406,0.623437,0.762500,0.651563,0.623437,0.705469,0.759375,0.762500,0.705469
010,79_codon,0.688802,1.728183,0.773438,0.670312,0.707812,0.773438,0.629687,0.685937,0.670312,0.629687,0.665625,0.707812,0.685937,0.665625
010,7_001,0.656120,1.893024,0.642188,0.578125,0.690625,0.642188,0.618750,0.702344,0.578125,0.618750,0.704688,0.690625,0.702344,0.704688
010,7_010,0.761979,1.466470,0.859375,0.831250,0.662500,0.859375,0.903125,0.662500,0.831250,0.903125,0.653125,0.662500,0.662500,0.653125
010,7_011,0.718099,1.679855,0.611719,0.621094,0.644531,0.611719,0.793750,0.809375,0.621094,0.793750,0.828125,0.644531,0.809375,0.828125
010,7_100,0.656771,1.892746,0.678125,0.658594,0.575000,0.678125,0.694531,0.614844,0.658594,0.694531,0.719531,0.575000,0.614844,0.719531
010,7_101,0.605469,1.996727,0.692187,0.539844,0.599219,0.692187,0.521094,0.582031,0.539844,0.521094,0.698438,0.599219,0.582031,0.698438
010,7_110,0.746875,1.548386,0.871094,0.823438,0.652344,0.871094,0.838281,0.643750,0.823438,0.838281,0.652344,0.652344,0.643750,0.652344
010,7_codon,0.754297,1.490057,0.825000,0.933594,0.642188,0.825000,0.833594,0.643750,0.933594,0.833594,0.647656,0.642188,0.643750,0.647656
010,8,0.538281,1.987480,0.495313,0.558594,0.513281,0.495313,0.515625,0.590625,0.558594,0.515625,0.556250,0.513281,0.590625,0.556250
010,80,0.557552,1.965110,0.592187,0.537500,0.574219,0.592187,0.573438,0.522656,0.537500,0.573438,0.545312,0.574219,0.522656,0.545312
010,80_001,0.631250,1.953463,0.617969,0.525781,0.690625,0.617969,0.689063,0.678125,0.525781,0.689063,0.585938,0.690625,0.678125,0.585938
010,80_010,0.772396,1.425617,0.850000,0.850000,0.659375,0.850000,0.956250,0.659375,0.850000,0.956250,0.659375,0.659375,0.659375,0.659375
010,80_011,0.723177,1.608024,0.710938,0.915625,0.686719,0.710938,0.692969,0.653906,0.915625,0.692969,0.678906,0.686719,0.653906,0.678906
010,80_100,0.674219,1.783140,0.654687,0.593750,0.658594,0.654687,0.811719,0.700781,0.593750,0.811719,0.625781,0.658594,0.700781,0.625781
010,80_101,0.636068,1.965363,0.555469,0.729688,0.645312,0.555469,0.567187,0.635156,0.729688,0.567187,0.683594,0.645312,0.635156,0.683594
010,80_110,0.667448,1.785000,0.665625,0.663281,0.640625,0.665625,0.675000,0.726562,0.663281,0.675000,0.633594,0.640625,0.726562,0.633594
010,80_codon,0.754427,1.499249,0.833594,0.911719,0.661719,0.833594,0.814063,0.658594,0.911719,0.814063,0.646875,0.661719,0.658594,0.646875
010,81,0.542839,1.982334,0.578125,0.518750,0.553125,0.578125,0.594531,0.531250,0.518750,0.594531,0.481250,0.553125,0.531250,0.481250
010,81_001,0.656120,1.862519,0.578906,0.647656,0.681250,0.578906,0.726562,0.616406,0.647656,0.726562,0.685937,0.681250,0.616406,0.685937
010,81_010,0.750000,1.486057,0.612500,0.728125,0.728125,0.612500,0.734375,0.734375,0.728125,0.734375,0.962500,0.728125,0.734375,0.962500
010,81_011,0.755208,1.496768,0.661719,0.644531,0.660937,0.661719,0.839063,0.844531,0.644531,0.839063,0.880469,0.660937,0.844531,0.880469
010,81_100,0.668359,1.820542,0.625781,0.685156,0.676562,0.625781,0.639844,0.612500,0.685156,0.639844,0.770312,0.676562,0.612500,0.770312
010,81_101,0.625911,1.936748,0.639062,0.596875,0.685156,0.639062,0.678125,0.599219,0.596875,0.678125,0.557031,0.685156,0.599219,0.557031
010,81_110,0.713281,1.649545,0.664062,0.686719,0.877344,0.664062,0.652344,0.688281,0.686719,0.652344,0.710938,0.877344,0.688281,0.710938
010,81_codon,0.715365,1.632986,0.653125,0.775781,0.821875,0.653125,0.627344,0.687500,0.775781,0.627344,0.726562,0.821875,0.687500,0.726562
010,82,0.605859,1.897349,0.609375,0.564063,0.567187,0.609375,0.656250,0.639844,0.564063,0.656250,0.598437,0.567187,0.639844,0.598437
010,82_001,0.637240,1.920427,0.542969,0.646875,0.672656,0.542969,0.692187,0.590625,0.646875,0.692187,0.678125,0.672656,0.590625,0.678125
010,82_010,0.773828,1.421062,0.848437,0.847656,0.660937,0.848437,0.961719,0.662500,0.847656,0.961719,0.661719,0.660937,0.662500,0.661719
010,82_011,0.714974,1.618813,0.715625,0.708594,0.628125,0.715625,0.883594,0.679688,0.708594,0.883594,0.674219,0.628125,0.679688,0.674219
010,82_100,0.647135,1.907106,0.690625,0.542188,0.600000,0.690625,0.664062,0.698438,0.542188,0.664062,0.687500,0.600000,0.698438,0.687500
010,82_101,0.634896,1.931272,0.589844,0.618750,0.728906,0.589844,0.703125,0.581250,0.618750,0.703125,0.587500,0.728906,0.581250,0.587500
010,82_110,0.720573,1.594201,0.728125,0.714844,0.654687,0.728125,0.884375,0.674219,0.714844,0.884375,0.667188,0.654687,0.674219,0.667188
010,82_codon,0.750000,1.555166,0.865625,0.871875,0.662500,0.865625,0.800000,0.653125,0.871875,0.800000,0.646875,0.662500,0.653125,0.646875
010,83,0.563021,1.914008,0.538281,0.592187,0.595313,0.538281,0.528906,0.560937,0.592187,0.528906,0.562500,0.595313,0.560937,0.562500
010,83_001,0.656120,1.862716,0.614062,0.589844,0.733594,0.614062,0.671875,0.677344,0.589844,0.671875,0.650000,0.733594,0.677344,0.650000
010,83_010,0.775000,1.420127,0.662500,0.662500,0.662500,0.662500,0.850000,0.962500,0.662500,0.850000,0.850000,0.662500,0.962500,0.850000
010,83_011,0.727995,1.654178,0.782031,0.643750,0.784375,0.782031,0.646094,0.850781,0.643750,0.646094,0.660937,0.784375,0.850781,0.660937
010,83_100,0.641797,1.933799,0.617969,0.664062,0.726562,0.617969,0.524219,0.623437,0.664062,0.524219,0.694531,0.726562,0.623437,0.694531
010,83_101,0.620964,1.958843,0.590625,0.671875,0.653125,0.590625,0.651563,0.545312,0.671875,0.651563,0.613281,0.653125,0.545312,0.613281
010,83_110,0.731901,1.544383,0.682031,0.656250,0.667969,0.682031,0.744531,0.922656,0.656250,0.744531,0.717969,0.667969,0.922656,0.717969
010,83_codon,0.737760,1.489454,0.739844,0.713281,0.909375,0.739844,0.609375,0.777344,0.713281,0.609375,0.677344,0.909375,0.777344,0.677344
010,84,0.543229,1.964799,0.500000,0.623437,0.525781,0.500000,0.489844,0.559375,0.623437,0.489844,0.560937,0.525781,0.559375,0.560937
010,84_001,0.650651,1.880313,0.712500,0.576562,0.625000,0.712500,0.644531,0.682031,0.576562,0.644531,0.663281,0.625000,0.682031,0.663281
010,84_010,0.773828,1.421062,0.847656,0.660937,0.960938,0.847656,0.661719,0.849219,0.660937,0.661719,0.662500,0.960938,0.849219,0.662500
010,84_011,0.765625,1.464400,0.837500,0.659375,0.946875,0.837500,0.653125,0.837500,0.659375,0.653125,0.659375,0.946875,0.837500,0.659375
010,84_100,0.650260,1.864981,0.639062,0.728125,0.674219,0.639062,0.571875,0.672656,0.728125,0.571875,0.615625,0.674219,0.672656,0.615625
010,84_101,0.621484,1.971189,0.684375,0.516406,0.662500,0.684375,0.531250,0.692187,0.516406,0.531250,0.642188,0.662500,0.692187,0.642188
010,84_110,0.730599,1.609360,0.810937,0.850781,0.632812,0.810937,0.828906,0.637500,0.850781,0.828906,0.622656,0.632812,0.637500,0.622656
010,84_codon,0.726042,1.596631,0.706250,0.871875,0.758594,0.706250,0.680469,0.628906,0.871875,0.680469,0.710156,0.758594,0.628906,0.710156
010,85,0.570312,1.965938,0.555469,0.559375,0.521875,0.555469,0.607812,0.580469,0.559375,0.607812,0.596875,0.521875,0.580469,0.596875
010,85_001,0.637500,1.929146,0.690625,0.589063,0.685937,0.690625,0.540625,0.617969,0.589063,0.540625,0.700781,0.685937,0.617969,0.700781
010,85_010,0.773958,1.421525,0.661719,0.849219,0.850000,0.661719,0.661719,0.660937,0.849219,0.661719,0.960156,0.850000,0.660937,0.960156
010,85_011,0.742839,1.565255,0.661719,0.630469,0.657813,0.661719,0.850000,0.847656,0.630469,0.850000,0.809375,0.657813,0.847656,0.809375
010,85_100,0.652995,1.873478,0.660156,0.685156,0.576562,0.660156,0.677344,0.716406,0.685156,0.677344,0.602344,0.576562,0.716406,0.602344
010,85_101,0.619010,1.967034,0.589844,0.692187,0.578125,0.589844,0.603906,0.671875,0.692187,0.603906,0.578125,0.578125,0.671875,0.578125
010,85_110,0.720703,1.604406,0.703125,0.696094,0.635156,0.703125,0.904687,0.697656,0.696094,0.904687,0.687500,0.635156,0.697656,0.687500
010,85_codon,0.756641,1.492213,0.832812,0.917188,0.663281,0.832812,0.821875,0.655469,0.917188,0.821875,0.649219,0.663281,0.655469,0.649219
010,86,0.574219,1.990341,0.579688,0.566406,0.567969,0.579688,0.581250,0.600781,0.566406,0.581250,0.549219,0.567969,0.600781,0.549219
010,86_001,0.655339,1.894646,0.723437,0.614062,0.558594,0.723437,0.714063,0.653125,0.614062,0.714063,0.668750,0.558594,0.653125,0.668750
010,86_010,0.753125,1.484383,0.727344,0.620313,0.725781,0.727344,0.741406,0.960938,0.620313,0.741406,0.742969,0.725781,0.960938,0.742969
010,86_011,0.709375,1.649065,0.679688,0.883594,0.691406,0.679688,0.692969,0.620313,0.883594,0.692969,0.688281,0.691406,0.620313,0.688281
010,86_100,0.663281,1.807856,0.693750,0.675000,0.623437,0.693750,0.635156,0.779687,0.675000,0.635156,0.572656,0.623437,0.779687,0.572656
010,86_101,0.622786,1.971158,0.550000,0.658594,0.513281,0.550000,0.672656,0.709375,0.658594,0.672656,0.632812,0.513281,0.709375,0.632812
010,86_110,0.708854,1.652998,0.683594,0.692969,0.621094,0.683594,0.775000,0.750000,0.692969,0.775000,0.730469,0.621094,0.750000,0.730469
010,86_codon,0.690495,1.777245,0.721094,0.710156,0.625781,0.721094,0.771094,0.653906,0.710156,0.771094,0.660937,0.625781,0.653906,0.660937
010,87,0.563281,1.946952,0.564063,0.523438,0.567969,0.564063,0.559375,0.609375,0.523438,0.559375,0.555469,0.567969,0.609375,0.555469
010,87_001,0.655469,1.819365,0.606250,0.644531,0.646094,0.606250,0.596094,0.763281,0.644531,0.596094,0.676562,0.646094,0.763281,0.676562
010,87_010,0.775000,1.420127,0.962500,0.850000,0.662500,0.962500,0.850000,0.662500,0.850000,0.850000,0.662500,0.662500,0.662500,0.662500
010,87_011,0.695573,1.739712,0.621875,0.700000,0.676562,0.621875,0.735938,0.705469,0.700000,0.735938,0.733594,0.676562,0.705469,0.733594
010,87_100,0.646094,1.953233,0.583594,0.697656,0.553906,0.583594,0.690625,0.698438,0.697656,0.690625,0.652344,0.553906,0.698438,0.652344
010,87_101,0.687891,1.752523,0.665625,0.680469,0.646875,0.665625,0.654687,0.841406,0.680469,0.654687,0.638281,0.646875,0.841406,0.638281
010,87_110,0.696484,1.752636,0.612500,0.683594,0.712500,0.612500,0.682813,0.706250,0.683594,0.682813,0.781250,0.712500,0.706250,0.781250
010,87_codon,0.732812,1.539412,0.685156,0.763281,0.893750,0.685156,0.612500,0.722656,0.763281,0.612500,0.719531,0.893750,0.722656,0.719531
010,88,0.548177,1.967316,0.543750,0.522656,0.530469,0.543750,0.539844,0.579688,0.522656,0.539844,0.572656,0.530469,0.579688,0.572656
010,88_001,0.651693,1.873760,0.562500,0.668750,0.646094,0.562500,0.647656,0.677344,0.668750,0.647656,0.707812,0.646094,0.677344,0.707812
010,88_010,0.773828,1.421062,0.660937,0.661719,0.660937,0.660937,0.849219,0.848437,0.661719,0.849219,0.961719,0.660937,0.848437,0.961719
010,88_011,0.732552,1.628022,0.628125,0.836719,0.763281,0.628125,0.655469,0.661719,0.836719,0.655469,0.850000,0.763281,0.661719,0.850000
010,88_100,0.640365,1.904997,0.666406,0.700781,0.584375,0.666406,0.660156,0.537500,0.700781,0.660156,0.692969,0.584375,0.537500,0.692969
010,88_101,0.614714,1.993909,0.565625,0.557031,0.707812,0.565625,0.737500,0.564063,0.557031,0.737500,0.556250,0.707812,0.564063,0.556250
010,88_110,0.687891,1.748373,0.630469,0.654687,0.693750,0.630469,0.633594,0.707031,0.654687,0.633594,0.807813,0.693750,0.707031,0.807813
010,88_codon,0.725911,1.599413,0.835156,0.823438,0.634375,0.835156,0.792188,0.625781,0.823438,0.792188,0.644531,0.634375,0.625781,0.644531
010,89,0.595703,1.916200,0.568750,0.650000,0.653125,0.568750,0.532813,0.601562,0.650000,0.532813,0.567969,0.653125,0.601562,0.567969
010,89_001,0.640755,1.958548,0.675781,0.665625,0.691406,0.675781,0.527344,0.564063,0.665625,0.527344,0.720313,0.691406,0.564063,0.720313
010,89_010,0.775000,1.420127,0.850000,0.662500,0.962500,0.850000,0.662500,0.850000,0.662500,0.662500,0.662500,0.962500,0.850000,0.662500
010,89_011,0.738411,1.557458,0.839063,0.664062,0.870313,0.839063,0.614844,0.769531,0.664062,0.614844,0.672656,0.870313,0.769531,0.672656
010,89_100,0.642578,1.929822,0.597656,0.557813,0.701562,0.597656,0.705469,0.675000,0.557813,0.705469,0.617969,0.701562,0.675000,0.617969
010,89_101,0.627734,1.986235,0.547656,0.772656,0.604688,0.547656,0.537500,0.710156,0.772656,0.537500,0.593750,0.604688,0.710156,0.593750
010,89_110,0.742708,1.555872,0.808594,0.633594,0.918750,0.808594,0.646875,0.811719,0.633594,0.646875,0.636719,0.918750,0.811719,0.636719
010,89_codon,0.668750,1.846602,0.665625,0.735156,0.653906,0.665625,0.611719,0.741406,0.735156,0.611719,0.604688,0.653906,0.741406,0.604688
010,8_001,0.652083,1.857656,0.734375,0.585156,0.622656,0.734375,0.627344,0.660937,0.585156,0.627344,0.682031,0.622656,0.660937,0.682031
010,8_010,0.775000,1.420127,0.662500,0.850000,0.850000,0.662500,0.662500,0.662500,0.850000,0.662500,0.962500,0.850000,0.662500,0.962500
010,8_011,0.731641,1.583997,0.777344,0.853125,0.657813,0.777344,0.836719,0.626563,0.853125,0.836719,0.638281,0.657813,0.626563,0.638281
010,8_100,0.642578,1.932960,0.548438,0.598437,0.700000,0.548438,0.690625,0.639844,0.598437,0.690625,0.678125,0.700000,0.639844,0.678125
010,8_101,0.626432,1.953048,0.665625,0.631250,0.664062,0.665625,0.570312,0.667188,0.631250,0.570312,0.560156,0.664062,0.667188,0.560156
010,8_110,0.719661,1.620842,0.660937,0.901563,0.696875,0.660937,0.677344,0.674219,0.901563,0.677344,0.707031,0.696875,0.674219,0.707031
010,8_codon,0.683203,1.728063,0.796094,0.710938,0.685937,0.796094,0.650000,0.651563,0.710938,0.650000,0.604688,0.685937,0.651563,0.604688
010,9,0.585938,1.945652,0.630469,0.585938,0.592969,0.630469,0.555469,0.605469,0.585938,0.555469,0.545312,0.592969,0.605469,0.545312
010,90,0.580469,1.975049,0.600781,0.539062,0.607031,0.600781,0.531250,0.553125,0.539062,0.531250,0.651563,0.607031,0.553125,0.651563
010,90_001,0.654948,1.873832,0.648438,0.668750,0.675781,0.648438,0.738281,0.588281,0.668750,0.738281,0.610156,0.675781,0.588281,0.610156
010,90_010,0.773958,1.421525,0.660937,0.661719,0.661719,0.660937,0.960156,0.850000,0.661719,0.960156,0.849219,0.661719,0.850000,0.849219
010,90_011,0.760547,1.491786,0.653125,0.657813,0.652344,0.653125,0.829688,0.928906,0.657813,0.829688,0.841406,0.652344,0.928906,0.841406
010,90_100,0.639974,1.921454,0.620313,0.661719,0.703906,0.620313,0.691406,0.559375,0.661719,0.691406,0.603125,0.703906,0.559375,0.603125
010,90_101,0.630469,1.964445,0.542969,0.699219,0.650781,0.542969,0.557031,0.652344,0.699219,0.557031,0.680469,0.650781,0.652344,0.680469
010,90_110,0.729948,1.561411,0.934375,0.707812,0.693750,0.934375,0.718750,0.703906,0.707812,0.718750,0.621094,0.693750,0.703906,0.621094
010,90_codon,0.754687,1.492005,0.649219,0.887500,0.875000,0.649219,0.651563,0.657031,0.887500,0.651563,0.807813,0.875000,0.657031,0.807813
010,91,0.561458,1.942228,0.571875,0.601562,0.550000,0.571875,0.508594,0.565625,0.601562,0.508594,0.571094,0.550000,0.565625,0.571094
010,91_001,0.636458,1.924416,0.628125,0.560156,0.669531,0.628125,0.698438,0.660937,0.560156,0.698438,0.601562,0.669531,0.660937,0.601562
010,91_010,0.775000,1.420127,0.662500,0.850000,0.962500,0.662500,0.662500,0.662500,0.850000,0.662500,0.850000,0.962500,0.662500,0.850000
010,91_011,0.732812,1.615865,0.843750,0.650000,0.803125,0.843750,0.653125,0.818750,0.650000,0.653125,0.628125,0.803125,0.818750,0.628125
010,91_100,0.667188,1.803789,0.653906,0.788281,0.617188,0.653906,0.653906,0.646094,0.788281,0.653906,0.643750,0.617188,0.646094,0.643750
010,91_101,0.642969,1.893758,0.600000,0.689844,0.567187,0.600000,0.667188,0.710156,0.689844,0.667188,0.623437,0.567187,0.710156,0.623437
010,91_110,0.706901,1.692626,0.739062,0.694531,0.616406,0.739062,0.797656,0.700000,0.694531,0.797656,0.693750,0.616406,0.700000,0.693750
010,91_codon,0.731901,1.516030,0.896875,0.782813,0.676562,0.896875,0.745313,0.646875,0.782813,0.745313,0.642969,0.676562,0.646875,0.642969
010,92,0.581120,1.970364,0.654687,0.596094,0.572656,0.654687,0.621875,0.510156,0.596094,0.621875,0.531250,0.572656,0.510156,0.531250
010,92_001,0.645312,1.917538,0.556250,0.711719,0.606250,0.556250,0.623437,0.693750,0.711719,0.623437,0.680469,0.606250,0.693750,0.680469
010,92_010,0.775000,1.420127,0.662500,0.962500,0.850000,0.662500,0.662500,0.662500,0.962500,0.662500,0.850000,0.850000,0.662500,0.850000
010,92_011,0.696224,1.740325,0.720313,0.642188,0.675781,0.720313,0.742188,0.746875,0.642188,0.742188,0.650000,0.675781,0.746875,0.650000
010,92_100,0.649349,1.893655,0.609375,0.698438,0.557813,0.609375,0.713281,0.674219,0.698438,0.713281,0.642969,0.557813,0.674219,0.642969
010,92_101,0.651823,1.884585,0.623437,0.695312,0.599219,0.623437,0.660937,0.694531,0.695312,0.660937,0.637500,0.599219,0.694531,0.637500
010,92_110,0.720052,1.640355,0.778906,0.770312,0.619531,0.778906,0.803906,0.665625,0.770312,0.803906,0.682031,0.619531,0.665625,0.682031
010,92_codon,0.764583,1.437862,0.942969,0.837500,0.657031,0.942969,0.836719,0.656250,0.837500,0.836719,0.657031,0.657031,0.656250,0.657031
010,93,0.576432,1.984689,0.537500,0.644531,0.600781,0.537500,0.503125,0.561719,0.644531,0.503125,0.610938,0.600781,0.561719,0.610938
010,93_001,0.636068,1.910077,0.645312,0.709375,0.621094,0.645312,0.599219,0.670312,0.709375,0.599219,0.571094,0.621094,0.670312,0.571094
010,93_010,0.769141,1.469113,0.662500,0.846875,0.848437,0.662500,0.659375,0.660937,0.846875,0.659375,0.936719,0.848437,0.660937,0.936719
010,93_011,0.747135,1.562115,0.839844,0.860156,0.641406,0.839844,0.834375,0.657031,0.860156,0.834375,0.650000,0.641406,0.657031,0.650000
010,93_100,0.655078,1.850666,0.632031,0.679688,0.592969,0.632031,0.678125,0.728906,0.679688,0.678125,0.618750,0.592969,0.728906,0.618750
010,93_101,0.633203,1.980498,0.620313,0.747656,0.578906,0.620313,0.601562,0.682813,0.747656,0.601562,0.567969,0.578906,0.682813,0.567969
010,93_110,0.721745,1.595948,0.671094,0.651563,0.657813,0.671094,0.735156,0.894531,0.651563,0.735156,0.720313,0.657813,0.894531,0.720313
010,93_codon,0.734245,1.541748,0.640625,0.847656,0.817969,0.640625,0.635156,0.650000,0.847656,0.635156,0.814063,0.817969,0.650000,0.814063
010,94,0.577083,1.983998,0.544531,0.578125,0.612500,0.544531,0.577344,0.571875,0.578125,0.577344,0.578125,0.612500,0.571875,0.578125
010,94_001,0.639193,1.911004,0.603125,0.703906,0.556250,0.603125,0.671875,0.664844,0.703906,0.671875,0.635156,0.556250,0.664844,0.635156
010,94_010,0.775000,1.420127,0.662500,0.850000,0.850000,0.662500,0.662500,0.662500,0.850000,0.662500,0.962500,0.850000,0.662500,0.962500
010,94_011,0.655469,1.942451,0.669531,0.633594,0.650781,0.669531,0.643750,0.642969,0.633594,0.643750,0.692187,0.650781,0.642969,0.692187
010,94_100,0.653385,1.871856,0.685937,0.693750,0.607031,0.685937,0.650781,0.721094,0.693750,0.650781,0.561719,0.607031,0.721094,0.561719
010,94_101,0.641927,1.926161,0.592187,0.622656,0.575781,0.592187,0.681250,0.713281,0.622656,0.681250,0.666406,0.575781,0.713281,0.666406
010,94_110,0.694792,1.753777,0.690625,0.700000,0.617969,0.690625,0.750000,0.747656,0.700000,0.750000,0.662500,0.617969,0.747656,0.662500
010,94_codon,0.702604,1.629946,0.736719,0.791406,0.758594,0.736719,0.649219,0.629687,0.791406,0.649219,0.650000,0.758594,0.629687,0.650000
010,95,0.565885,1.982874,0.515625,0.549219,0.598437,0.515625,0.594531,0.563281,0.549219,0.594531,0.574219,0.598437,0.563281,0.574219
010,95_001,0.650521,1.861473,0.652344,0.746094,0.664062,0.652344,0.575000,0.642969,0.746094,0.575000,0.622656,0.664062,0.642969,0.622656
010,95_010,0.775000,1.420127,0.662500,0.962500,0.850000,0.662500,0.662500,0.662500,0.962500,0.662500,0.850000,0.850000,0.662500,0.850000
010,95_011,0.691927,1.722989,0.745313,0.673438,0.722656,0.745313,0.671094,0.650000,0.673438,0.671094,0.689063,0.722656,0.650000,0.689063
010,95_100,0.636198,1.927766,0.661719,0.685156,0.597656,0.661719,0.636719,0.687500,0.685156,0.636719,0.548438,0.597656,0.687500,0.548438
010,95_101,0.630208,1.990073,0.658594,0.635156,0.669531,0.658594,0.743750,0.550000,0.635156,0.743750,0.524219,0.669531,0.550000,0.524219
010,95_110,0.702865,1.715576,0.686719,0.752344,0.769531,0.686719,0.633594,0.616406,0.752344,0.633594,0.758594,0.769531,0.616406,0.758594
010,95_codon,0.685547,1.671586,0.711719,0.764062,0.792188,0.711719,0.571094,0.617188,0.764062,0.571094,0.657031,0.792188,0.617188,0.657031
010,96,0.531641,1.987402,0.544531,0.536719,0.534375,0.544531,0.457031,0.569531,0.536719,0.457031,0.547656,0.534375,0.569531,0.547656
010,96_001,0.635417,1.929702,0.684375,0.674219,0.632031,0.684375,0.570312,0.565625,0.674219,0.570312,0.685937,0.632031,0.565625,0.685937
010,96_010,0.775000,1.420127,0.662500,0.850000,0.962500,0.662500,0.662500,0.662500,0.850000,0.662500,0.850000,0.962500,0.662500,0.850000
010,96_011,0.686068,1.740535,0.719531,0.684375,0.813281,0.719531,0.649219,0.628125,0.684375,0.649219,0.621875,0.813281,0.628125,0.621875
010,96_100,0.657552,1.833387,0.669531,0.742969,0.621875,0.669531,0.629687,0.699219,0.742969,0.629687,0.582031,0.621875,0.699219,0.582031
010,96_101,0.641276,1.901644,0.687500,0.560937,0.678125,0.687500,0.610938,0.736719,0.560937,0.610938,0.573438,0.678125,0.736719,0.573438
010,96_110,0.727083,1.554756,0.672656,0.693750,0.649219,0.672656,0.906250,0.711719,0.693750,0.906250,0.728906,0.649219,0.711719,0.728906
010,96_codon,0.736589,1.530944,0.782813,0.930469,0.659375,0.782813,0.779687,0.615625,0.930469,0.779687,0.651563,0.659375,0.615625,0.651563
010,97,0.586849,1.936459,0.610938,0.606250,0.592969,0.610938,0.567187,0.551562,0.606250,0.567187,0.592187,0.592969,0.551562,0.592187
010,97_001,0.647396,1.940717,0.546094,0.589063,0.690625,0.546094,0.696875,0.660937,0.589063,0.696875,0.700781,0.690625,0.660937,0.700781
010,97_010,0.775000,1.420127,0.662500,0.850000,0.962500,0.662500,0.662500,0.662500,0.850000,0.662500,0.850000,0.962500,0.662500,0.850000
010,97_011,0.723828,1.589729,0.671875,0.900000,0.724219,0.671875,0.666406,0.656250,0.900000,0.666406,0.724219,0.724219,0.656250,0.724219
010,97_100,0.656250,1.877246,0.689844,0.654687,0.739062,0.689844,0.660156,0.610938,0.654687,0.660156,0.582812,0.739062,0.610938,0.582812
010,97_101,0.628125,1.956581,0.632031,0.540625,0.742188,0.632031,0.642188,0.657031,0.540625,0.642188,0.554688,0.742188,0.657031,0.554688
010,97_110,0.748177,1.541090,0.660937,0.849219,0.819531,0.660937,0.660156,0.639844,0.849219,0.660156,0.859375,0.819531,0.639844,0.859375
010,97_codon,0.768750,1.442908,0.659375,0.953125,0.843750,0.659375,0.656250,0.659375,0.953125,0.656250,0.840625,0.843750,0.659375,0.840625
010,98,0.557161,1.987059,0.542188,0.559375,0.579688,0.542188,0.564844,0.535156,0.559375,0.564844,0.561719,0.579688,0.535156,0.561719
010,98_001,0.674609,1.808260,0.628125,0.798438,0.587500,0.628125,0.707812,0.656250,0.798438,0.707812,0.669531,0.587500,0.656250,0.669531
010,98_010,0.695182,1.674401,0.778125,0.619531,0.661719,0.778125,0.760156,0.749219,0.619531,0.760156,0.602344,0.661719,0.749219,0.602344
010,98_011,0.723307,1.614879,0.706250,0.678125,0.908594,0.706250,0.614062,0.730469,0.678125,0.614062,0.702344,0.908594,0.730469,0.702344
010,98_100,0.641927,1.943930,0.583594,0.541406,0.694531,0.583594,0.712500,0.675781,0.541406,0.712500,0.643750,0.694531,0.675781,0.643750
010,98_101,0.628906,1.987540,0.730469,0.561719,0.545312,0.730469,0.592187,0.579688,0.561719,0.592187,0.764062,0.545312,0.579688,0.764062
010,98_110,0.664193,1.891305,0.518750,0.596094,0.632812,0.518750,0.714844,0.710156,0.596094,0.714844,0.812500,0.632812,0.710156,0.812500
010,98_codon,0.703906,1.618328,0.796094,0.758594,0.677344,0.796094,0.713281,0.647656,0.758594,0.713281,0.630469,0.677344,0.647656,0.630469
010,99,0.561979,1.950608,0.574219,0.587500,0.576562,0.574219,0.573438,0.538281,0.587500,0.573438,0.521875,0.576562,0.538281,0.521875
010,99_001,0.659245,1.865595,0.685156,0.741406,0.665625,0.685156,0.623437,0.652344,0.741406,0.623437,0.587500,0.665625,0.652344,0.587500
010,99_010,0.775000,1.420127,0.662500,0.962500,0.850000,0.662500,0.662500,0.662500,0.962500,0.662500,0.850000,0.850000,0.662500,0.850000
010,99_011,0.743490,1.563164,0.634375,0.894531,0.832031,0.634375,0.633594,0.646094,0.894531,0.633594,0.820312,0.832031,0.646094,0.820312
010,99_100,0.661589,1.849577,0.628125,0.740625,0.570312,0.628125,0.708594,0.664844,0.740625,0.708594,0.657031,0.570312,0.664844,0.657031
010,99_101,0.666016,1.815794,0.707031,0.546094,0.799219,0.707031,0.630469,0.714063,0.546094,0.630469,0.599219,0.799219,0.714063,0.599219
010,99_110,0.735286,1.623993,0.816406,0.870313,0.664062,0.816406,0.774219,0.617969,0.870313,0.774219,0.668750,0.664062,0.617969,0.668750
010,99_codon,0.739453,1.588315,0.642188,0.861719,0.846875,0.642188,0.638281,0.650781,0.861719,0.638281,0.796875,0.846875,0.650781,0.796875
010,9_001,0.662240,1.849522,0.585938,0.659375,0.672656,0.585938,0.735938,0.622656,0.659375,0.735938,0.696875,0.672656,0.622656,0.696875
010,9_010,0.770833,1.423827,0.845313,0.660937,0.959375,0.845313,0.659375,0.842187,0.660937,0.659375,0.657813,0.959375,0.842187,0.657813
010,9_011,0.705990,1.681107,0.751563,0.644531,0.759375,0.751563,0.675781,0.784375,0.644531,0.675781,0.620313,0.759375,0.784375,0.620313
010,9_100,0.657813,1.850941,0.680469,0.667969,0.635156,0.680469,0.622656,0.747656,0.667969,0.622656,0.592969,0.635156,0.747656,0.592969
010,9_101,0.616667,1.994503,0.617188,0.561719,0.733594,0.617188,0.707812,0.564844,0.561719,0.707812,0.514844,0.733594,0.564844,0.514844
010,9_110,0.716276,1.648983,0.794531,0.700000,0.804688,0.794531,0.654687,0.715625,0.700000,0.654687,0.628125,0.804688,0.715625,0.628125
010,9_codon,0.719792,1.585670,0.703906,0.708594,0.898438,0.703906,0.603906,0.719531,0.708594,0.603906,0.684375,0.898438,0.719531,0.684375
010,k3_alphabetical,0.633333,1.993462,0.665625,0.559375,0.512500,0.665625,0.687500,0.640625,0.559375,0.687500,0.734375,0.512500,0.640625,0.734375
011,0,0.400260,3.824803,0.396094,0.428906,0.464844,0.396094,0.341406,0.406250,0.428906,0.341406,0.364062,0.464844,0.406250,0.364062
011,0_001,0.521745,3.258007,0.646875,0.559375,0.453906,0.646875,0.560156,0.450000,0.559375,0.560156,0.460156,0.453906,0.450000,0.460156
011,0_010,0.509115,3.308566,0.432813,0.579688,0.644531,0.432813,0.423438,0.410937,0.579688,0.423438,0.563281,0.644531,0.410937,0.563281
011,0_011,0.551562,3.120114,0.645312,0.578906,0.532813,0.645312,0.557031,0.508594,0.578906,0.557031,0.486719,0.532813,0.508594,0.486719
011,0_100,0.427734,3.859875,0.322656,0.382812,0.529687,0.322656,0.450781,0.404687,0.382812,0.450781,0.475781,0.529687,0.404687,0.475781
011,0_101,0.441797,3.815335,0.386719,0.533594,0.365625,0.386719,0.464844,0.465625,0.533594,0.464844,0.434375,0.365625,0.465625,0.434375
011,0_110,0.486849,3.462385,0.378125,0.550000,0.655469,0.378125,0.403906,0.377344,0.550000,0.403906,0.556250,0.655469,0.377344,0.556250
011,0_codon,0.492188,3.448419,0.390625,0.600000,0.584375,0.390625,0.407813,0.402344,0.600000,0.407813,0.567969,0.584375,0.402344,0.567969
011,1,0.396354,3.799658,0.395312,0.396875,0.385156,0.395312,0.363281,0.418750,0.396875,0.363281,0.418750,0.385156,0.418750,0.418750
011,10,0.394661,3.821119,0.397656,0.427344,0.379687,0.397656,0.353906,0.392188,0.427344,0.353906,0.417188,0.379687,0.392188,0.417188
011,10_001,0.521745,3.244309,0.573438,0.662500,0.435156,0.573438,0.579688,0.446875,0.662500,0.579688,0.432813,0.435156,0.446875,0.432813
011,10_010,0.519661,3.266902,0.564844,0.450000,0.549219,0.564844,0.446875,0.653125,0.450000,0.446875,0.453906,0.549219,0.653125,0.453906
011,10_011,0.561198,3.092253,0.565625,0.545312,0.596875,0.565625,0.568750,0.555469,0.545312,0.568750,0.535156,0.596875,0.555469,0.535156
011,10_100,0.433724,3.821223,0.407813,0.464063,0.452344,0.407813,0.547656,0.337500,0.464063,0.547656,0.392969,0.452344,0.337500,0.392969
011,10_101,0.460677,3.605599,0.538281,0.504687,0.453906,0.538281,0.506250,0.360938,0.504687,0.506250,0.400000,0.453906,0.360938,0.400000
011,10_110,0.495703,3.428659,0.571094,0.399219,0.577344,0.571094,0.381250,0.663281,0.399219,0.381250,0.382031,0.577344,0.663281,0.382031
011,10_codon,0.468620,3.527529,0.414062,0.660156,0.486719,0.414062,0.381250,0.421875,0.660156,0.381250,0.447656,0.486719,0.421875,0.447656
011,11,0.407292,3.739251,0.391406,0.412500,0.422656,0.391406,0.396875,0.405469,0.412500,0.396875,0.414844,0.422656,0.405469,0.414844
011,11_001,0.523828,3.261121,0.452344,0.573438,0.580469,0.452344,0.437500,0.436719,0.573438,0.437500,0.662500,0.580469,0.436719,0.662500
011,11_010,0.527344,3.243597,0.642188,0.453125,0.599219,0.642188,0.433594,0.577344,0.453125,0.433594,0.458594,0.599219,0.577344,0.458594
011,11_011,0.559766,3.068405,0.585938,0.523438,0.527344,0.585938,0.557813,0.565625,0.523438,0.557813,0.598437,0.527344,0.565625,0.598437
011,11_100,0.431510,3.823065,0.546094,0.339063,0.401563,0.546094,0.392969,0.461719,0.339063,0.392969,0.447656,0.401563,0.461719,0.447656
011,11_101,0.457812,3.692280,0.460156,0.393750,0.533594,0.460156,0.410937,0.475781,0.393750,0.410937,0.472656,0.533594,0.475781,0.472656
011,11_110,0.474349,3.513386,0.475781,0.394531,0.707812,0.475781,0.392188,0.478906,0.394531,0.392188,0.396875,0.707812,0.478906,0.396875
011,11_codon,0.496224,3.409920,0.575781,0.488281,0.551562,0.575781,0.448438,0.467969,0.488281,0.448438,0.445312,0.551562,0.467969,0.445312
011,12,0.417969,3.721412,0.342969,0.450000,0.431250,0.342969,0.378906,0.442187,0.450000,0.378906,0.462500,0.431250,0.442187,0.462500
011,12_001,0.512370,3.266171,0.428906,0.667969,0.566406,0.428906,0.415625,0.441406,0.667969,0.415625,0.553906,0.566406,0.441406,0.553906
011,12_010,0.518359,3.280683,0.564844,0.440625,0.570312,0.564844,0.427344,0.675781,0.440625,0.427344,0.431250,0.570312,0.675781,0.431250
011,12_011,0.560937,3.115346,0.500781,0.625781,0.621875,0.500781,0.494531,0.519531,0.625781,0.494531,0.603125,0.621875,0.519531,0.603125
011,12_100,0.428646,3.820617,0.384375,0.541406,0.439844,0.384375,0.349219,0.438281,0.541406,0.349219,0.418750,0.439844,0.438281,0.418750
011,12_101,0.493880,3.448334,0.396094,0.652344,0.540625,0.396094,0.397656,0.437500,0.652344,0.397656,0.539062,0.540625,0.437500,0.539062
011,12_110,0.471354,3.513835,0.414844,0.430469,0.438281,0.414844,0.416406,0.689063,0.430469,0.416406,0.439063,0.438281,0.689063,0.439063
011,12_codon,0.496354,3.438834,0.477344,0.489062,0.542969,0.477344,0.432031,0.542969,0.489062,0.432031,0.493750,0.542969,0.542969,0.493750
011,13,0.408203,3.764551,0.418750,0.402344,0.442969,0.418750,0.357812,0.434375,0.402344,0.357812,0.392969,0.442969,0.434375,0.392969
011,13_001,0.540625,3.203924,0.463281,0.670312,0.588281,0.463281,0.464844,0.465625,0.670312,0.464844,0.591406,0.588281,0.465625,0.591406
011,13_010,0.513542,3.300301,0.561719,0.417188,0.668750,0.561719,0.425000,0.583594,0.417188,0.425000,0.425000,0.668750,0.583594,0.425000
011,13_011,0.555729,3.115745,0.571094,0.510156,0.603906,0.571094,0.480469,0.649219,0.510156,0.480469,0.519531,0.603906,0.649219,0.519531
011,13_100,0.428906,3.806396,0.415625,0.362500,0.538281,0.415625,0.427344,0.440625,0.362500,0.427344,0.389062,0.538281,0.440625,0.389062
011,13_101,0.446875,3.761188,0.342969,0.513281,0.440625,0.342969,0.421875,0.452344,0.513281,0.421875,0.510156,0.440625,0.452344,0.510156
011,13_110,0.469010,3.593808,0.549219,0.379687,0.517188,0.549219,0.435156,0.510938,0.379687,0.435156,0.421875,0.517188,0.510938,0.421875
011,13_codon,0.480078,3.522247,0.633594,0.480469,0.442187,0.633594,0.474219,0.425000,0.480469,0.474219,0.425000,0.442187,0.425000,0.425000
011,14,0.382812,3.874482,0.410156,0.414062,0.346875,0.410156,0.384375,0.367188,0.414062,0.384375,0.374219,0.346875,0.367188,0.374219
011,14_001,0.519271,3.293043,0.583594,0.588281,0.446094,0.583594,0.631250,0.446094,0.588281,0.631250,0.420312,0.446094,0.446094,0.420312
011,14_010,0.539323,3.191850,0.568750,0.468750,0.675781,0.568750,0.460156,0.578125,0.468750,0.460156,0.484375,0.675781,0.578125,0.484375
011,14_011,0.560807,3.077402,0.564063,0.553906,0.600000,0.564063,0.572656,0.545312,0.553906,0.572656,0.528906,0.600000,0.545312,0.528906
011,14_100,0.422917,3.847612,0.389844,0.325781,0.531250,0.389844,0.433594,0.463281,0.325781,0.433594,0.393750,0.531250,0.463281,0.393750
011,14_101,0.511198,3.387316,0.661719,0.578906,0.407031,0.661719,0.589063,0.419531,0.578906,0.589063,0.410937,0.407031,0.419531,0.410937
011,14_110,0.456901,3.602771,0.453125,0.450781,0.571094,0.453125,0.409375,0.410156,0.450781,0.409375,0.446875,0.571094,0.410156,0.446875
011,14_codon,0.488021,3.407183,0.413281,0.658594,0.552344,0.413281,0.386719,0.410937,0.658594,0.386719,0.506250,0.552344,0.410937,0.506250
011,15,0.405208,3.802363,0.419531,0.421094,0.408594,0.419531,0.403125,0.381250,0.421094,0.403125,0.397656,0.408594,0.381250,0.397656
011,15_001,0.529036,3.247610,0.573438,0.663281,0.446094,0.573438,0.576562,0.471094,0.663281,0.576562,0.443750,0.446094,0.471094,0.443750
011,15_010,0.520573,3.242399,0.450781,0.548438,0.568750,0.450781,0.452344,0.437500,0.548438,0.452344,0.665625,0.568750,0.437500,0.665625
011,15_011,0.557031,3.094997,0.513281,0.512500,0.478906,0.513281,0.633594,0.598437,0.512500,0.633594,0.605469,0.478906,0.598437,0.605469
011,15_100,0.421354,3.861826,0.400781,0.527344,0.468750,0.400781,0.310156,0.447656,0.527344,0.310156,0.373437,0.468750,0.447656,0.373437
011,15_101,0.473828,3.657981,0.557813,0.519531,0.440625,0.557813,0.518750,0.448438,0.519531,0.518750,0.357812,0.440625,0.448438,0.357812
011,15_110,0.444401,3.744799,0.439844,0.546875,0.469531,0.439844,0.367188,0.434375,0.546875,0.367188,0.408594,0.469531,0.434375,0.408594
011,15_codon,0.494922,3.398126,0.389844,0.662500,0.570312,0.389844,0.383594,0.411719,0.662500,0.383594,0.551562,0.570312,0.411719,0.551562
011,16,0.380990,3.887960,0.364844,0.389844,0.425000,0.364844,0.378906,0.337500,0.389844,0.378906,0.389844,0.425000,0.337500,0.389844
011,16_001,0.528906,3.227473,0.443750,0.448438,0.450000,0.443750,0.666406,0.584375,0.448438,0.666406,0.580469,0.450000,0.584375,0.580469
011,16_010,0.526042,3.253084,0.666406,0.465625,0.540625,0.666406,0.471094,0.549219,0.465625,0.471094,0.463281,0.540625,0.549219,0.463281
011,16_011,0.553776,3.112135,0.517188,0.581250,0.653906,0.517188,0.504687,0.502344,0.581250,0.504687,0.563281,0.653906,0.502344,0.563281
011,16_100,0.423438,3.859413,0.392188,0.530469,0.464063,0.392188,0.317969,0.449219,0.530469,0.317969,0.386719,0.464063,0.449219,0.386719
011,16_101,0.445443,3.816116,0.478125,0.413281,0.462500,0.478125,0.520312,0.432031,0.413281,0.520312,0.366406,0.462500,0.432031,0.366406
011,16_110,0.477865,3.491798,0.400000,0.470313,0.695312,0.400000,0.421094,0.405469,0.470313,0.421094,0.475000,0.695312,0.405469,0.475000
011,16_codon,0.488151,3.411597,0.603125,0.618750,0.376563,0.603125,0.554688,0.381250,0.618750,0.554688,0.394531,0.376563,0.381250,0.394531
011,17,0.394661,3.795432,0.439063,0.346094,0.362500,0.439063,0.402344,0.399219,0.346094,0.402344,0.418750,0.362500,0.399219,0.418750
011,17_001,0.533333,3.236070,0.491406,0.499219,0.492188,0.491406,0.607812,0.559375,0.499219,0.607812,0.550000,0.492188,0.559375,0.550000
011,17_010,0.529036,3.243245,0.455469,0.473437,0.470313,0.455469,0.635938,0.571094,0.473437,0.635938,0.567969,0.470313,0.571094,0.567969
011,17_011,0.547396,3.111921,0.579688,0.526563,0.556250,0.579688,0.527344,0.609375,0.526563,0.527344,0.485156,0.556250,0.609375,0.485156
011,17_100,0.420052,3.887988,0.314844,0.378906,0.444531,0.314844,0.525781,0.394531,0.378906,0.525781,0.461719,0.444531,0.394531,0.461719
011,17_101,0.485286,3.537936,0.364844,0.409375,0.418750,0.364844,0.614844,0.543750,0.409375,0.614844,0.560156,0.418750,0.543750,0.560156
011,17_110,0.483333,3.529105,0.581250,0.376563,0.576562,0.581250,0.398438,0.556250,0.376563,0.398438,0.410937,0.576562,0.556250,0.410937
011,17_codon,0.441536,3.765037,0.390625,0.406250,0.462500,0.390625,0.417969,0.557813,0.406250,0.417969,0.414062,0.462500,0.557813,0.414062
011,18,0.431250,3.665960,0.364062,0.403906,0.425000,0.364062,0.439063,0.476562,0.403906,0.439063,0.478906,0.425000,0.476562,0.478906
011,18_001,0.518229,3.258787,0.460156,0.561719,0.551562,0.460156,0.445312,0.451562,0.561719,0.445312,0.639062,0.551562,0.451562,0.639062
011,18_010,0.529036,3.249222,0.432813,0.428125,0.438281,0.432813,0.671094,0.603125,0.428125,0.671094,0.600781,0.438281,0.603125,0.600781
011,18_011,0.545052,3.179089,0.501563,0.510938,0.550000,0.501563,0.539844,0.589844,0.510938,0.539844,0.578125,0.550000,0.589844,0.578125
011,18_100,0.428516,3.834868,0.413281,0.443750,0.455469,0.413281,0.337500,0.551562,0.443750,0.337500,0.369531,0.455469,0.551562,0.369531
011,18_101,0.449219,3.656084,0.358594,0.439063,0.402344,0.358594,0.481250,0.498437,0.439063,0.481250,0.515625,0.402344,0.498437,0.515625
011,18_110,0.487630,3.449436,0.372656,0.395312,0.391406,0.372656,0.583594,0.565625,0.395312,0.583594,0.617188,0.391406,0.565625,0.617188
011,18_codon,0.458203,3.626144,0.463281,0.446875,0.405469,0.463281,0.573438,0.446094,0.446875,0.573438,0.414062,0.405469,0.446094,0.414062
011,19,0.421615,3.731762,0.352344,0.417969,0.483594,0.352344,0.374219,0.387500,0.417969,0.374219,0.514062,0.483594,0.387500,0.514062
011,19_001,0.523307,3.278561,0.576562,0.653906,0.450000,0.576562,0.571094,0.446875,0.653906,0.571094,0.441406,0.450000,0.446875,0.441406
011,19_010,0.522266,3.271654,0.454688,0.453125,0.444531,0.454688,0.570312,0.559375,0.453125,0.570312,0.651563,0.444531,0.559375,0.651563
011,19_011,0.564193,3.068349,0.585938,0.530469,0.548438,0.585938,0.547656,0.558594,0.530469,0.547656,0.614062,0.548438,0.558594,0.614062
011,19_100,0.414323,3.875433,0.463281,0.437500,0.384375,0.463281,0.386719,0.515625,0.437500,0.386719,0.298438,0.384375,0.515625,0.298438
011,19_101,0.476693,3.510292,0.462500,0.439063,0.682031,0.462500,0.375000,0.462500,0.439063,0.375000,0.439063,0.682031,0.462500,0.439063
011,19_110,0.447266,3.748048,0.421094,0.489062,0.435156,0.421094,0.424219,0.365625,0.489062,0.424219,0.548438,0.435156,0.365625,0.548438
011,19_codon,0.475521,3.497231,0.427344,0.528906,0.540625,0.427344,0.422656,0.387500,0.528906,0.422656,0.546094,0.540625,0.387500,0.546094
011,1_001,0.523307,3.252146,0.444531,0.450781,0.457812,0.444531,0.649219,0.568750,0.450781,0.649219,0.568750,0.457812,0.568750,0.568750
011,1_010,0.538411,3.210684,0.585156,0.475781,0.638281,0.585156,0.482031,0.576562,0.475781,0.482031,0.472656,0.638281,0.576562,0.472656
011,1_011,0.557682,3.104395,0.602344,0.546094,0.567187,0.602344,0.576562,0.551562,0.546094,0.576562,0.502344,0.567187,0.551562,0.502344
011,1_100,0.448307,3.747644,0.598437,0.463281,0.424219,0.598437,0.400781,0.362500,0.463281,0.400781,0.440625,0.424219,0.362500,0.440625
011,1_101,0.488281,3.498037,0.367969,0.422656,0.409375,0.367969,0.549219,0.610938,0.422656,0.549219,0.569531,0.409375,0.610938,0.569531
011,1_110,0.495833,3.415768,0.567969,0.383594,0.671875,0.567969,0.408594,0.559375,0.383594,0.408594,0.383594,0.671875,0.559375,0.383594
011,1_codon,0.472396,3.471676,0.442187,0.473437,0.653906,0.442187,0.369531,0.442969,0.473437,0.369531,0.452344,0.653906,0.442969,0.452344
011,2,0.380859,3.900190,0.403125,0.405469,0.395312,0.403125,0.338281,0.406250,0.405469,0.338281,0.336719,0.395312,0.406250,0.336719
011,20,0.406120,3.802863,0.409375,0.453906,0.387500,0.409375,0.404687,0.370313,0.453906,0.404687,0.410937,0.387500,0.370313,0.410937
011,20_001,0.510026,3.321516,0.424219,0.417969,0.426562,0.424219,0.557031,0.562500,0.417969,0.557031,0.671875,0.426562,0.562500,0.671875
011,20_010,0.519661,3.281277,0.574219,0.667188,0.424219,0.574219,0.579688,0.442187,0.667188,0.579688,0.430469,0.424219,0.442187,0.430469
011,20_011,0.551302,3.134167,0.568750,0.566406,0.478125,0.568750,0.609375,0.542188,0.566406,0.609375,0.542969,0.478125,0.542188,0.542969
011,20_100,0.431901,3.811986,0.419531,0.456250,0.421875,0.419531,0.563281,0.339844,0.456250,0.563281,0.390625,0.421875,0.339844,0.390625
011,20_101,0.505599,3.453224,0.407813,0.673438,0.558594,0.407813,0.400000,0.445312,0.673438,0.400000,0.548438,0.558594,0.445312,0.548438
011,20_110,0.465104,3.553056,0.588281,0.533594,0.357812,0.588281,0.516406,0.377344,0.533594,0.516406,0.417188,0.357812,0.377344,0.417188
011,20_codon,0.503125,3.372449,0.656250,0.608594,0.391406,0.656250,0.580469,0.392969,0.608594,0.580469,0.389062,0.391406,0.392969,0.389062
011,21,0.392057,3.795751,0.469531,0.449219,0.337500,0.469531,0.419531,0.360938,0.449219,0.419531,0.315625,0.337500,0.360938,0.315625
011,21_001,0.518229,3.255951,0.444531,0.479688,0.475000,0.444531,0.545312,0.535937,0.479688,0.545312,0.628906,0.475000,0.535937,0.628906
011,21_010,0.519792,3.290382,0.548438,0.675000,0.457031,0.548438,0.536719,0.443750,0.675000,0.536719,0.457812,0.457031,0.443750,0.457812
011,21_011,0.549349,3.135819,0.603125,0.613281,0.526563,0.603125,0.566406,0.510938,0.613281,0.566406,0.475781,0.526563,0.510938,0.475781
011,21_100,0.432552,3.820089,0.370313,0.442969,0.420312,0.370313,0.380469,0.558594,0.442969,0.380469,0.422656,0.420312,0.558594,0.422656
011,21_101,0.439193,3.763303,0.339063,0.639062,0.446094,0.339063,0.343750,0.448438,0.639062,0.343750,0.418750,0.446094,0.448438,0.418750
011,21_110,0.462370,3.568329,0.467187,0.668750,0.384375,0.467187,0.463281,0.415625,0.668750,0.463281,0.375000,0.384375,0.415625,0.375000
011,21_codon,0.503125,3.341346,0.565625,0.674219,0.385156,0.565625,0.589063,0.410156,0.674219,0.589063,0.394531,0.385156,0.410156,0.394531
011,22,0.426172,3.704027,0.476562,0.419531,0.473437,0.476562,0.406250,0.396094,0.419531,0.406250,0.385156,0.473437,0.396094,0.385156
011,22_001,0.517318,3.300860,0.589063,0.438281,0.628906,0.589063,0.436719,0.569531,0.438281,0.436719,0.441406,0.628906,0.569531,0.441406
011,22_010,0.514583,3.263813,0.554688,0.693750,0.417969,0.554688,0.563281,0.439844,0.693750,0.563281,0.417969,0.417969,0.439844,0.417969
011,22_011,0.546094,3.123167,0.511719,0.514062,0.608594,0.511719,0.554688,0.553125,0.514062,0.554688,0.534375,0.608594,0.553125,0.534375
011,22_100,0.428385,3.844147,0.326562,0.550000,0.403906,0.326562,0.389844,0.434375,0.550000,0.389844,0.465625,0.403906,0.434375,0.465625
011,22_101,0.463932,3.632925,0.389062,0.584375,0.517188,0.389062,0.394531,0.417969,0.584375,0.394531,0.480469,0.517188,0.417969,0.480469
011,22_110,0.444010,3.704566,0.550781,0.421875,0.475000,0.550781,0.407031,0.394531,0.421875,0.407031,0.414844,0.475000,0.394531,0.414844
011,22_codon,0.483333,3.439471,0.441406,0.585156,0.551562,0.441406,0.382812,0.421094,0.585156,0.382812,0.517969,0.551562,0.421094,0.517969
011,23,0.379036,3.888787,0.340625,0.390625,0.374219,0.340625,0.380469,0.406250,0.390625,0.380469,0.382031,0.374219,0.406250,0.382031
011,23_001,0.527083,3.240086,0.528125,0.484375,0.525781,0.528125,0.497656,0.625000,0.484375,0.497656,0.501563,0.525781,0.625000,0.501563
011,23_010,0.535286,3.221814,0.473437,0.464844,0.479688,0.473437,0.655469,0.576562,0.464844,0.655469,0.561719,0.479688,0.576562,0.561719
011,23_011,0.565755,3.067803,0.626563,0.555469,0.539062,0.626563,0.561719,0.546875,0.555469,0.561719,0.564844,0.539062,0.546875,0.564844
011,23_100,0.429557,3.854813,0.422656,0.532813,0.475000,0.422656,0.326562,0.442969,0.532813,0.326562,0.377344,0.475000,0.442969,0.377344
011,23_101,0.507812,3.364950,0.405469,0.579688,0.634375,0.405469,0.425000,0.422656,0.579688,0.425000,0.579688,0.634375,0.422656,0.579688
011,23_110,0.452083,3.633092,0.429688,0.563281,0.477344,0.429688,0.468750,0.357031,0.563281,0.468750,0.416406,0.477344,0.357031,0.416406
011,23_codon,0.463151,3.521901,0.556250,0.603125,0.375000,0.556250,0.461719,0.368750,0.603125,0.461719,0.414062,0.375000,0.368750,0.414062
011,24,0.406380,3.799525,0.373437,0.418750,0.384375,0.373437,0.455469,0.413281,0.418750,0.455469,0.392969,0.384375,0.413281,0.392969
011,24_001,0.527865,3.253565,0.464063,0.453125,0.466406,0.464063,0.667188,0.552344,0.453125,0.667188,0.564063,0.466406,0.552344,0.564063
011,24_010,0.525781,3.251297,0.443750,0.451562,0.461719,0.443750,0.661719,0.565625,0.451562,0.661719,0.570312,0.461719,0.565625,0.570312
011,24_011,0.553646,3.118969,0.616406,0.482031,0.584375,0.616406,0.508594,0.603906,0.482031,0.508594,0.526563,0.584375,0.603906,0.526563
011,24_100,0.431510,3.842749,0.453906,0.544531,0.403906,0.453906,0.385938,0.466406,0.544531,0.385938,0.334375,0.403906,0.466406,0.334375
011,24_101,0.445703,3.762178,0.421875,0.353125,0.367969,0.421875,0.454688,0.458594,0.353125,0.454688,0.617969,0.367969,0.458594,0.617969
011,24_110,0.464714,3.673588,0.469531,0.408594,0.469531,0.469531,0.559375,0.464844,0.408594,0.559375,0.416406,0.469531,0.464844,0.416406
011,24_codon,0.489453,3.403637,0.480469,0.573438,0.473437,0.480469,0.539844,0.419531,0.573438,0.539844,0.450000,0.473437,0.419531,0.450000
011,25,0.414323,3.703524,0.415625,0.471875,0.417188,0.415625,0.389062,0.350781,0.471875,0.389062,0.441406,0.417188,0.350781,0.441406
011,25_001,0.538021,3.226315,0.467187,0.596094,0.607812,0.467187,0.460156,0.456250,0.596094,0.460156,0.640625,0.607812,0.456250,0.640625
011,25_010,0.539062,3.243871,0.558594,0.668750,0.482031,0.558594,0.559375,0.481250,0.668750,0.559375,0.484375,0.482031,0.481250,0.484375
011,25_011,0.560677,3.084662,0.549219,0.568750,0.603906,0.549219,0.587500,0.517969,0.568750,0.587500,0.536719,0.603906,0.517969,0.536719
011,25_100,0.432292,3.843163,0.463281,0.549219,0.382031,0.463281,0.412500,0.446875,0.549219,0.412500,0.339844,0.382031,0.446875,0.339844
011,25_101,0.490885,3.431479,0.396875,0.610938,0.589844,0.396875,0.380469,0.429688,0.610938,0.380469,0.537500,0.589844,0.429688,0.537500
011,25_110,0.474609,3.558904,0.427344,0.402344,0.416406,0.427344,0.453125,0.464063,0.402344,0.453125,0.684375,0.416406,0.464063,0.684375
011,25_codon,0.477995,3.494706,0.562500,0.557031,0.434375,0.562500,0.516406,0.409375,0.557031,0.516406,0.388281,0.434375,0.409375,0.388281
011,26,0.396094,3.809190,0.411719,0.442969,0.378125,0.411719,0.388281,0.353906,0.442969,0.388281,0.401563,0.378125,0.353906,0.401563
011,26_001,0.535156,3.225544,0.592969,0.666406,0.451562,0.592969,0.606250,0.446094,0.666406,0.606250,0.447656,0.451562,0.446094,0.447656
011,26_010,0.523958,3.282358,0.457031,0.569531,0.648438,0.457031,0.450000,0.446875,0.569531,0.450000,0.571875,0.648438,0.446875,0.571875
011,26_011,0.553255,3.134365,0.512500,0.652344,0.602344,0.512500,0.481250,0.489844,0.652344,0.481250,0.581250,0.602344,0.489844,0.581250
011,26_100,0.433203,3.829498,0.470313,0.452344,0.405469,0.470313,0.401563,0.540625,0.452344,0.401563,0.328906,0.405469,0.540625,0.328906
011,26_101,0.485286,3.496633,0.598437,0.588281,0.413281,0.598437,0.533594,0.371875,0.588281,0.533594,0.406250,0.413281,0.371875,0.406250
011,26_110,0.448047,3.729370,0.419531,0.521875,0.417969,0.419531,0.424219,0.453906,0.521875,0.424219,0.450781,0.417969,0.453906,0.450781
011,26_codon,0.478906,3.458730,0.427344,0.687500,0.479688,0.427344,0.406250,0.427344,0.687500,0.406250,0.445312,0.479688,0.427344,0.445312
011,27,0.407943,3.776193,0.398438,0.352344,0.385938,0.398438,0.431250,0.453125,0.352344,0.431250,0.426562,0.385938,0.453125,0.426562
011,27_001,0.518750,3.263305,0.432031,0.430469,0.435156,0.432031,0.569531,0.570312,0.430469,0.569531,0.675000,0.435156,0.570312,0.675000
011,27_010,0.508333,3.331579,0.421875,0.421094,0.422656,0.421875,0.637500,0.587500,0.421094,0.637500,0.559375,0.422656,0.587500,0.559375
011,27_011,0.562109,3.068770,0.547656,0.519531,0.596094,0.547656,0.583594,0.578906,0.519531,0.583594,0.546875,0.596094,0.578906,0.546875
011,27_100,0.429427,3.846396,0.325000,0.407813,0.453125,0.325000,0.534375,0.389844,0.407813,0.534375,0.466406,0.453125,0.389844,0.466406
011,27_101,0.443229,3.816069,0.376563,0.452344,0.436719,0.376563,0.383594,0.560937,0.452344,0.383594,0.449219,0.436719,0.560937,0.449219
011,27_110,0.460547,3.685202,0.442187,0.375000,0.435156,0.442187,0.512500,0.542188,0.375000,0.512500,0.456250,0.435156,0.542188,0.456250
011,27_codon,0.499219,3.362889,0.619531,0.610156,0.394531,0.619531,0.564063,0.400781,0.610156,0.564063,0.406250,0.394531,0.400781,0.406250
011,28,0.388802,3.829950,0.393750,0.399219,0.351562,0.393750,0.398438,0.410937,0.399219,0.398438,0.378906,0.351562,0.410937,0.378906
011,28_001,0.531380,3.249887,0.469531,0.564844,0.560156,0.469531,0.465625,0.460938,0.564844,0.465625,0.667188,0.560156,0.460938,0.667188
011,28_010,0.533854,3.220056,0.642969,0.571094,0.464844,0.642969,0.571094,0.481250,0.571094,0.571094,0.471875,0.464844,0.481250,0.471875
011,28_011,0.563802,3.060052,0.543750,0.596094,0.552344,0.543750,0.550000,0.591406,0.596094,0.550000,0.549219,0.552344,0.591406,0.549219
011,28_100,0.423177,3.850422,0.326562,0.439063,0.389062,0.326562,0.392969,0.533594,0.439063,0.392969,0.457812,0.389062,0.533594,0.457812
011,28_101,0.453125,3.648781,0.387500,0.403906,0.468750,0.387500,0.493750,0.438281,0.403906,0.493750,0.526563,0.468750,0.438281,0.526563
011,28_110,0.460026,3.632293,0.465625,0.542969,0.445312,0.465625,0.517188,0.362500,0.542969,0.517188,0.426562,0.445312,0.362500,0.426562
011,28_codon,0.497396,3.388211,0.648438,0.584375,0.398438,0.648438,0.600000,0.385156,0.584375,0.600000,0.367969,0.398438,0.385156,0.367969
011,29,0.394010,3.830308,0.356250,0.388281,0.375000,0.356250,0.388281,0.419531,0.388281,0.388281,0.436719,0.375000,0.419531,0.436719
011,29_001,0.522005,3.257901,0.431250,0.443750,0.429688,0.431250,0.564844,0.687500,0.443750,0.564844,0.575000,0.429688,0.687500,0.575000
011,29_010,0.508203,3.348895,0.432813,0.561719,0.569531,0.432813,0.450000,0.430469,0.561719,0.450000,0.604688,0.569531,0.430469,0.604688
011,29_011,0.562630,3.068413,0.570312,0.582031,0.524219,0.570312,0.567187,0.600000,0.582031,0.567187,0.532031,0.524219,0.600000,0.532031
011,29_100,0.418620,3.872906,0.301562,0.405469,0.454688,0.301562,0.514062,0.367188,0.405469,0.514062,0.468750,0.454688,0.367188,0.468750
011,29_101,0.446354,3.766864,0.453906,0.425000,0.481250,0.453906,0.364062,0.425000,0.425000,0.364062,0.528906,0.481250,0.425000,0.528906
011,29_110,0.455729,3.600725,0.435937,0.367188,0.437500,0.435937,0.478125,0.587500,0.367188,0.478125,0.428125,0.437500,0.587500,0.428125
011,29_codon,0.508724,3.288541,0.446875,0.659375,0.520312,0.446875,0.459375,0.431250,0.659375,0.459375,0.535156,0.520312,0.431250,0.535156
011,2_001,0.531901,3.220367,0.463281,0.582812,0.642969,0.463281,0.466406,0.457031,0.582812,0.466406,0.578906,0.642969,0.457031,0.578906
011,2_010,0.525260,3.243514,0.424219,0.617969,0.613281,0.424219,0.407813,0.409375,0.617969,0.407813,0.678906,0.613281,0.409375,0.678906
011,2_011,0.558854,3.092549,0.552344,0.635938,0.585156,0.552344,0.536719,0.474219,0.635938,0.536719,0.568750,0.585156,0.474219,0.568750
011,2_100,0.426432,3.845692,0.400781,0.533594,0.465625,0.400781,0.331250,0.433594,0.533594,0.331250,0.393750,0.465625,0.433594,0.393750
011,2_101,0.503255,3.459291,0.432813,0.539062,0.585938,0.432813,0.427344,0.457812,0.539062,0.427344,0.576562,0.585938,0.457812,0.576562
011,2_110,0.442839,3.744829,0.389844,0.385938,0.446875,0.389844,0.564844,0.439063,0.385938,0.564844,0.430469,0.446875,0.439063,0.430469
011,2_codon,0.496615,3.368188,0.397656,0.650781,0.567969,0.397656,0.390625,0.408594,0.650781,0.390625,0.564063,0.567969,0.408594,0.564063
011,3,0.391667,3.849170,0.415625,0.434375,0.357031,0.415625,0.402344,0.339844,0.434375,0.402344,0.400781,0.357031,0.339844,0.400781
011,30,0.405078,3.786021,0.369531,0.384375,0.424219,0.369531,0.389844,0.404687,0.384375,0.389844,0.457812,0.424219,0.404687,0.457812
011,30_001,0.515234,3.282453,0.438281,0.574219,0.636719,0.438281,0.434375,0.428125,0.574219,0.434375,0.579688,0.636719,0.428125,0.579688
011,30_010,0.540625,3.237137,0.470313,0.482812,0.488281,0.470313,0.560937,0.673438,0.482812,0.560937,0.567969,0.488281,0.673438,0.567969
011,30_011,0.563281,3.067805,0.528125,0.578125,0.586719,0.528125,0.596094,0.521094,0.578125,0.596094,0.569531,0.586719,0.521094,0.569531
011,30_100,0.425651,3.854842,0.379687,0.436719,0.355469,0.379687,0.450781,0.504687,0.436719,0.450781,0.426562,0.355469,0.504687,0.426562
011,30_101,0.469922,3.633508,0.396094,0.469531,0.451562,0.396094,0.467969,0.431250,0.469531,0.467969,0.603125,0.451562,0.431250,0.603125
011,30_110,0.450391,3.698698,0.439063,0.388281,0.364062,0.439063,0.473437,0.528906,0.388281,0.473437,0.508594,0.364062,0.528906,0.508594
011,30_codon,0.505729,3.352312,0.403125,0.606250,0.604688,0.403125,0.403125,0.412500,0.606250,0.403125,0.604688,0.604688,0.412500,0.604688
011,31,0.406641,3.736151,0.396875,0.457031,0.384375,0.396875,0.376563,0.392188,0.457031,0.376563,0.432813,0.384375,0.392188,0.432813
011,31_001,0.525651,3.243364,0.448438,0.578906,0.655469,0.448438,0.466406,0.439063,0.578906,0.466406,0.565625,0.655469,0.439063,0.565625
011,31_010,0.533203,3.211716,0.445312,0.456250,0.448438,0.445312,0.592969,0.642969,0.456250,0.592969,0.613281,0.448438,0.642969,0.613281
011,31_011,0.540755,3.157357,0.542188,0.590625,0.523438,0.542188,0.543750,0.491406,0.590625,0.543750,0.553125,0.523438,0.491406,0.553125
011,31_100,0.427083,3.854937,0.465625,0.434375,0.338281,0.465625,0.442187,0.352344,0.434375,0.442187,0.529687,0.338281,0.352344,0.529687
011,31_101,0.434896,3.816996,0.446094,0.414062,0.469531,0.446094,0.512500,0.403906,0.414062,0.512500,0.363281,0.469531,0.403906,0.363281
011,31_110,0.467969,3.548587,0.435937,0.453906,0.464063,0.435937,0.389844,0.393750,0.453906,0.389844,0.670312,0.464063,0.393750,0.670312
011,31_codon,0.488151,3.437861,0.588281,0.579688,0.431250,0.588281,0.514062,0.410156,0.579688,0.514062,0.405469,0.431250,0.410156,0.405469
011,32,0.407031,3.812827,0.376563,0.392188,0.396875,0.376563,0.392969,0.431250,0.392188,0.392969,0.452344,0.396875,0.431250,0.452344
011,32_001,0.509896,3.283193,0.394531,0.571875,0.669531,0.394531,0.431250,0.407031,0.571875,0.431250,0.585156,0.669531,0.407031,0.585156
011,32_010,0.521354,3.252658,0.451562,0.447656,0.431250,0.451562,0.572656,0.655469,0.447656,0.572656,0.569531,0.431250,0.655469,0.569531
011,32_011,0.543620,3.122741,0.541406,0.538281,0.457031,0.541406,0.642188,0.525781,0.538281,0.642188,0.557031,0.457031,0.525781,0.557031
011,32_100,0.418229,3.842532,0.444531,0.388281,0.303906,0.444531,0.467969,0.382812,0.388281,0.467969,0.521875,0.303906,0.382812,0.521875
011,32_101,0.447526,3.757168,0.459375,0.444531,0.389062,0.459375,0.450781,0.389844,0.444531,0.450781,0.551562,0.389062,0.389844,0.551562
011,32_110,0.454167,3.686233,0.411719,0.432031,0.449219,0.411719,0.448438,0.518750,0.432031,0.448438,0.464844,0.449219,0.518750,0.464844
011,32_codon,0.476953,3.457024,0.458594,0.445312,0.668750,0.458594,0.414062,0.433594,0.445312,0.414062,0.441406,0.668750,0.433594,0.441406
011,33,0.402604,3.751494,0.374219,0.414844,0.399219,0.374219,0.444531,0.366406,0.414844,0.444531,0.416406,0.399219,0.366406,0.416406
011,33_001,0.530469,3.227642,0.453906,0.595313,0.589063,0.453906,0.452344,0.450781,0.595313,0.452344,0.641406,0.589063,0.450781,0.641406
011,33_010,0.533073,3.235543,0.634375,0.477344,0.568750,0.634375,0.505469,0.542188,0.477344,0.505469,0.470313,0.568750,0.542188,0.470313
011,33_011,0.555859,3.114642,0.585938,0.557031,0.492188,0.585938,0.605469,0.534375,0.557031,0.605469,0.560156,0.492188,0.534375,0.560156
011,33_100,0.427865,3.843822,0.547656,0.339844,0.405469,0.547656,0.382812,0.449219,0.339844,0.382812,0.442187,0.405469,0.449219,0.442187
011,33_101,0.495703,3.458912,0.423438,0.578125,0.548438,0.423438,0.397656,0.382812,0.578125,0.397656,0.643750,0.548438,0.382812,0.643750
011,33_110,0.446224,3.719859,0.375000,0.536719,0.407031,0.375000,0.443750,0.439844,0.536719,0.443750,0.475000,0.407031,0.439844,0.475000
011,33_codon,0.481380,3.431777,0.625000,0.514062,0.426562,0.625000,0.513281,0.396875,0.514062,0.513281,0.412500,0.426562,0.396875,0.412500
011,34,0.399089,3.806605,0.362500,0.399219,0.424219,0.362500,0.401563,0.388281,0.399219,0.401563,0.418750,0.424219,0.388281,0.418750
011,34_001,0.536458,3.226417,0.578906,0.644531,0.472656,0.578906,0.589063,0.464844,0.644531,0.589063,0.468750,0.472656,0.464844,0.468750
011,34_010,0.526042,3.233420,0.602344,0.662500,0.431250,0.602344,0.605469,0.437500,0.662500,0.605469,0.417188,0.431250,0.437500,0.417188
011,34_011,0.530469,3.196596,0.543750,0.551562,0.535937,0.543750,0.535937,0.500781,0.551562,0.535937,0.514844,0.535937,0.500781,0.514844
011,34_100,0.416016,3.872627,0.462500,0.404687,0.511719,0.462500,0.453125,0.357031,0.404687,0.453125,0.307031,0.511719,0.357031,0.307031
011,34_101,0.449870,3.670731,0.432813,0.454688,0.429688,0.432813,0.560156,0.395312,0.454688,0.560156,0.426562,0.429688,0.395312,0.426562
011,34_110,0.485938,3.480718,0.563281,0.591406,0.392188,0.563281,0.592187,0.396875,0.591406,0.592187,0.379687,0.392188,0.396875,0.379687
011,34_codon,0.486719,3.450634,0.636719,0.562500,0.402344,0.636719,0.554688,0.369531,0.562500,0.554688,0.394531,0.402344,0.369531,0.394531
011,35,0.380990,3.912772,0.335938,0.309375,0.421875,0.335938,0.396094,0.419531,0.309375,0.396094,0.403125,0.421875,0.419531,0.403125
011,35_001,0.526432,3.275631,0.646094,0.583594,0.444531,0.646094,0.577344,0.444531,0.583594,0.577344,0.462500,0.444531,0.444531,0.462500
011,35_010,0.519010,3.259006,0.417969,0.669531,0.592187,0.417969,0.418750,0.434375,0.669531,0.418750,0.581250,0.592187,0.434375,0.581250
011,35_011,0.538021,3.229709,0.570312,0.533594,0.560156,0.570312,0.506250,0.574219,0.533594,0.506250,0.483594,0.560156,0.574219,0.483594
011,35_100,0.441667,3.778321,0.454688,0.411719,0.360156,0.454688,0.454688,0.405469,0.411719,0.454688,0.563281,0.360156,0.405469,0.563281
011,35_101,0.496354,3.485945,0.564844,0.390625,0.657031,0.564844,0.439063,0.535156,0.390625,0.439063,0.391406,0.657031,0.535156,0.391406
011,35_110,0.441536,3.707574,0.590625,0.407031,0.416406,0.590625,0.426562,0.394531,0.407031,0.426562,0.414062,0.416406,0.394531,0.414062
011,35_codon,0.505990,3.353158,0.421094,0.671875,0.566406,0.421094,0.398438,0.417188,0.671875,0.398438,0.560937,0.566406,0.417188,0.560937
011,36,0.402604,3.813796,0.382812,0.417969,0.447656,0.382812,0.372656,0.380469,0.417969,0.372656,0.414062,0.447656,0.380469,0.414062
011,36_001,0.519661,3.265871,0.528906,0.576562,0.485938,0.528906,0.524219,0.452344,0.576562,0.524219,0.550000,0.485938,0.452344,0.550000
011,36_010,0.530859,3.225985,0.460156,0.439063,0.440625,0.460156,0.580469,0.594531,0.439063,0.580469,0.670312,0.440625,0.594531,0.670312
011,36_011,0.548307,3.109974,0.596875,0.628906,0.509375,0.596875,0.546875,0.506250,0.628906,0.546875,0.501563,0.509375,0.506250,0.501563
011,36_100,0.419141,3.868110,0.375000,0.315625,0.523438,0.375000,0.442187,0.458594,0.315625,0.442187,0.400000,0.523438,0.458594,0.400000
011,36_101,0.449089,3.771732,0.339063,0.485938,0.439844,0.339063,0.438281,0.462500,0.485938,0.438281,0.528906,0.439844,0.462500,0.528906
011,36_110,0.461589,3.604626,0.395312,0.461719,0.657813,0.395312,0.417969,0.383594,0.461719,0.417969,0.453125,0.657813,0.383594,0.453125
011,36_codon,0.506250,3.368749,0.394531,0.599219,0.650000,0.394531,0.398438,0.399219,0.599219,0.398438,0.596094,0.650000,0.399219,0.596094
011,37,0.406771,3.778424,0.355469,0.461719,0.436719,0.355469,0.373437,0.410156,0.461719,0.373437,0.403125,0.436719,0.410156,0.403125
011,37_001,0.538021,3.190483,0.467187,0.464844,0.484375,0.467187,0.662500,0.577344,0.464844,0.662500,0.571875,0.484375,0.577344,0.571875
011,37_010,0.520312,3.282231,0.463281,0.557031,0.657813,0.463281,0.432031,0.455469,0.557031,0.432031,0.556250,0.657813,0.455469,0.556250
011,37_011,0.562240,3.080644,0.541406,0.544531,0.587500,0.541406,0.581250,0.558594,0.544531,0.581250,0.560156,0.587500,0.558594,0.560156
011,37_100,0.425130,3.858554,0.535156,0.389844,0.317969,0.535156,0.466406,0.392969,0.389844,0.466406,0.448438,0.317969,0.392969,0.448438
011,37_101,0.450911,3.703059,0.354688,0.558594,0.432031,0.354688,0.457812,0.402344,0.558594,0.457812,0.500000,0.432031,0.402344,0.500000
011,37_110,0.496224,3.469076,0.610938,0.377344,0.575781,0.610938,0.408594,0.592969,0.377344,0.408594,0.411719,0.575781,0.592969,0.411719
011,37_codon,0.503516,3.380589,0.398438,0.587500,0.638281,0.398438,0.393750,0.413281,0.587500,0.393750,0.589844,0.638281,0.413281,0.589844
011,38,0.389193,3.825269,0.371094,0.406250,0.357031,0.371094,0.415625,0.383594,0.406250,0.415625,0.401563,0.357031,0.383594,0.401563
011,38_001,0.537370,3.198143,0.514062,0.523438,0.492969,0.514062,0.625781,0.528906,0.523438,0.625781,0.539062,0.492969,0.528906,0.539062
011,38_010,0.525521,3.238913,0.432813,0.562500,0.634375,0.432813,0.471875,0.462500,0.562500,0.471875,0.589063,0.634375,0.462500,0.589063
011,38_011,0.556771,3.081290,0.470313,0.513281,0.539062,0.470313,0.586719,0.592187,0.513281,0.586719,0.639062,0.539062,0.592187,0.639062
011,38_100,0.424219,3.865288,0.384375,0.310937,0.521875,0.384375,0.467187,0.467187,0.310937,0.467187,0.393750,0.521875,0.467187,0.393750
011,38_101,0.451302,3.731907,0.405469,0.635938,0.368750,0.405469,0.437500,0.458594,0.635938,0.437500,0.401563,0.368750,0.458594,0.401563
011,38_110,0.470313,3.542015,0.696094,0.425000,0.421094,0.696094,0.439063,0.428906,0.425000,0.439063,0.411719,0.421094,0.428906,0.411719
011,38_codon,0.492188,3.418509,0.395312,0.590625,0.550781,0.395312,0.441406,0.420312,0.590625,0.441406,0.554688,0.550781,0.420312,0.554688
011,39,0.391667,3.796256,0.359375,0.378125,0.345313,0.359375,0.417969,0.414844,0.378125,0.417969,0.434375,0.345313,0.414844,0.434375
011,39_001,0.533203,3.230250,0.467187,0.474219,0.457812,0.467187,0.571875,0.574219,0.474219,0.571875,0.653906,0.457812,0.574219,0.653906
011,39_010,0.523047,3.269426,0.457812,0.465625,0.467969,0.457812,0.644531,0.560156,0.465625,0.644531,0.542188,0.467969,0.560156,0.542188
011,39_011,0.555599,3.096125,0.567969,0.639062,0.515625,0.567969,0.575000,0.521094,0.639062,0.575000,0.514844,0.515625,0.521094,0.514844
011,39_100,0.426693,3.829033,0.450000,0.409375,0.453906,0.450000,0.324219,0.371875,0.409375,0.324219,0.550781,0.453906,0.371875,0.550781
011,39_101,0.517188,3.386313,0.423438,0.603906,0.560937,0.423438,0.450000,0.462500,0.603906,0.450000,0.602344,0.560937,0.462500,0.602344
011,39_110,0.492318,3.464019,0.575781,0.558594,0.397656,0.575781,0.656250,0.388281,0.558594,0.656250,0.377344,0.397656,0.388281,0.377344
011,39_codon,0.476953,3.478568,0.550000,0.573438,0.434375,0.550000,0.508594,0.424219,0.573438,0.508594,0.371094,0.434375,0.424219,0.371094
011,3_001,0.526823,3.236568,0.578125,0.670312,0.446875,0.578125,0.568750,0.451562,0.670312,0.568750,0.445312,0.446875,0.451562,0.445312
011,3_010,0.510156,3.310152,0.408594,0.413281,0.412500,0.408594,0.585938,0.573438,0.413281,0.585938,0.667188,0.412500,0.573438,0.667188
011,3_011,0.559375,3.127290,0.631250,0.615625,0.493750,0.631250,0.613281,0.520312,0.615625,0.613281,0.482031,0.493750,0.520312,0.482031
011,3_100,0.411979,3.906922,0.496875,0.353125,0.285937,0.496875,0.463281,0.409375,0.353125,0.463281,0.463281,0.285937,0.409375,0.463281
011,3_101,0.497917,3.475093,0.639062,0.540625,0.395312,0.639062,0.550000,0.405469,0.540625,0.550000,0.457031,0.395312,0.405469,0.457031
011,3_110,0.482292,3.493058,0.375781,0.457812,0.480469,0.375781,0.447656,0.461719,0.457812,0.447656,0.670312,0.480469,0.461719,0.670312
011,3_codon,0.499089,3.373916,0.403125,0.646875,0.594531,0.403125,0.394531,0.380469,0.646875,0.394531,0.575000,0.594531,0.380469,0.575000
011,4,0.397917,3.766361,0.405469,0.425000,0.383594,0.405469,0.376563,0.399219,0.425000,0.376563,0.397656,0.383594,0.399219,0.397656
011,40,0.394922,3.806491,0.376563,0.417969,0.425000,0.376563,0.375000,0.382812,0.417969,0.375000,0.392188,0.425000,0.382812,0.392188
011,40_001,0.519531,3.270863,0.445312,0.659375,0.566406,0.445312,0.434375,0.452344,0.659375,0.434375,0.559375,0.566406,0.452344,0.559375
011,40_010,0.527995,3.247121,0.659375,0.457031,0.574219,0.659375,0.460156,0.567969,0.457031,0.460156,0.449219,0.574219,0.567969,0.449219
011,40_011,0.559505,3.061679,0.585938,0.504687,0.638281,0.585938,0.524219,0.596875,0.504687,0.524219,0.507031,0.638281,0.596875,0.507031
011,40_100,0.440104,3.794989,0.471875,0.539844,0.411719,0.471875,0.410156,0.457031,0.539844,0.410156,0.350000,0.411719,0.457031,0.350000
011,40_101,0.444141,3.769274,0.482031,0.504687,0.432813,0.482031,0.450781,0.416406,0.504687,0.450781,0.378125,0.432813,0.416406,0.378125
011,40_110,0.449479,3.655340,0.471875,0.464844,0.427344,0.471875,0.439063,0.437500,0.464844,0.439063,0.456250,0.427344,0.437500,0.456250
011,40_codon,0.464453,3.492677,0.596094,0.521094,0.399219,0.596094,0.451562,0.400781,0.521094,0.451562,0.417969,0.399219,0.400781,0.417969
011,41,0.403385,3.828463,0.421094,0.378125,0.413281,0.421094,0.442187,0.383594,0.378125,0.442187,0.382031,0.413281,0.383594,0.382031
011,41_001,0.513281,3.283218,0.660156,0.539844,0.435937,0.660156,0.560937,0.439844,0.539844,0.560937,0.442969,0.435937,0.439844,0.442969
011,41_010,0.518359,3.263103,0.558594,0.564063,0.442969,0.558594,0.667969,0.431250,0.564063,0.667969,0.445312,0.442969,0.431250,0.445312
011,41_011,0.528776,3.219588,0.608594,0.539062,0.501563,0.608594,0.536719,0.517969,0.539062,0.536719,0.468750,0.501563,0.517969,0.468750
011,41_100,0.431120,3.819568,0.339063,0.389062,0.457031,0.339063,0.541406,0.405469,0.389062,0.541406,0.454688,0.457031,0.405469,0.454688
011,41_101,0.440365,3.869698,0.539062,0.440625,0.463281,0.539062,0.347656,0.366406,0.440625,0.347656,0.485156,0.463281,0.366406,0.485156
011,41_110,0.449349,3.729243,0.560156,0.481250,0.445312,0.560156,0.414062,0.371094,0.481250,0.414062,0.424219,0.445312,0.371094,0.424219
011,41_codon,0.487760,3.431386,0.611719,0.462500,0.501563,0.611719,0.427344,0.502344,0.462500,0.427344,0.421094,0.501563,0.502344,0.421094
011,42,0.418880,3.734059,0.371875,0.435156,0.339844,0.371875,0.459375,0.450781,0.435156,0.459375,0.456250,0.339844,0.450781,0.456250
011,42_001,0.535026,3.202777,0.513281,0.489844,0.496094,0.513281,0.542969,0.610156,0.489844,0.542969,0.557813,0.496094,0.610156,0.557813
011,42_010,0.523177,3.267617,0.446875,0.572656,0.565625,0.446875,0.445312,0.441406,0.572656,0.445312,0.667188,0.565625,0.441406,0.667188
011,42_011,0.541927,3.149867,0.583594,0.531250,0.533594,0.583594,0.560156,0.552344,0.531250,0.560156,0.490625,0.533594,0.552344,0.490625
011,42_100,0.427214,3.837463,0.379687,0.443750,0.462500,0.379687,0.328906,0.546094,0.443750,0.328906,0.402344,0.462500,0.546094,0.402344
011,42_101,0.514714,3.292059,0.422656,0.429688,0.410937,0.422656,0.564063,0.680469,0.429688,0.564063,0.580469,0.410937,0.680469,0.580469
011,42_110,0.440365,3.705862,0.445312,0.484375,0.368750,0.445312,0.475781,0.410937,0.484375,0.475781,0.457031,0.368750,0.410937,0.457031
011,42_codon,0.506120,3.280051,0.411719,0.654687,0.583594,0.411719,0.405469,0.401563,0.654687,0.405469,0.579688,0.583594,0.401563,0.579688
011,43,0.404687,3.802337,0.405469,0.367188,0.421875,0.405469,0.399219,0.432031,0.367188,0.399219,0.402344,0.421875,0.432031,0.402344
011,43_001,0.520833,3.248549,0.660156,0.437500,0.587500,0.660156,0.429688,0.575781,0.437500,0.429688,0.434375,0.587500,0.575781,0.434375
011,43_010,0.524349,3.281944,0.622656,0.447656,0.574219,0.622656,0.455469,0.584375,0.447656,0.455469,0.461719,0.574219,0.584375,0.461719
011,43_011,0.561328,3.077059,0.567187,0.566406,0.573438,0.567187,0.522656,0.529687,0.566406,0.522656,0.608594,0.573438,0.529687,0.608594
011,43_100,0.422917,3.867626,0.521875,0.303125,0.387500,0.521875,0.396875,0.475781,0.303125,0.396875,0.452344,0.387500,0.475781,0.452344
011,43_101,0.478906,3.506448,0.425000,0.443750,0.678906,0.425000,0.426562,0.439844,0.443750,0.426562,0.459375,0.678906,0.439844,0.459375
011,43_110,0.480729,3.505024,0.451562,0.409375,0.716406,0.451562,0.423438,0.465625,0.409375,0.423438,0.417969,0.716406,0.465625,0.417969
011,43_codon,0.450521,3.617271,0.460156,0.428125,0.571094,0.460156,0.418750,0.415625,0.428125,0.418750,0.409375,0.571094,0.415625,0.409375
011,44,0.410417,3.753714,0.397656,0.377344,0.396094,0.397656,0.438281,0.432813,0.377344,0.438281,0.420312,0.396094,0.432813,0.420312
011,44_001,0.543620,3.211069,0.596875,0.477344,0.654687,0.596875,0.471875,0.582812,0.477344,0.471875,0.478125,0.654687,0.582812,0.478125
011,44_010,0.521875,3.245416,0.448438,0.425000,0.437500,0.448438,0.567969,0.594531,0.425000,0.567969,0.657813,0.437500,0.594531,0.657813
011,44_011,0.559635,3.087555,0.515625,0.490625,0.503125,0.515625,0.606250,0.608594,0.490625,0.606250,0.633594,0.503125,0.608594,0.633594
011,44_100,0.417057,3.885616,0.454688,0.387500,0.310156,0.454688,0.457812,0.376563,0.387500,0.457812,0.515625,0.310156,0.376563,0.515625
011,44_101,0.446354,3.776918,0.458594,0.415625,0.364844,0.458594,0.506250,0.492188,0.415625,0.506250,0.440625,0.364844,0.492188,0.440625
011,44_110,0.489062,3.500486,0.394531,0.369531,0.392969,0.394531,0.562500,0.600781,0.369531,0.562500,0.614062,0.392969,0.600781,0.614062
011,44_codon,0.496354,3.338650,0.424219,0.585156,0.528906,0.424219,0.417188,0.452344,0.585156,0.417188,0.570312,0.528906,0.452344,0.570312
011,45,0.406771,3.760578,0.426562,0.357812,0.411719,0.426562,0.388281,0.446094,0.357812,0.388281,0.410156,0.411719,0.446094,0.410156
011,45_001,0.526042,3.258525,0.571875,0.453125,0.646875,0.571875,0.459375,0.561719,0.453125,0.459375,0.463281,0.646875,0.561719,0.463281
011,45_010,0.487630,3.394888,0.392969,0.473437,0.482812,0.392969,0.467969,0.436719,0.473437,0.467969,0.671875,0.482812,0.436719,0.671875
011,45_011,0.542969,3.169944,0.497656,0.507812,0.555469,0.497656,0.538281,0.594531,0.507812,0.538281,0.564063,0.555469,0.594531,0.564063
011,45_100,0.428516,3.857563,0.455469,0.397656,0.330469,0.455469,0.457031,0.392188,0.397656,0.457031,0.538281,0.330469,0.392188,0.538281
011,45_101,0.452865,3.710576,0.497656,0.421875,0.510156,0.497656,0.484375,0.429688,0.421875,0.484375,0.373437,0.510156,0.429688,0.373437
011,45_110,0.458984,3.651121,0.412500,0.495313,0.515625,0.412500,0.411719,0.387500,0.495313,0.411719,0.531250,0.515625,0.387500,0.531250
011,45_codon,0.503906,3.369886,0.485938,0.505469,0.578906,0.485938,0.432031,0.499219,0.505469,0.432031,0.521875,0.578906,0.499219,0.521875
011,46,0.396354,3.837719,0.413281,0.340625,0.383594,0.413281,0.406250,0.445312,0.340625,0.406250,0.389062,0.383594,0.445312,0.389062
011,46_001,0.518359,3.283305,0.444531,0.578125,0.646094,0.444531,0.442187,0.435937,0.578125,0.442187,0.563281,0.646094,0.435937,0.563281
011,46_010,0.513672,3.307035,0.445312,0.437500,0.439844,0.445312,0.553906,0.657813,0.437500,0.553906,0.547656,0.439844,0.657813,0.547656
011,46_011,0.563411,3.096226,0.618750,0.565625,0.532813,0.618750,0.569531,0.542969,0.565625,0.569531,0.550781,0.532813,0.542969,0.550781
011,46_100,0.427083,3.863124,0.528906,0.392188,0.457812,0.528906,0.342969,0.392969,0.392188,0.342969,0.447656,0.457812,0.392969,0.447656
011,46_101,0.450260,3.665749,0.348437,0.550000,0.510938,0.348437,0.393750,0.437500,0.550000,0.393750,0.460938,0.510938,0.437500,0.460938
011,46_110,0.481901,3.516974,0.360156,0.546094,0.611719,0.360156,0.392188,0.400000,0.546094,0.392188,0.581250,0.611719,0.400000,0.581250
011,46_codon,0.492318,3.388091,0.660937,0.544531,0.402344,0.660937,0.553125,0.388281,0.544531,0.553125,0.404687,0.402344,0.388281,0.404687
011,47,0.407422,3.778146,0.346875,0.360938,0.364844,0.346875,0.414844,0.464063,0.360938,0.414844,0.492969,0.364844,0.464063,0.492969
011,47_001,0.509115,3.293193,0.425781,0.460938,0.457031,0.425781,0.528906,0.535156,0.460938,0.528906,0.646875,0.457031,0.535156,0.646875
011,47_010,0.488672,3.381881,0.472656,0.399219,0.458594,0.472656,0.460938,0.689844,0.399219,0.460938,0.450781,0.458594,0.689844,0.450781
011,47_011,0.526042,3.262984,0.478125,0.469531,0.509375,0.478125,0.546875,0.582031,0.469531,0.546875,0.570312,0.509375,0.582031,0.570312
011,47_100,0.433203,3.807739,0.485156,0.417969,0.457031,0.485156,0.435156,0.473437,0.417969,0.435156,0.330469,0.457031,0.473437,0.330469
011,47_101,0.450391,3.800520,0.407813,0.516406,0.474219,0.407813,0.496875,0.346094,0.516406,0.496875,0.460938,0.474219,0.346094,0.460938
011,47_110,0.458073,3.709526,0.360156,0.381250,0.360938,0.360156,0.489844,0.600781,0.381250,0.489844,0.555469,0.360938,0.600781,0.555469
011,47_codon,0.479297,3.410104,0.513281,0.451562,0.628125,0.513281,0.417969,0.462500,0.451562,0.417969,0.402344,0.628125,0.462500,0.402344
011,48,0.418359,3.762007,0.427344,0.391406,0.457031,0.427344,0.415625,0.407813,0.391406,0.415625,0.410937,0.457031,0.407813,0.410937
011,48_001,0.525130,3.262573,0.460156,0.444531,0.450000,0.460156,0.566406,0.561719,0.444531,0.566406,0.667969,0.450000,0.561719,0.667969
011,48_010,0.519141,3.268350,0.663281,0.436719,0.543750,0.663281,0.451562,0.564844,0.436719,0.451562,0.454688,0.543750,0.564844,0.454688
011,48_011,0.561328,3.072991,0.518750,0.479688,0.515625,0.518750,0.588281,0.658594,0.479688,0.588281,0.607031,0.515625,0.658594,0.607031
011,48_100,0.427214,3.840313,0.444531,0.375000,0.542969,0.444531,0.453906,0.400781,0.375000,0.453906,0.346094,0.542969,0.400781,0.346094
011,48_101,0.444401,3.799407,0.408594,0.435937,0.556250,0.408594,0.500000,0.369531,0.435937,0.500000,0.396094,0.556250,0.369531,0.396094
011,48_110,0.501432,3.378106,0.570312,0.402344,0.571875,0.570312,0.388281,0.685156,0.402344,0.388281,0.390625,0.571875,0.685156,0.390625
011,48_codon,0.470964,3.546145,0.639844,0.427344,0.496875,0.639844,0.388281,0.457031,0.427344,0.388281,0.416406,0.496875,0.457031,0.416406
011,49,0.397135,3.808422,0.392188,0.407031,0.400781,0.392188,0.417188,0.389844,0.407031,0.417188,0.375781,0.400781,0.389844,0.375781
011,49_001,0.541797,3.209360,0.578125,0.487500,0.664844,0.578125,0.483594,0.564844,0.487500,0.483594,0.471875,0.664844,0.564844,0.471875
011,49_010,0.521354,3.256410,0.600000,0.692187,0.415625,0.600000,0.589063,0.425000,0.692187,0.589063,0.406250,0.415625,0.425000,0.406250
011,49_011,0.529687,3.208567,0.489844,0.512500,0.512500,0.489844,0.539062,0.529687,0.512500,0.539062,0.594531,0.512500,0.529687,0.594531
011,49_100,0.425651,3.853156,0.412500,0.473437,0.538281,0.412500,0.429688,0.321094,0.473437,0.429688,0.378906,0.538281,0.321094,0.378906
011,49_101,0.479688,3.564529,0.427344,0.652344,0.504687,0.427344,0.408594,0.379687,0.652344,0.408594,0.505469,0.504687,0.379687,0.505469
011,49_110,0.445703,3.695350,0.460938,0.403906,0.428906,0.460938,0.403125,0.546094,0.403906,0.403125,0.431250,0.428906,0.546094,0.431250
011,49_codon,0.492057,3.492260,0.400000,0.553906,0.582031,0.400000,0.396094,0.396875,0.553906,0.396094,0.623437,0.582031,0.396875,0.623437
011,4_001,0.517839,3.267250,0.466406,0.477344,0.479688,0.466406,0.526563,0.517969,0.477344,0.526563,0.639062,0.479688,0.517969,0.639062
011,4_010,0.533854,3.229798,0.442969,0.578125,0.645312,0.442969,0.464844,0.462500,0.578125,0.464844,0.609375,0.645312,0.462500,0.609375
011,4_011,0.559505,3.074672,0.617969,0.473437,0.590625,0.617969,0.514062,0.646875,0.473437,0.514062,0.514062,0.590625,0.646875,0.514062
011,4_100,0.417969,3.880074,0.453125,0.527344,0.399219,0.453125,0.362500,0.453125,0.527344,0.362500,0.312500,0.399219,0.453125,0.312500
011,4_101,0.454297,3.765227,0.468750,0.357031,0.452344,0.468750,0.464844,0.535937,0.357031,0.464844,0.446875,0.452344,0.535937,0.446875
011,4_110,0.476432,3.575064,0.577344,0.578906,0.396875,0.577344,0.527344,0.412500,0.578906,0.527344,0.365625,0.396875,0.412500,0.365625
011,4_codon,0.498698,3.391683,0.421875,0.510938,0.684375,0.421875,0.430469,0.432031,0.510938,0.430469,0.512500,0.684375,0.432031,0.512500
011,5,0.390104,3.823715,0.421875,0.439844,0.360156,0.421875,0.412500,0.350781,0.439844,0.412500,0.355469,0.360156,0.350781,0.355469
011,50,0.386458,3.826573,0.370313,0.407813,0.386719,0.370313,0.376563,0.368750,0.407813,0.376563,0.408594,0.386719,0.368750,0.408594
011,50_001,0.541536,3.214149,0.661719,0.468750,0.594531,0.661719,0.475000,0.587500,0.468750,0.475000,0.461719,0.594531,0.587500,0.461719
011,50_010,0.543359,3.201575,0.468750,0.599219,0.596094,0.468750,0.473437,0.471094,0.599219,0.473437,0.651563,0.596094,0.471094,0.651563
011,50_011,0.563932,3.067477,0.555469,0.582812,0.573438,0.555469,0.607031,0.517969,0.582812,0.607031,0.546875,0.573438,0.517969,0.546875
011,50_100,0.434896,3.792990,0.450781,0.454688,0.406250,0.450781,0.396094,0.555469,0.454688,0.396094,0.346094,0.406250,0.555469,0.346094
011,50_101,0.455990,3.673310,0.532031,0.438281,0.509375,0.532031,0.335938,0.478125,0.438281,0.335938,0.442187,0.509375,0.478125,0.442187
011,50_110,0.466667,3.609292,0.373437,0.574219,0.523438,0.373437,0.396875,0.432031,0.574219,0.396875,0.500000,0.523438,0.432031,0.500000
011,50_codon,0.444401,3.801257,0.422656,0.463281,0.435937,0.422656,0.398438,0.528125,0.463281,0.398438,0.417969,0.435937,0.528125,0.417969
011,51,0.395052,3.870125,0.348437,0.401563,0.460156,0.348437,0.337500,0.369531,0.401563,0.337500,0.453125,0.460156,0.369531,0.453125
011,51_001,0.509635,3.299939,0.437500,0.564063,0.660156,0.437500,0.427344,0.428906,0.564063,0.427344,0.539844,0.660156,0.428906,0.539844
011,51_010,0.515104,3.298918,0.578906,0.416406,0.700781,0.578906,0.410156,0.574219,0.416406,0.410156,0.410156,0.700781,0.574219,0.410156
011,51_011,0.564583,3.065281,0.593750,0.544531,0.557031,0.593750,0.548438,0.549219,0.544531,0.548438,0.594531,0.557031,0.549219,0.594531
011,51_100,0.439583,3.808020,0.466406,0.561719,0.421094,0.466406,0.397656,0.442969,0.561719,0.397656,0.347656,0.421094,0.442969,0.347656
011,51_101,0.500130,3.478762,0.410156,0.539844,0.642188,0.410156,0.437500,0.398438,0.539844,0.437500,0.572656,0.642188,0.398438,0.572656
011,51_110,0.454036,3.712218,0.439844,0.464844,0.473437,0.439844,0.451562,0.470313,0.464844,0.451562,0.424219,0.473437,0.470313,0.424219
011,51_codon,0.506641,3.310861,0.410937,0.673438,0.573438,0.410937,0.403906,0.409375,0.673438,0.403906,0.568750,0.573438,0.409375,0.568750
011,52,0.382031,3.866942,0.431250,0.367188,0.405469,0.431250,0.331250,0.370313,0.367188,0.331250,0.386719,0.405469,0.370313,0.386719
011,52_001,0.517708,3.276092,0.620313,0.593750,0.439844,0.620313,0.579688,0.439063,0.593750,0.579688,0.433594,0.439844,0.439063,0.433594
011,52_010,0.521224,3.275580,0.442969,0.451562,0.453125,0.442969,0.684375,0.541406,0.451562,0.684375,0.553906,0.453125,0.541406,0.553906
011,52_011,0.554688,3.108962,0.636719,0.510156,0.594531,0.636719,0.503906,0.600781,0.510156,0.503906,0.482031,0.594531,0.600781,0.482031
011,52_100,0.423958,3.849984,0.464063,0.392969,0.439844,0.464063,0.532813,0.389062,0.392969,0.532813,0.325000,0.439844,0.389062,0.325000
011,52_101,0.489323,3.528396,0.594531,0.544531,0.357812,0.594531,0.587500,0.421094,0.544531,0.587500,0.430469,0.357812,0.421094,0.430469
011,52_110,0.454818,3.658929,0.475000,0.492969,0.442969,0.475000,0.420312,0.410156,0.492969,0.420312,0.487500,0.442969,0.410156,0.487500
011,52_codon,0.468099,3.570952,0.416406,0.547656,0.535156,0.416406,0.387500,0.416406,0.547656,0.387500,0.505469,0.535156,0.416406,0.505469
011,53,0.393750,3.819459,0.411719,0.383594,0.400000,0.411719,0.335938,0.444531,0.383594,0.335938,0.386719,0.400000,0.444531,0.386719
011,53_001,0.531901,3.238035,0.610156,0.471094,0.579688,0.610156,0.482812,0.564063,0.471094,0.482812,0.483594,0.579688,0.564063,0.483594
011,53_010,0.519271,3.271942,0.455469,0.543750,0.570312,0.455469,0.476562,0.451562,0.543750,0.476562,0.617969,0.570312,0.451562,0.617969
011,53_011,0.564844,3.059622,0.603125,0.535156,0.535156,0.603125,0.559375,0.555469,0.535156,0.559375,0.600781,0.535156,0.555469,0.600781
011,53_100,0.418750,3.874300,0.450781,0.527344,0.387500,0.450781,0.379687,0.447656,0.527344,0.379687,0.319531,0.387500,0.447656,0.319531
011,53_101,0.455990,3.645786,0.367188,0.425000,0.412500,0.367188,0.553125,0.455469,0.425000,0.553125,0.522656,0.412500,0.455469,0.522656
011,53_110,0.477214,3.540661,0.405469,0.564844,0.582031,0.405469,0.367969,0.396094,0.564844,0.367969,0.546875,0.582031,0.396094,0.546875
011,53_codon,0.501432,3.379905,0.408594,0.599219,0.619531,0.408594,0.400000,0.422656,0.599219,0.400000,0.558594,0.619531,0.422656,0.558594
011,54,0.426693,3.741446,0.438281,0.468750,0.381250,0.438281,0.458594,0.398438,0.468750,0.458594,0.414844,0.381250,0.398438,0.414844
011,54_001,0.523958,3.248475,0.470313,0.485938,0.485156,0.470313,0.536719,0.542188,0.485938,0.536719,0.623437,0.485156,0.542188,0.623437
011,54_010,0.509635,3.287533,0.660937,0.567187,0.429688,0.660937,0.571875,0.403906,0.567187,0.571875,0.424219,0.429688,0.403906,0.424219
011,54_011,0.548438,3.172621,0.557813,0.553906,0.480469,0.557813,0.590625,0.564063,0.553906,0.590625,0.543750,0.480469,0.564063,0.543750
011,54_100,0.435156,3.842593,0.463281,0.394531,0.337500,0.463281,0.464063,0.404687,0.394531,0.464063,0.546875,0.337500,0.404687,0.546875
011,54_101,0.496615,3.504812,0.419531,0.599219,0.571875,0.419531,0.426562,0.372656,0.599219,0.426562,0.589844,0.571875,0.372656,0.589844
011,54_110,0.474740,3.541779,0.557813,0.554688,0.394531,0.557813,0.519531,0.401563,0.554688,0.519531,0.420312,0.394531,0.401563,0.420312
011,54_codon,0.502344,3.352911,0.684375,0.577344,0.397656,0.684375,0.567969,0.389062,0.577344,0.567969,0.397656,0.397656,0.389062,0.397656
011,55,0.393099,3.836919,0.405469,0.387500,0.353906,0.405469,0.436719,0.368750,0.387500,0.436719,0.406250,0.353906,0.368750,0.406250
011,55_001,0.525130,3.250097,0.437500,0.426562,0.425781,0.437500,0.602344,0.600781,0.426562,0.602344,0.657813,0.425781,0.600781,0.657813
011,55_010,0.522266,3.275570,0.459375,0.452344,0.459375,0.459375,0.557813,0.543750,0.452344,0.557813,0.660937,0.459375,0.543750,0.660937
011,55_011,0.558854,3.084173,0.572656,0.581250,0.500000,0.572656,0.605469,0.527344,0.581250,0.605469,0.566406,0.500000,0.527344,0.566406
011,55_100,0.414844,3.905195,0.462500,0.401563,0.287500,0.462500,0.475781,0.366406,0.401563,0.475781,0.495313,0.287500,0.366406,0.495313
011,55_101,0.469401,3.563453,0.385938,0.399219,0.406250,0.385938,0.682031,0.469531,0.399219,0.682031,0.473437,0.406250,0.469531,0.473437
011,55_110,0.445703,3.708810,0.371875,0.449219,0.423438,0.371875,0.405469,0.561719,0.449219,0.405469,0.462500,0.423438,0.561719,0.462500
011,55_codon,0.490104,3.387462,0.636719,0.553125,0.416406,0.636719,0.562500,0.388281,0.553125,0.562500,0.383594,0.416406,0.388281,0.383594
011,56,0.381510,3.876791,0.401563,0.426562,0.346094,0.401563,0.391406,0.369531,0.426562,0.391406,0.353906,0.346094,0.369531,0.353906
011,56_001,0.546484,3.187574,0.469531,0.597656,0.648438,0.469531,0.487500,0.475000,0.597656,0.487500,0.600781,0.648438,0.475000,0.600781
011,56_010,0.510938,3.314758,0.667188,0.430469,0.551562,0.667188,0.443750,0.546094,0.430469,0.443750,0.426562,0.551562,0.546094,0.426562
011,56_011,0.546745,3.133781,0.504687,0.513281,0.523438,0.504687,0.542188,0.616406,0.513281,0.542188,0.580469,0.523438,0.616406,0.580469
011,56_100,0.427865,3.865458,0.531250,0.329688,0.386719,0.531250,0.399219,0.463281,0.329688,0.399219,0.457031,0.386719,0.463281,0.457031
011,56_101,0.481120,3.612622,0.592187,0.553906,0.370313,0.592187,0.561719,0.398438,0.553906,0.561719,0.410156,0.370313,0.398438,0.410156
011,56_110,0.453125,3.706892,0.367188,0.415625,0.556250,0.367188,0.446094,0.442969,0.415625,0.446094,0.490625,0.556250,0.442969,0.490625
011,56_codon,0.475130,3.488026,0.596094,0.456250,0.502344,0.596094,0.417188,0.459375,0.456250,0.417188,0.419531,0.502344,0.459375,0.419531
011,57,0.385026,3.891569,0.407813,0.415625,0.339063,0.407813,0.396875,0.367969,0.415625,0.396875,0.382812,0.339063,0.367969,0.382812
011,57_001,0.524349,3.262611,0.439844,0.439063,0.439063,0.439844,0.585156,0.647656,0.439063,0.585156,0.595313,0.439063,0.647656,0.595313
011,57_010,0.527995,3.255860,0.571875,0.657031,0.450781,0.571875,0.574219,0.460938,0.657031,0.574219,0.453125,0.450781,0.460938,0.453125
011,57_011,0.566927,3.068145,0.557813,0.540625,0.571094,0.557813,0.621094,0.562500,0.540625,0.621094,0.548438,0.571094,0.562500,0.548438
011,57_100,0.418880,3.899011,0.503125,0.418750,0.446875,0.503125,0.326562,0.340625,0.418750,0.326562,0.477344,0.446875,0.340625,0.477344
011,57_101,0.485417,3.507841,0.586719,0.560937,0.377344,0.586719,0.637500,0.366406,0.560937,0.637500,0.383594,0.377344,0.366406,0.383594
011,57_110,0.482682,3.506241,0.410937,0.394531,0.414062,0.410937,0.650781,0.523438,0.394531,0.650781,0.502344,0.414062,0.523438,0.502344
011,57_codon,0.451172,3.638386,0.399219,0.558594,0.457031,0.399219,0.447656,0.414062,0.558594,0.447656,0.430469,0.457031,0.414062,0.430469
011,58,0.406641,3.748774,0.439063,0.402344,0.370313,0.439063,0.410937,0.420312,0.402344,0.410937,0.396875,0.370313,0.420312,0.396875
011,58_001,0.527344,3.246625,0.570312,0.574219,0.457812,0.570312,0.650000,0.458594,0.574219,0.650000,0.453125,0.457812,0.458594,0.453125
011,58_010,0.528255,3.242705,0.596094,0.438281,0.619531,0.596094,0.427344,0.657813,0.438281,0.427344,0.430469,0.619531,0.657813,0.430469
011,58_011,0.560937,3.066907,0.602344,0.611719,0.527344,0.602344,0.635938,0.492188,0.611719,0.635938,0.496094,0.527344,0.492188,0.496094
011,58_100,0.436719,3.758800,0.415625,0.452344,0.442969,0.415625,0.363281,0.368750,0.452344,0.363281,0.577344,0.442969,0.368750,0.577344
011,58_101,0.452344,3.693424,0.416406,0.653906,0.371094,0.416406,0.438281,0.439063,0.653906,0.438281,0.395312,0.371094,0.439063,0.395312
011,58_110,0.470182,3.563055,0.421875,0.446094,0.688281,0.421875,0.386719,0.425000,0.446094,0.386719,0.453125,0.688281,0.425000,0.453125
011,58_codon,0.489583,3.394967,0.671094,0.432813,0.489844,0.671094,0.432031,0.492969,0.432813,0.432031,0.418750,0.489844,0.492969,0.418750
011,59,0.388021,3.846497,0.382031,0.375000,0.396875,0.382031,0.387500,0.398438,0.375000,0.387500,0.388281,0.396875,0.398438,0.388281
011,59_001,0.525781,3.262697,0.447656,0.445312,0.460938,0.447656,0.589844,0.648438,0.445312,0.589844,0.562500,0.460938,0.648438,0.562500
011,59_010,0.516016,3.265826,0.653125,0.573438,0.419531,0.653125,0.572656,0.435937,0.573438,0.572656,0.441406,0.419531,0.435937,0.441406
011,59_011,0.555208,3.110268,0.591406,0.535156,0.542969,0.591406,0.582031,0.583594,0.535156,0.582031,0.496094,0.542969,0.583594,0.496094
011,59_100,0.432422,3.809800,0.453125,0.564063,0.389844,0.453125,0.402344,0.440625,0.564063,0.402344,0.344531,0.389844,0.440625,0.344531
011,59_101,0.432682,3.865835,0.364062,0.491406,0.312500,0.364062,0.488281,0.503125,0.491406,0.488281,0.436719,0.312500,0.503125,0.436719
011,59_110,0.497005,3.434766,0.564844,0.682813,0.381250,0.564844,0.567969,0.398438,0.682813,0.567969,0.386719,0.381250,0.398438,0.386719
011,59_codon,0.500130,3.313670,0.477344,0.617188,0.496094,0.477344,0.529687,0.410937,0.617188,0.529687,0.469531,0.496094,0.410937,0.469531
011,5_001,0.516667,3.278567,0.452344,0.542969,0.666406,0.452344,0.433594,0.451562,0.542969,0.433594,0.553125,0.666406,0.451562,0.553125
011,5_010,0.522135,3.246840,0.673438,0.597656,0.418750,0.673438,0.591406,0.414062,0.597656,0.591406,0.437500,0.418750,0.414062,0.437500
011,5_011,0.560286,3.080232,0.493750,0.603906,0.602344,0.493750,0.533594,0.507812,0.603906,0.533594,0.620313,0.602344,0.507812,0.620313
011,5_100,0.425651,3.842847,0.467969,0.537500,0.407813,0.467969,0.380469,0.437500,0.537500,0.380469,0.322656,0.407813,0.437500,0.322656
011,5_101,0.449349,3.732141,0.471094,0.610938,0.420312,0.471094,0.420312,0.396875,0.610938,0.420312,0.376563,0.420312,0.396875,0.376563
011,5_110,0.481771,3.496510,0.612500,0.539062,0.382031,0.612500,0.584375,0.374219,0.539062,0.584375,0.398438,0.382031,0.374219,0.398438
011,5_codon,0.479688,3.463724,0.661719,0.510156,0.406250,0.661719,0.492969,0.393750,0.510156,0.492969,0.413281,0.406250,0.393750,0.413281
011,6,0.388542,3.882250,0.358594,0.398438,0.354688,0.358594,0.380469,0.425781,0.398438,0.380469,0.413281,0.354688,0.425781,0.413281
011,60,0.417578,3.669849,0.403125,0.389844,0.384375,0.403125,0.422656,0.458594,0.389844,0.422656,0.446875,0.384375,0.458594,0.446875
011,60_001,0.515625,3.245482,0.586719,0.678125,0.421094,0.586719,0.567187,0.420312,0.678125,0.567187,0.420312,0.421094,0.420312,0.420312
011,60_010,0.513932,3.279290,0.444531,0.427344,0.427344,0.444531,0.560156,0.645312,0.427344,0.560156,0.578906,0.427344,0.645312,0.578906
011,60_011,0.553516,3.097341,0.592187,0.554688,0.552344,0.592187,0.553906,0.578906,0.554688,0.553906,0.489062,0.552344,0.578906,0.489062
011,60_100,0.429557,3.812867,0.447656,0.400000,0.314063,0.447656,0.485938,0.388281,0.400000,0.485938,0.541406,0.314063,0.388281,0.541406
011,60_101,0.473437,3.527916,0.458594,0.454688,0.422656,0.458594,0.689063,0.407813,0.454688,0.689063,0.407813,0.422656,0.407813,0.407813
011,60_110,0.467708,3.609125,0.392188,0.410156,0.376563,0.392188,0.487500,0.671094,0.410156,0.487500,0.468750,0.376563,0.671094,0.468750
011,60_codon,0.449219,3.620950,0.427344,0.419531,0.496094,0.427344,0.382812,0.418750,0.419531,0.382812,0.550781,0.496094,0.418750,0.550781
011,61,0.400391,3.790347,0.430469,0.458594,0.403125,0.430469,0.402344,0.347656,0.458594,0.402344,0.360156,0.403125,0.347656,0.360156
011,61_001,0.514714,3.309554,0.645312,0.441406,0.561719,0.645312,0.453906,0.554688,0.441406,0.453906,0.431250,0.561719,0.554688,0.431250
011,61_010,0.544010,3.213839,0.480469,0.491406,0.490625,0.480469,0.575781,0.648438,0.491406,0.575781,0.577344,0.490625,0.648438,0.577344
011,61_011,0.536589,3.166061,0.496875,0.579688,0.583594,0.496875,0.495313,0.473437,0.579688,0.495313,0.590625,0.583594,0.473437,0.590625
011,61_100,0.416146,3.861019,0.374219,0.532813,0.307031,0.374219,0.455469,0.441406,0.532813,0.455469,0.385938,0.307031,0.441406,0.385938
011,61_101,0.488932,3.428407,0.667969,0.405469,0.486719,0.667969,0.422656,0.494531,0.405469,0.422656,0.456250,0.486719,0.494531,0.456250
011,61_110,0.471875,3.546340,0.421094,0.689844,0.436719,0.421094,0.428125,0.411719,0.689844,0.428125,0.443750,0.436719,0.411719,0.443750
011,61_codon,0.477214,3.436814,0.471875,0.693750,0.426562,0.471875,0.449219,0.398438,0.693750,0.449219,0.423438,0.426562,0.398438,0.423438
011,62,0.389062,3.843006,0.413281,0.378906,0.373437,0.413281,0.371875,0.437500,0.378906,0.371875,0.359375,0.373437,0.437500,0.359375
011,62_001,0.527474,3.251233,0.467969,0.548438,0.655469,0.467969,0.467187,0.462500,0.548438,0.467187,0.563281,0.655469,0.462500,0.563281
011,62_010,0.524089,3.258627,0.558594,0.453906,0.554688,0.558594,0.460156,0.664062,0.453906,0.460156,0.453125,0.554688,0.664062,0.453125
011,62_011,0.564974,3.073721,0.574219,0.524219,0.585938,0.574219,0.602344,0.576562,0.524219,0.602344,0.526563,0.585938,0.576562,0.526563
011,62_100,0.419922,3.880137,0.487500,0.424219,0.500781,0.487500,0.457812,0.352344,0.424219,0.457812,0.296875,0.500781,0.352344,0.296875
011,62_101,0.449740,3.806828,0.439844,0.473437,0.520312,0.439844,0.483594,0.376563,0.473437,0.483594,0.404687,0.520312,0.376563,0.404687
011,62_110,0.432422,3.747606,0.457031,0.402344,0.394531,0.457031,0.396094,0.527344,0.402344,0.396094,0.417188,0.394531,0.527344,0.417188
011,62_codon,0.474740,3.459564,0.611719,0.457812,0.504687,0.611719,0.419531,0.457812,0.457812,0.419531,0.396875,0.504687,0.457812,0.396875
011,63,0.376823,3.866558,0.335938,0.385156,0.358594,0.335938,0.424219,0.374219,0.385156,0.424219,0.382812,0.358594,0.374219,0.382812
011,63_001,0.517448,3.308949,0.442187,0.439063,0.433594,0.442187,0.646875,0.572656,0.439063,0.646875,0.570312,0.433594,0.572656,0.570312
011,63_010,0.531641,3.225240,0.463281,0.462500,0.446094,0.463281,0.585938,0.638281,0.462500,0.585938,0.593750,0.446094,0.638281,0.593750
011,63_011,0.559115,3.063268,0.592969,0.508594,0.644531,0.592969,0.474219,0.595313,0.508594,0.474219,0.539062,0.644531,0.595313,0.539062
011,63_100,0.421354,3.867037,0.460938,0.388281,0.510938,0.460938,0.468750,0.386719,0.388281,0.468750,0.312500,0.510938,0.386719,0.312500
011,63_101,0.448177,3.795984,0.478125,0.450000,0.543750,0.478125,0.472656,0.386719,0.450000,0.472656,0.357812,0.543750,0.386719,0.357812
011,63_110,0.443490,3.721185,0.439063,0.448438,0.436719,0.439063,0.421875,0.485938,0.448438,0.421875,0.428906,0.436719,0.485938,0.428906
011,63_codon,0.455339,3.580767,0.475781,0.439063,0.564063,0.475781,0.427344,0.410937,0.439063,0.427344,0.414844,0.564063,0.410937,0.414844
011,64,0.389453,3.831586,0.396875,0.387500,0.372656,0.396875,0.420312,0.406250,0.387500,0.420312,0.353125,0.372656,0.406250,0.353125
011,64_001,0.529427,3.241333,0.576562,0.460156,0.581250,0.576562,0.446094,0.662500,0.460156,0.446094,0.450000,0.581250,0.662500,0.450000
011,64_010,0.522266,3.273810,0.582031,0.636719,0.448438,0.582031,0.578906,0.446094,0.636719,0.578906,0.441406,0.448438,0.446094,0.441406
011,64_011,0.541667,3.154230,0.525000,0.546094,0.504687,0.525000,0.591406,0.503125,0.546094,0.591406,0.579688,0.504687,0.503125,0.579688
011,64_100,0.420573,3.888070,0.387500,0.463281,0.317969,0.387500,0.447656,0.514844,0.463281,0.447656,0.392188,0.317969,0.514844,0.392188
011,64_101,0.441016,3.815279,0.436719,0.483594,0.397656,0.436719,0.411719,0.533594,0.483594,0.411719,0.382812,0.397656,0.533594,0.382812
011,64_110,0.488151,3.502044,0.366406,0.391406,0.397656,0.366406,0.613281,0.561719,0.391406,0.613281,0.598437,0.397656,0.561719,0.598437
011,64_codon,0.501042,3.430837,0.405469,0.583594,0.575781,0.405469,0.399219,0.404687,0.583594,0.399219,0.637500,0.575781,0.404687,0.637500
011,65,0.411719,3.793043,0.489844,0.473437,0.411719,0.489844,0.357031,0.344531,0.473437,0.357031,0.393750,0.411719,0.344531,0.393750
011,65_001,0.523568,3.257185,0.452344,0.451562,0.438281,0.452344,0.653906,0.585156,0.451562,0.653906,0.560156,0.438281,0.585156,0.560156
011,65_010,0.521224,3.294938,0.642188,0.567187,0.462500,0.642188,0.553125,0.446094,0.567187,0.553125,0.456250,0.462500,0.446094,0.456250
011,65_011,0.521484,3.235855,0.567969,0.475781,0.442969,0.567969,0.597656,0.546875,0.475781,0.597656,0.497656,0.442969,0.546875,0.497656
011,65_100,0.440104,3.761188,0.602344,0.443750,0.391406,0.602344,0.415625,0.365625,0.443750,0.415625,0.421875,0.391406,0.365625,0.421875
011,65_101,0.471094,3.635185,0.653906,0.439063,0.436719,0.653906,0.426562,0.417188,0.439063,0.426562,0.453125,0.436719,0.417188,0.453125
011,65_110,0.460547,3.704515,0.525000,0.457812,0.503906,0.525000,0.378125,0.432031,0.457812,0.378125,0.466406,0.503906,0.432031,0.466406
011,65_codon,0.498958,3.387670,0.647656,0.516406,0.435937,0.647656,0.509375,0.440625,0.516406,0.509375,0.443750,0.435937,0.440625,0.443750
011,66,0.375260,3.913539,0.375000,0.376563,0.381250,0.375000,0.375000,0.385938,0.376563,0.375000,0.357812,0.381250,0.385938,0.357812
011,66_001,0.537891,3.214141,0.453906,0.604688,0.648438,0.453906,0.462500,0.457812,0.604688,0.462500,0.600000,0.648438,0.457812,0.600000
011,66_010,0.532943,3.243567,0.439063,0.632031,0.585938,0.439063,0.465625,0.455469,0.632031,0.465625,0.619531,0.585938,0.455469,0.619531
011,66_011,0.554167,3.112239,0.473437,0.567969,0.561719,0.473437,0.535937,0.543750,0.567969,0.535937,0.642188,0.561719,0.543750,0.642188
011,66_100,0.429818,3.835040,0.458594,0.421094,0.321875,0.458594,0.469531,0.375000,0.421094,0.469531,0.532813,0.321875,0.375000,0.532813
011,66_101,0.447917,3.764378,0.493750,0.457812,0.528906,0.493750,0.459375,0.391406,0.457812,0.459375,0.356250,0.528906,0.391406,0.356250
011,66_110,0.452734,3.619095,0.382812,0.605469,0.477344,0.382812,0.410937,0.378906,0.605469,0.410937,0.460938,0.477344,0.378906,0.460938
011,66_codon,0.484115,3.408437,0.398438,0.536719,0.649219,0.398438,0.381250,0.429688,0.536719,0.381250,0.509375,0.649219,0.429688,0.509375
011,67,0.389974,3.862976,0.395312,0.382812,0.389062,0.395312,0.372656,0.407813,0.382812,0.372656,0.392188,0.389062,0.407813,0.392188
011,67_001,0.524219,3.243646,0.467187,0.446875,0.458594,0.467187,0.638281,0.571094,0.446875,0.638281,0.563281,0.458594,0.571094,0.563281
011,67_010,0.516927,3.282805,0.689063,0.594531,0.403125,0.689063,0.600781,0.407031,0.594531,0.600781,0.407031,0.403125,0.407031,0.407031
011,67_011,0.564063,3.053206,0.609375,0.527344,0.550000,0.609375,0.542969,0.560937,0.527344,0.542969,0.593750,0.550000,0.560937,0.593750
011,67_100,0.430990,3.878920,0.473437,0.386719,0.456250,0.473437,0.535156,0.412500,0.386719,0.535156,0.321875,0.456250,0.412500,0.321875
011,67_101,0.461719,3.695733,0.564063,0.463281,0.460156,0.564063,0.425000,0.418750,0.463281,0.425000,0.439063,0.460156,0.418750,0.439063
011,67_110,0.427474,3.793142,0.425781,0.428125,0.410937,0.425781,0.523438,0.373437,0.428125,0.523438,0.403125,0.410937,0.373437,0.403125
011,67_codon,0.468359,3.541074,0.532031,0.571875,0.458594,0.532031,0.427344,0.414062,0.571875,0.427344,0.406250,0.458594,0.414062,0.406250
011,68,0.406771,3.805840,0.435937,0.395312,0.378906,0.435937,0.436719,0.400000,0.395312,0.436719,0.393750,0.378906,0.400000,0.393750
011,68_001,0.531901,3.236703,0.528906,0.538281,0.481250,0.528906,0.632812,0.492188,0.538281,0.632812,0.517969,0.481250,0.492188,0.517969
011,68_010,0.514453,3.273125,0.451562,0.606250,0.553906,0.451562,0.451562,0.453906,0.606250,0.451562,0.569531,0.553906,0.453906,0.569531
011,68_011,0.546745,3.128081,0.566406,0.510156,0.574219,0.566406,0.510938,0.624219,0.510156,0.510938,0.494531,0.574219,0.624219,0.494531
011,68_100,0.455990,3.692274,0.656250,0.437500,0.375781,0.656250,0.454688,0.386719,0.437500,0.454688,0.425000,0.375781,0.386719,0.425000
011,68_101,0.454557,3.770849,0.519531,0.432031,0.360938,0.519531,0.507031,0.448438,0.432031,0.507031,0.459375,0.360938,0.448438,0.459375
011,68_110,0.451823,3.718580,0.467969,0.357812,0.485156,0.467969,0.438281,0.518750,0.357812,0.438281,0.442969,0.485156,0.518750,0.442969
011,68_codon,0.469661,3.546998,0.584375,0.493750,0.458594,0.584375,0.422656,0.422656,0.493750,0.422656,0.435937,0.458594,0.422656,0.435937
011,69,0.388802,3.819677,0.370313,0.355469,0.338281,0.370313,0.451562,0.375781,0.355469,0.451562,0.441406,0.338281,0.375781,0.441406
011,69_001,0.517448,3.278767,0.435156,0.422656,0.436719,0.435156,0.608594,0.596094,0.422656,0.608594,0.605469,0.436719,0.596094,0.605469
011,69_010,0.528125,3.263441,0.453125,0.467187,0.460938,0.453125,0.556250,0.664844,0.467187,0.556250,0.566406,0.460938,0.664844,0.566406
011,69_011,0.545312,3.151159,0.531250,0.521875,0.482812,0.531250,0.589063,0.558594,0.521875,0.589063,0.588281,0.482812,0.558594,0.588281
011,69_100,0.420573,3.860177,0.518750,0.317187,0.375781,0.518750,0.404687,0.463281,0.317187,0.404687,0.443750,0.375781,0.463281,0.443750
011,69_101,0.486068,3.481362,0.502344,0.628906,0.403125,0.502344,0.526563,0.423438,0.628906,0.526563,0.432031,0.403125,0.423438,0.432031
011,69_110,0.456771,3.589140,0.464844,0.373437,0.462500,0.464844,0.442969,0.585938,0.373437,0.442969,0.410937,0.462500,0.585938,0.410937
011,69_codon,0.456250,3.598571,0.620313,0.410937,0.414844,0.620313,0.442969,0.428906,0.410937,0.442969,0.419531,0.414844,0.428906,0.419531
011,6_001,0.518099,3.268975,0.434375,0.581250,0.577344,0.434375,0.428125,0.430469,0.581250,0.428125,0.657031,0.577344,0.430469,0.657031
011,6_010,0.516667,3.263475,0.439844,0.647656,0.572656,0.439844,0.416406,0.426562,0.647656,0.416406,0.596875,0.572656,0.426562,0.596875
011,6_011,0.542057,3.136585,0.533594,0.500000,0.553125,0.533594,0.538281,0.572656,0.500000,0.538281,0.554688,0.553125,0.572656,0.554688
011,6_100,0.420052,3.859023,0.314063,0.493750,0.419531,0.314063,0.389062,0.453125,0.493750,0.389062,0.450781,0.419531,0.453125,0.450781
011,6_101,0.434245,3.829774,0.503906,0.367188,0.432813,0.503906,0.390625,0.458594,0.367188,0.390625,0.452344,0.432813,0.458594,0.452344
011,6_110,0.444661,3.721819,0.475000,0.422656,0.547656,0.475000,0.444531,0.410937,0.422656,0.444531,0.367188,0.547656,0.410937,0.367188
011,6_codon,0.504167,3.331877,0.560156,0.685156,0.414062,0.560156,0.562500,0.390625,0.685156,0.562500,0.412500,0.414062,0.390625,0.412500
011,7,0.389193,3.869358,0.378125,0.358594,0.384375,0.378125,0.383594,0.392969,0.358594,0.383594,0.437500,0.384375,0.392969,0.437500
011,70,0.404557,3.832328,0.403906,0.377344,0.405469,0.403906,0.370313,0.488281,0.377344,0.370313,0.382031,0.405469,0.488281,0.382031
011,70_001,0.530729,3.223658,0.579688,0.653125,0.457031,0.579688,0.575000,0.462500,0.653125,0.575000,0.457031,0.457031,0.462500,0.457031
011,70_010,0.487109,3.395589,0.474219,0.401563,0.475781,0.474219,0.450781,0.672656,0.401563,0.450781,0.447656,0.475781,0.672656,0.447656
011,70_011,0.537630,3.157850,0.525000,0.538281,0.527344,0.525000,0.552344,0.529687,0.538281,0.552344,0.553125,0.527344,0.529687,0.553125
011,70_100,0.436068,3.761203,0.367188,0.426562,0.350781,0.367188,0.446094,0.592187,0.426562,0.446094,0.433594,0.350781,0.592187,0.433594
011,70_101,0.445052,3.797126,0.485938,0.471094,0.432031,0.485938,0.421094,0.508594,0.471094,0.421094,0.351562,0.432031,0.508594,0.351562
011,70_110,0.476172,3.535929,0.453125,0.415625,0.455469,0.453125,0.417969,0.690625,0.415625,0.417969,0.424219,0.455469,0.690625,0.424219
011,70_codon,0.497135,3.387161,0.515625,0.507812,0.465625,0.515625,0.582812,0.462500,0.507812,0.582812,0.448438,0.465625,0.462500,0.448438
011,71,0.391536,3.847151,0.440625,0.398438,0.367969,0.440625,0.392969,0.373437,0.398438,0.392969,0.375781,0.367969,0.373437,0.375781
011,71_001,0.528906,3.210353,0.592969,0.457812,0.638281,0.592969,0.461719,0.567187,0.457812,0.461719,0.455469,0.638281,0.567187,0.455469
011,71_010,0.520443,3.255630,0.441406,0.439844,0.442187,0.441406,0.549219,0.580469,0.439844,0.549219,0.669531,0.442187,0.580469,0.669531
011,71_011,0.542318,3.163899,0.598437,0.573438,0.529687,0.598437,0.566406,0.514844,0.573438,0.566406,0.471094,0.529687,0.514844,0.471094
011,71_100,0.420182,3.871292,0.392969,0.544531,0.326562,0.392969,0.436719,0.447656,0.544531,0.436719,0.372656,0.326562,0.447656,0.372656
011,71_101,0.504427,3.469219,0.546875,0.397656,0.604688,0.546875,0.448438,0.582812,0.397656,0.448438,0.446094,0.604688,0.582812,0.446094
011,71_110,0.464193,3.576593,0.436719,0.400781,0.435937,0.436719,0.405469,0.696094,0.400781,0.405469,0.410156,0.435937,0.696094,0.410156
011,71_codon,0.495182,3.378164,0.411719,0.639062,0.579688,0.411719,0.381250,0.412500,0.639062,0.381250,0.546875,0.579688,0.412500,0.546875
011,72,0.393490,3.846025,0.400000,0.373437,0.393750,0.400000,0.435156,0.370313,0.373437,0.435156,0.388281,0.393750,0.370313,0.388281
011,72_001,0.534635,3.216824,0.557031,0.480469,0.553125,0.557031,0.479688,0.669531,0.480469,0.479688,0.467969,0.553125,0.669531,0.467969
011,72_010,0.528906,3.215178,0.470313,0.667188,0.562500,0.470313,0.454688,0.457812,0.667188,0.454688,0.560937,0.562500,0.457812,0.560937
011,72_011,0.564714,3.048869,0.582812,0.604688,0.558594,0.582812,0.535156,0.592969,0.604688,0.535156,0.514062,0.558594,0.592969,0.514062
011,72_100,0.433594,3.817414,0.380469,0.464063,0.457031,0.380469,0.553906,0.329688,0.464063,0.553906,0.416406,0.457031,0.329688,0.416406
011,72_101,0.526693,3.291795,0.571875,0.452344,0.564844,0.571875,0.442187,0.692969,0.452344,0.442187,0.435937,0.564844,0.692969,0.435937
011,72_110,0.466927,3.550141,0.400000,0.410937,0.396875,0.400000,0.456250,0.447656,0.410937,0.456250,0.689844,0.396875,0.447656,0.689844
011,72_codon,0.509245,3.321985,0.399219,0.642188,0.598437,0.399219,0.396875,0.423438,0.642188,0.396875,0.595313,0.598437,0.423438,0.595313
011,73,0.388021,3.837771,0.397656,0.417188,0.401563,0.397656,0.365625,0.363281,0.417188,0.365625,0.382812,0.401563,0.363281,0.382812
011,73_001,0.535807,3.210311,0.467187,0.569531,0.668750,0.467187,0.471875,0.464844,0.569531,0.471875,0.572656,0.668750,0.464844,0.572656
011,73_010,0.517318,3.295176,0.666406,0.556250,0.431250,0.666406,0.558594,0.443750,0.556250,0.558594,0.447656,0.431250,0.443750,0.447656
011,73_011,0.558073,3.099491,0.555469,0.605469,0.566406,0.555469,0.521094,0.503125,0.605469,0.521094,0.596875,0.566406,0.503125,0.596875
011,73_100,0.426432,3.841571,0.468750,0.449219,0.367969,0.468750,0.420312,0.534375,0.449219,0.420312,0.317969,0.367969,0.534375,0.317969
011,73_101,0.466797,3.660960,0.407813,0.413281,0.636719,0.407813,0.453125,0.442187,0.413281,0.453125,0.447656,0.636719,0.442187,0.447656
011,73_110,0.490755,3.438247,0.658594,0.559375,0.375000,0.658594,0.574219,0.382812,0.559375,0.574219,0.394531,0.375000,0.382812,0.394531
011,73_codon,0.496875,3.384556,0.632031,0.610938,0.397656,0.632031,0.560156,0.374219,0.610938,0.560156,0.406250,0.397656,0.374219,0.406250
011,74,0.420052,3.714286,0.454688,0.385156,0.432813,0.454688,0.445312,0.427344,0.385156,0.445312,0.375000,0.432813,0.427344,0.375000
011,74_001,0.529427,3.221586,0.569531,0.569531,0.450781,0.569531,0.666406,0.462500,0.569531,0.666406,0.457812,0.450781,0.462500,0.457812
011,74_010,0.511979,3.310208,0.571094,0.433594,0.553906,0.571094,0.431250,0.643750,0.433594,0.431250,0.438281,0.553906,0.643750,0.438281
011,74_011,0.560026,3.080175,0.546875,0.571875,0.543750,0.546875,0.553125,0.594531,0.571875,0.553125,0.550000,0.543750,0.594531,0.550000
011,74_100,0.423958,3.860547,0.540625,0.393750,0.469531,0.540625,0.311719,0.392188,0.393750,0.311719,0.435937,0.469531,0.392188,0.435937
011,74_101,0.445312,3.774275,0.378906,0.429688,0.444531,0.378906,0.493750,0.425781,0.429688,0.493750,0.499219,0.444531,0.425781,0.499219
011,74_110,0.477474,3.542167,0.675000,0.403125,0.484375,0.675000,0.403125,0.480469,0.403125,0.403125,0.418750,0.484375,0.480469,0.418750
011,74_codon,0.469010,3.497043,0.535937,0.485938,0.549219,0.535937,0.400781,0.387500,0.485938,0.400781,0.454688,0.549219,0.387500,0.454688
011,75,0.407031,3.793981,0.408594,0.382812,0.432813,0.408594,0.417969,0.418750,0.382812,0.417969,0.381250,0.432813,0.418750,0.381250
011,75_001,0.538411,3.191467,0.557813,0.475000,0.578125,0.557813,0.464063,0.677344,0.475000,0.464063,0.478125,0.578125,0.677344,0.478125
011,75_010,0.529557,3.267583,0.466406,0.466406,0.468750,0.466406,0.559375,0.646875,0.466406,0.559375,0.569531,0.468750,0.646875,0.569531
011,75_011,0.549479,3.132852,0.594531,0.503906,0.612500,0.594531,0.507031,0.590625,0.503906,0.507031,0.488281,0.612500,0.590625,0.488281
011,75_100,0.422005,3.863292,0.309375,0.364062,0.516406,0.309375,0.450000,0.421875,0.364062,0.450000,0.470313,0.516406,0.421875,0.470313
011,75_101,0.474219,3.526625,0.453906,0.404687,0.688281,0.453906,0.407813,0.468750,0.404687,0.407813,0.421875,0.688281,0.468750,0.421875
011,75_110,0.455208,3.699169,0.426562,0.482031,0.457812,0.426562,0.546875,0.379687,0.482031,0.546875,0.438281,0.457812,0.379687,0.438281
011,75_codon,0.469792,3.547041,0.613281,0.535937,0.378906,0.613281,0.518750,0.375781,0.535937,0.518750,0.396094,0.378906,0.375781,0.396094
011,76,0.387370,3.838338,0.375000,0.351562,0.428906,0.375000,0.383594,0.429688,0.351562,0.383594,0.355469,0.428906,0.429688,0.355469
011,76_001,0.530599,3.231072,0.437500,0.435937,0.438281,0.437500,0.599219,0.670312,0.435937,0.599219,0.602344,0.438281,0.670312,0.602344
011,76_010,0.514062,3.298928,0.435937,0.430469,0.425000,0.435937,0.578125,0.548438,0.430469,0.578125,0.666406,0.425000,0.548438,0.666406
011,76_011,0.560547,3.063497,0.551562,0.587500,0.535937,0.551562,0.555469,0.594531,0.587500,0.555469,0.538281,0.535937,0.594531,0.538281
011,76_100,0.429427,3.813806,0.401563,0.453125,0.550781,0.401563,0.443750,0.335938,0.453125,0.443750,0.391406,0.550781,0.335938,0.391406
011,76_101,0.467187,3.584852,0.435937,0.395312,0.388281,0.435937,0.450000,0.447656,0.395312,0.450000,0.685937,0.388281,0.447656,0.685937
011,76_110,0.457292,3.705369,0.498437,0.537500,0.428125,0.498437,0.484375,0.351562,0.537500,0.484375,0.443750,0.428125,0.351562,0.443750
011,76_codon,0.492448,3.429368,0.595313,0.463281,0.510156,0.595313,0.455469,0.497656,0.463281,0.455469,0.432813,0.510156,0.497656,0.432813
011,77,0.383464,3.817935,0.391406,0.382031,0.339844,0.391406,0.420312,0.378125,0.382031,0.420312,0.389062,0.339844,0.378125,0.389062
011,77_001,0.525651,3.243264,0.607031,0.443750,0.594531,0.607031,0.430469,0.636719,0.443750,0.430469,0.441406,0.594531,0.636719,0.441406
011,77_010,0.529948,3.243064,0.457031,0.470313,0.476562,0.457031,0.640625,0.567969,0.470313,0.640625,0.567187,0.476562,0.567969,0.567187
011,77_011,0.562891,3.085551,0.557031,0.578906,0.603125,0.557031,0.582031,0.517188,0.578906,0.582031,0.539062,0.603125,0.517188,0.539062
011,77_100,0.428516,3.814866,0.425781,0.388281,0.350000,0.425781,0.456250,0.401563,0.388281,0.456250,0.549219,0.350000,0.401563,0.549219
011,77_101,0.442318,3.801782,0.364062,0.457812,0.453906,0.364062,0.374219,0.535937,0.457812,0.374219,0.467969,0.453906,0.535937,0.467969
011,77_110,0.416797,3.825038,0.421875,0.437500,0.386719,0.421875,0.360938,0.515625,0.437500,0.360938,0.378125,0.386719,0.515625,0.378125
011,77_codon,0.513932,3.328414,0.435937,0.535156,0.460156,0.435937,0.545312,0.542188,0.535156,0.545312,0.564844,0.460156,0.542188,0.564844
011,78,0.406380,3.798779,0.387500,0.448438,0.398438,0.387500,0.426562,0.417969,0.448438,0.426562,0.359375,0.398438,0.417969,0.359375
011,78_001,0.518750,3.252072,0.569531,0.628125,0.435156,0.569531,0.596875,0.447656,0.628125,0.596875,0.435156,0.435156,0.447656,0.435156
011,78_010,0.510677,3.310163,0.428125,0.414844,0.443750,0.428125,0.567969,0.564063,0.414844,0.567969,0.645312,0.443750,0.564063,0.645312
011,78_011,0.559766,3.072446,0.563281,0.571094,0.477344,0.563281,0.640625,0.571875,0.571094,0.640625,0.534375,0.477344,0.571875,0.534375
011,78_100,0.417057,3.882324,0.460938,0.381250,0.461719,0.460938,0.514062,0.382812,0.381250,0.514062,0.301562,0.461719,0.382812,0.301562
011,78_101,0.498958,3.430297,0.600000,0.561719,0.403125,0.600000,0.632812,0.400000,0.561719,0.632812,0.396094,0.403125,0.400000,0.396094
011,78_110,0.458724,3.672861,0.491406,0.478125,0.406250,0.491406,0.536719,0.444531,0.478125,0.536719,0.395312,0.406250,0.444531,0.395312
011,78_codon,0.464844,3.606556,0.564844,0.539062,0.404687,0.564844,0.494531,0.407031,0.539062,0.494531,0.378906,0.404687,0.407031,0.378906
011,79,0.380729,3.890291,0.396875,0.370313,0.396094,0.396875,0.412500,0.335938,0.370313,0.412500,0.372656,0.396094,0.335938,0.372656
011,79_001,0.531250,3.251423,0.646094,0.585938,0.463281,0.646094,0.583594,0.453906,0.585938,0.583594,0.454688,0.463281,0.453906,0.454688
011,79_010,0.533464,3.223934,0.600000,0.460156,0.593750,0.600000,0.442187,0.656250,0.460156,0.442187,0.448438,0.593750,0.656250,0.448438
011,79_011,0.564453,3.071835,0.625781,0.517969,0.603125,0.625781,0.505469,0.649219,0.517969,0.505469,0.485156,0.603125,0.649219,0.485156
011,79_100,0.419922,3.864332,0.525781,0.386719,0.454688,0.525781,0.321094,0.379687,0.386719,0.321094,0.451562,0.454688,0.379687,0.451562
011,79_101,0.459896,3.629347,0.451562,0.639844,0.359375,0.451562,0.487500,0.423438,0.639844,0.487500,0.397656,0.359375,0.423438,0.397656
011,79_110,0.456120,3.671398,0.527344,0.403125,0.514844,0.527344,0.361719,0.507812,0.403125,0.361719,0.421875,0.514844,0.507812,0.421875
011,79_codon,0.440885,3.665407,0.535156,0.439063,0.436719,0.535156,0.380469,0.430469,0.439063,0.380469,0.423438,0.436719,0.430469,0.423438
011,7_001,0.527734,3.251425,0.585156,0.459375,0.640625,0.585156,0.447656,0.571875,0.459375,0.447656,0.461719,0.640625,0.571875,0.461719
011,7_010,0.514453,3.308479,0.587500,0.538281,0.446875,0.587500,0.610938,0.458594,0.538281,0.610938,0.444531,0.446875,0.458594,0.444531
011,7_011,0.548177,3.123606,0.504687,0.496875,0.525000,0.504687,0.576562,0.585938,0.496875,0.576562,0.600000,0.525000,0.585938,0.600000
011,7_100,0.434115,3.846701,0.439063,0.417969,0.336719,0.439063,0.480469,0.390625,0.417969,0.480469,0.539844,0.336719,0.390625,0.539844
011,7_101,0.453906,3.659147,0.396094,0.430469,0.436719,0.396094,0.400000,0.408594,0.430469,0.400000,0.651563,0.436719,0.408594,0.651563
011,7_110,0.488151,3.453247,0.602344,0.571875,0.403125,0.602344,0.575781,0.376563,0.571875,0.575781,0.399219,0.403125,0.376563,0.399219
011,7_codon,0.506901,3.319970,0.565625,0.678906,0.405469,0.565625,0.574219,0.407031,0.678906,0.574219,0.410156,0.405469,0.407031,0.410156
011,8,0.387370,3.862555,0.321875,0.395312,0.367188,0.321875,0.375000,0.439844,0.395312,0.375000,0.425000,0.367188,0.439844,0.425000
011,80,0.394271,3.841506,0.396094,0.399219,0.421875,0.396094,0.379687,0.381250,0.399219,0.379687,0.387500,0.421875,0.381250,0.387500
011,80_001,0.510938,3.308522,0.560156,0.413281,0.670312,0.560156,0.426562,0.569531,0.413281,0.426562,0.425781,0.670312,0.569531,0.425781
011,80_010,0.522266,3.279768,0.585938,0.568750,0.456250,0.585938,0.626563,0.457031,0.568750,0.626563,0.439063,0.456250,0.457031,0.439063
011,80_011,0.564974,3.045089,0.558594,0.600000,0.564063,0.558594,0.525781,0.601562,0.600000,0.525781,0.539844,0.564063,0.601562,0.539844
011,80_100,0.442187,3.736394,0.389062,0.349219,0.425781,0.389062,0.621875,0.458594,0.349219,0.621875,0.408594,0.425781,0.458594,0.408594
011,80_101,0.450130,3.795972,0.360156,0.464844,0.464063,0.360156,0.393750,0.510938,0.464844,0.393750,0.507031,0.464063,0.510938,0.507031
011,80_110,0.428255,3.746340,0.411719,0.428906,0.396875,0.411719,0.461719,0.481250,0.428906,0.461719,0.389062,0.396875,0.481250,0.389062
011,80_codon,0.495964,3.422310,0.564063,0.660156,0.400781,0.564063,0.558594,0.408594,0.660156,0.558594,0.383594,0.400781,0.408594,0.383594
011,81,0.384635,3.863381,0.407813,0.382812,0.411719,0.407813,0.421094,0.358594,0.382812,0.421094,0.325781,0.411719,0.358594,0.325781
011,81_001,0.534766,3.215326,0.467187,0.583594,0.654687,0.467187,0.466406,0.457031,0.583594,0.466406,0.579688,0.654687,0.457031,0.579688
011,81_010,0.502474,3.338437,0.400000,0.498437,0.517188,0.400000,0.462500,0.471094,0.498437,0.462500,0.665625,0.517188,0.471094,0.665625
011,81_011,0.561589,3.097083,0.507812,0.469531,0.501563,0.507812,0.604688,0.656250,0.469531,0.604688,0.629687,0.501563,0.656250,0.629687
011,81_100,0.432813,3.770091,0.425781,0.461719,0.429688,0.425781,0.378906,0.351562,0.461719,0.378906,0.549219,0.429688,0.351562,0.549219
011,81_101,0.445833,3.811382,0.430469,0.481250,0.531250,0.430469,0.478906,0.351562,0.481250,0.478906,0.401563,0.531250,0.351562,0.401563
011,81_110,0.463932,3.603037,0.387500,0.438281,0.658594,0.387500,0.429688,0.407813,0.438281,0.429688,0.461719,0.658594,0.407813,0.461719
011,81_codon,0.476432,3.528273,0.391406,0.574219,0.581250,0.391406,0.403125,0.396875,0.574219,0.403125,0.511719,0.581250,0.396875,0.511719
011,82,0.422917,3.712336,0.408594,0.364844,0.427344,0.408594,0.444531,0.469531,0.364844,0.444531,0.422656,0.427344,0.469531,0.422656
011,82_001,0.515495,3.280855,0.428125,0.580469,0.645312,0.428125,0.429688,0.435156,0.580469,0.429688,0.574219,0.645312,0.435156,0.574219
011,82_010,0.517318,3.287425,0.580469,0.564063,0.442969,0.580469,0.646875,0.442187,0.564063,0.646875,0.427344,0.442969,0.442187,0.427344
011,82_011,0.548828,3.109178,0.532031,0.529687,0.567969,0.532031,0.567969,0.554688,0.529687,0.567969,0.540625,0.567969,0.554688,0.540625
011,82_100,0.423698,3.862671,0.510156,0.305469,0.386719,0.510156,0.396875,0.478125,0.305469,0.396875,0.464844,0.386719,0.478125,0.464844
011,82_101,0.498568,3.355306,0.453125,0.508594,0.679688,0.453125,0.396875,0.461719,0.508594,0.396875,0.491406,0.679688,0.461719,0.491406
011,82_110,0.470052,3.546339,0.474219,0.462500,0.415625,0.474219,0.677344,0.399219,0.462500,0.677344,0.391406,0.415625,0.399219,0.391406
011,82_codon,0.494401,3.429353,0.616406,0.598437,0.411719,0.616406,0.551562,0.401563,0.598437,0.551562,0.386719,0.411719,0.401563,0.386719
011,83,0.394401,3.820461,0.333594,0.417969,0.413281,0.333594,0.364062,0.415625,0.417969,0.364062,0.421875,0.413281,0.415625,0.421875
011,83_001,0.534245,3.238812,0.458594,0.475000,0.471094,0.458594,0.646094,0.569531,0.475000,0.646094,0.585156,0.471094,0.569531,0.585156
011,83_010,0.525651,3.281057,0.455469,0.467187,0.460938,0.455469,0.558594,0.648438,0.467187,0.558594,0.563281,0.460938,0.648438,0.563281
011,83_011,0.546354,3.167528,0.576562,0.492969,0.580469,0.576562,0.503125,0.621094,0.492969,0.503125,0.503906,0.580469,0.621094,0.503906
011,83_100,0.422526,3.884175,0.445312,0.425000,0.528125,0.445312,0.283594,0.423438,0.425000,0.283594,0.429688,0.528125,0.423438,0.429688
011,83_101,0.458073,3.698912,0.410156,0.518750,0.560156,0.410156,0.408594,0.367188,0.518750,0.408594,0.483594,0.560156,0.367188,0.483594
011,83_110,0.478516,3.488131,0.413281,0.429688,0.395312,0.413281,0.483594,0.689844,0.429688,0.483594,0.459375,0.395312,0.689844,0.459375
011,83_codon,0.497526,3.345625,0.525781,0.467969,0.619531,0.525781,0.384375,0.557813,0.467969,0.384375,0.429688,0.619531,0.557813,0.429688
011,84,0.392188,3.782101,0.366406,0.468750,0.377344,0.366406,0.360938,0.368750,0.468750,0.360938,0.410937,0.377344,0.368750,0.410937
011,84_001,0.528385,3.243111,0.452344,0.462500,0.468750,0.452344,0.579688,0.571094,0.462500,0.579688,0.635938,0.468750,0.571094,0.635938
011,84_010,0.516276,3.294027,0.560156,0.441406,0.641406,0.560156,0.436719,0.578906,0.441406,0.436719,0.439063,0.641406,0.578906,0.439063
011,84_011,0.560677,3.115839,0.618750,0.496094,0.641406,0.618750,0.503906,0.616406,0.496094,0.503906,0.487500,0.641406,0.616406,0.487500
011,84_100,0.425781,3.833702,0.394531,0.550781,0.457031,0.394531,0.323438,0.437500,0.550781,0.323438,0.391406,0.457031,0.437500,0.391406
011,84_101,0.441927,3.774194,0.446094,0.359375,0.424219,0.446094,0.405469,0.468750,0.359375,0.405469,0.547656,0.424219,0.468750,0.547656
011,84_110,0.475130,3.538248,0.539844,0.586719,0.381250,0.539844,0.589844,0.385156,0.586719,0.589844,0.367969,0.381250,0.385156,0.367969
011,84_codon,0.474089,3.498904,0.439844,0.660937,0.475781,0.439844,0.431250,0.386719,0.660937,0.431250,0.450000,0.475781,0.386719,0.450000
011,85,0.423698,3.701045,0.432813,0.381250,0.390625,0.432813,0.424219,0.464063,0.381250,0.424219,0.449219,0.390625,0.464063,0.449219
011,85_001,0.514453,3.268470,0.663281,0.425000,0.577344,0.663281,0.426562,0.557031,0.425000,0.426562,0.437500,0.577344,0.557031,0.437500
011,85_010,0.539193,3.204673,0.471875,0.610156,0.585938,0.471875,0.474219,0.452344,0.610156,0.474219,0.640625,0.585938,0.452344,0.640625
011,85_011,0.560026,3.105136,0.521094,0.476562,0.503906,0.521094,0.611719,0.657031,0.476562,0.611719,0.589844,0.503906,0.657031,0.589844
011,85_100,0.433724,3.827473,0.439063,0.448438,0.355469,0.439063,0.445312,0.538281,0.448438,0.445312,0.375781,0.355469,0.538281,0.375781
011,85_101,0.482552,3.473039,0.446875,0.402344,0.482031,0.446875,0.448438,0.642969,0.402344,0.448438,0.472656,0.482031,0.642969,0.472656
011,85_110,0.465365,3.564548,0.432031,0.422656,0.409375,0.432031,0.685937,0.425781,0.422656,0.685937,0.416406,0.409375,0.425781,0.416406
011,85_codon,0.502344,3.372147,0.562500,0.669531,0.407031,0.562500,0.561719,0.410156,0.669531,0.561719,0.403125,0.407031,0.410156,0.403125
011,86,0.405208,3.798344,0.372656,0.376563,0.414062,0.372656,0.410156,0.463281,0.376563,0.410156,0.394531,0.414062,0.463281,0.394531
011,86_001,0.533984,3.234925,0.461719,0.460156,0.449219,0.461719,0.604688,0.587500,0.460156,0.604688,0.640625,0.449219,0.587500,0.640625
011,86_010,0.502995,3.377717,0.495313,0.410156,0.500781,0.495313,0.457812,0.690625,0.410156,0.457812,0.463281,0.500781,0.690625,0.463281
011,86_011,0.549609,3.107233,0.519531,0.571875,0.540625,0.519531,0.546875,0.571875,0.571875,0.546875,0.546875,0.540625,0.571875,0.546875
011,86_100,0.440625,3.751884,0.438281,0.451562,0.431250,0.438281,0.364062,0.601562,0.451562,0.364062,0.357031,0.431250,0.601562,0.357031
011,86_101,0.496615,3.419021,0.382812,0.408594,0.387500,0.382812,0.561719,0.671875,0.408594,0.561719,0.567187,0.387500,0.671875,0.567187
011,86_110,0.460938,3.627578,0.428906,0.437500,0.367188,0.428906,0.532031,0.511719,0.437500,0.532031,0.488281,0.367188,0.511719,0.488281
011,86_codon,0.469401,3.640853,0.483594,0.438281,0.436719,0.483594,0.539844,0.463281,0.438281,0.539844,0.454688,0.436719,0.463281,0.454688
011,87,0.403906,3.773535,0.419531,0.386719,0.402344,0.419531,0.387500,0.422656,0.386719,0.387500,0.404687,0.402344,0.422656,0.404687
011,87_001,0.525781,3.273854,0.495313,0.603125,0.546875,0.495313,0.471094,0.476562,0.603125,0.471094,0.561719,0.546875,0.476562,0.561719
011,87_010,0.525781,3.255940,0.639062,0.576562,0.450781,0.639062,0.575781,0.450781,0.576562,0.575781,0.461719,0.450781,0.450781,0.461719
011,87_011,0.553516,3.135671,0.473437,0.596094,0.595313,0.473437,0.516406,0.515625,0.596094,0.516406,0.624219,0.595313,0.515625,0.624219
011,87_100,0.424609,3.893167,0.372656,0.521094,0.309375,0.372656,0.480469,0.453125,0.521094,0.480469,0.410937,0.309375,0.453125,0.410937
011,87_101,0.537370,3.236254,0.541406,0.621875,0.497656,0.541406,0.546094,0.512500,0.621875,0.546094,0.504687,0.497656,0.512500,0.504687
011,87_110,0.455469,3.724581,0.358594,0.475781,0.484375,0.358594,0.422656,0.446094,0.475781,0.422656,0.545312,0.484375,0.446094,0.545312
011,87_codon,0.480339,3.427916,0.415625,0.519531,0.653125,0.415625,0.371094,0.440625,0.519531,0.371094,0.482031,0.653125,0.440625,0.482031
011,88,0.380469,3.940581,0.363281,0.344531,0.346875,0.363281,0.375781,0.433594,0.344531,0.375781,0.418750,0.346875,0.433594,0.418750
011,88_001,0.524740,3.250461,0.445312,0.614844,0.593750,0.445312,0.450781,0.458594,0.614844,0.450781,0.585156,0.593750,0.458594,0.585156
011,88_010,0.529557,3.242910,0.458594,0.454688,0.446094,0.458594,0.589063,0.586719,0.454688,0.589063,0.642188,0.446094,0.586719,0.642188
011,88_011,0.548568,3.125100,0.477344,0.580469,0.563281,0.477344,0.496094,0.530469,0.580469,0.496094,0.643750,0.563281,0.530469,0.643750
011,88_100,0.420573,3.853777,0.446875,0.475781,0.379687,0.446875,0.397656,0.300000,0.475781,0.397656,0.523438,0.379687,0.300000,0.523438
011,88_101,0.476432,3.508685,0.435156,0.441406,0.412500,0.435156,0.690625,0.435937,0.441406,0.690625,0.442969,0.412500,0.435937,0.442969
011,88_110,0.446875,3.686516,0.413281,0.389062,0.472656,0.413281,0.392969,0.459375,0.389062,0.392969,0.553906,0.472656,0.459375,0.553906
011,88_codon,0.487109,3.460598,0.586719,0.560156,0.408594,0.586719,0.543750,0.406250,0.560156,0.543750,0.417188,0.408594,0.406250,0.417188
011,89,0.416797,3.747121,0.360938,0.489062,0.485156,0.360938,0.350781,0.367188,0.489062,0.350781,0.447656,0.485156,0.367188,0.447656
011,89_001,0.516276,3.259602,0.412500,0.593750,0.592187,0.412500,0.404687,0.414062,0.593750,0.404687,0.680469,0.592187,0.414062,0.680469
011,89_010,0.527734,3.249744,0.578906,0.458594,0.654687,0.578906,0.471094,0.555469,0.458594,0.471094,0.447656,0.654687,0.555469,0.447656
011,89_011,0.550130,3.109538,0.561719,0.511719,0.656250,0.561719,0.468750,0.561719,0.511719,0.468750,0.540625,0.656250,0.561719,0.540625
011,89_100,0.421094,3.879898,0.386719,0.320312,0.525781,0.386719,0.470313,0.445312,0.320312,0.470313,0.378125,0.525781,0.445312,0.378125
011,89_101,0.473437,3.565825,0.375000,0.704688,0.461719,0.375000,0.382031,0.449219,0.704688,0.382031,0.467969,0.461719,0.449219,0.467969
011,89_110,0.486068,3.505475,0.554688,0.369531,0.682813,0.554688,0.387500,0.546875,0.369531,0.387500,0.375000,0.682813,0.546875,0.375000
011,89_codon,0.442057,3.789357,0.433594,0.471094,0.423438,0.433594,0.393750,0.525781,0.471094,0.393750,0.404687,0.423438,0.525781,0.404687
011,8_001,0.525781,3.219277,0.466406,0.477344,0.473437,0.466406,0.546875,0.540625,0.477344,0.546875,0.650000,0.473437,0.540625,0.650000
011,8_010,0.513151,3.289452,0.423438,0.564844,0.578906,0.423438,0.414062,0.426562,0.564844,0.414062,0.671094,0.578906,0.426562,0.671094
011,8_011,0.548568,3.124743,0.577344,0.639062,0.514062,0.577344,0.569531,0.494531,0.639062,0.569531,0.496875,0.514062,0.494531,0.496875
011,8_100,0.419531,3.887975,0.300000,0.374219,0.514062,0.300000,0.451562,0.400781,0.374219,0.451562,0.476562,0.514062,0.400781,0.476562
011,8_101,0.439844,3.835389,0.485156,0.470313,0.431250,0.485156,0.421094,0.486719,0.470313,0.421094,0.344531,0.431250,0.486719,0.344531
011,8_110,0.463542,3.595680,0.385938,0.679688,0.432813,0.385938,0.402344,0.431250,0.679688,0.402344,0.449219,0.432813,0.431250,0.449219
011,8_codon,0.465885,3.583144,0.576562,0.428906,0.492969,0.576562,0.419531,0.462500,0.428906,0.419531,0.414844,0.492969,0.462500,0.414844
011,9,0.399609,3.826532,0.438281,0.414062,0.367188,0.438281,0.414844,0.376563,0.414062,0.414844,0.386719,0.367188,0.376563,0.386719
011,90,0.419010,3.660132,0.436719,0.396875,0.477344,0.436719,0.357031,0.396094,0.396875,0.357031,0.450000,0.477344,0.396094,0.450000
011,90_001,0.531510,3.242445,0.485156,0.559375,0.647656,0.485156,0.474219,0.476562,0.559375,0.474219,0.546094,0.647656,0.476562,0.546094
011,90_010,0.534115,3.235312,0.461719,0.455469,0.471094,0.461719,0.637500,0.599219,0.455469,0.637500,0.579688,0.471094,0.599219,0.579688
011,90_011,0.563151,3.088399,0.498437,0.502344,0.500781,0.498437,0.599219,0.658594,0.502344,0.599219,0.619531,0.500781,0.658594,0.619531
011,90_100,0.416667,3.875575,0.395312,0.446094,0.515625,0.395312,0.460156,0.315625,0.446094,0.460156,0.367188,0.515625,0.315625,0.367188
011,90_101,0.499219,3.400860,0.407031,0.653906,0.573438,0.407031,0.380469,0.421094,0.653906,0.380469,0.559375,0.573438,0.421094,0.559375
011,90_110,0.472005,3.509888,0.710938,0.428906,0.430469,0.710938,0.435156,0.424219,0.428906,0.435156,0.402344,0.430469,0.424219,0.402344
011,90_codon,0.499609,3.376380,0.397656,0.611719,0.633594,0.397656,0.392969,0.409375,0.611719,0.392969,0.552344,0.633594,0.409375,0.552344
011,91,0.398568,3.853714,0.450000,0.449219,0.395312,0.450000,0.339844,0.366406,0.449219,0.339844,0.390625,0.395312,0.366406,0.390625
011,91_001,0.511849,3.292826,0.560937,0.439844,0.643750,0.560937,0.434375,0.553906,0.439844,0.434375,0.438281,0.643750,0.553906,0.438281
011,91_010,0.513672,3.273370,0.428906,0.549219,0.657813,0.428906,0.427344,0.430469,0.549219,0.427344,0.588281,0.657813,0.430469,0.588281
011,91_011,0.552083,3.128962,0.614062,0.512500,0.600781,0.614062,0.507812,0.583594,0.512500,0.507812,0.493750,0.600781,0.583594,0.493750
011,91_100,0.443229,3.734582,0.442187,0.600781,0.380469,0.442187,0.428906,0.422656,0.600781,0.428906,0.384375,0.380469,0.422656,0.384375
011,91_101,0.451693,3.734737,0.456250,0.554688,0.392188,0.456250,0.438281,0.482812,0.554688,0.438281,0.385938,0.392188,0.482812,0.385938
011,91_110,0.459766,3.663210,0.517969,0.453125,0.363281,0.517969,0.544531,0.439063,0.453125,0.544531,0.440625,0.363281,0.439063,0.440625
011,91_codon,0.479036,3.431457,0.647656,0.518750,0.407813,0.647656,0.495313,0.388281,0.518750,0.495313,0.416406,0.407813,0.388281,0.416406
011,92,0.395833,3.879201,0.467969,0.430469,0.373437,0.467969,0.404687,0.333594,0.430469,0.404687,0.364844,0.373437,0.333594,0.364844
011,92_001,0.528646,3.254227,0.456250,0.446875,0.454688,0.456250,0.566406,0.671875,0.446875,0.566406,0.575781,0.454688,0.671875,0.575781
011,92_010,0.528906,3.236718,0.440625,0.674219,0.581250,0.440625,0.442969,0.448438,0.674219,0.442969,0.585938,0.581250,0.448438,0.585938
011,92_011,0.551953,3.138562,0.596875,0.489844,0.586719,0.596875,0.515625,0.635938,0.489844,0.515625,0.486719,0.586719,0.635938,0.486719
011,92_100,0.430469,3.841210,0.416406,0.526563,0.346875,0.416406,0.461719,0.448438,0.526563,0.461719,0.382812,0.346875,0.448438,0.382812
011,92_101,0.455339,3.765465,0.422656,0.542188,0.388281,0.422656,0.492188,0.435156,0.542188,0.492188,0.451562,0.388281,0.435156,0.451562
011,92_110,0.471354,3.593695,0.551562,0.528906,0.362500,0.551562,0.546094,0.421094,0.528906,0.546094,0.417969,0.362500,0.421094,0.417969
011,92_codon,0.506510,3.320799,0.678125,0.570312,0.394531,0.678125,0.580469,0.399219,0.570312,0.580469,0.416406,0.394531,0.399219,0.416406
011,93,0.405469,3.790972,0.360156,0.422656,0.442187,0.360156,0.363281,0.394531,0.422656,0.363281,0.450000,0.442187,0.394531,0.450000
011,93_001,0.514062,3.322661,0.549219,0.444531,0.550000,0.549219,0.450000,0.644531,0.444531,0.450000,0.446094,0.550000,0.644531,0.446094
011,93_010,0.516016,3.300245,0.435156,0.573438,0.573438,0.435156,0.422656,0.425000,0.573438,0.422656,0.666406,0.573438,0.425000,0.666406
011,93_011,0.559245,3.121875,0.612500,0.618750,0.475000,0.612500,0.644531,0.500781,0.618750,0.644531,0.503906,0.475000,0.500781,0.503906
011,93_100,0.429557,3.817095,0.403906,0.447656,0.339844,0.403906,0.462500,0.535937,0.447656,0.462500,0.387500,0.339844,0.535937,0.387500
011,93_101,0.451693,3.746908,0.405469,0.471875,0.453125,0.405469,0.367188,0.599219,0.471875,0.367188,0.413281,0.453125,0.599219,0.413281
011,93_110,0.467187,3.548020,0.395312,0.414844,0.382031,0.395312,0.477344,0.668750,0.414844,0.477344,0.464844,0.382031,0.668750,0.464844
011,93_codon,0.505078,3.297188,0.407031,0.599219,0.599219,0.407031,0.399219,0.423438,0.599219,0.399219,0.602344,0.599219,0.423438,0.602344
011,94,0.397396,3.836601,0.377344,0.375781,0.427344,0.377344,0.367188,0.425781,0.375781,0.367188,0.410937,0.427344,0.425781,0.410937
011,94_001,0.518620,3.288818,0.447656,0.438281,0.445312,0.447656,0.565625,0.641406,0.438281,0.565625,0.573438,0.445312,0.641406,0.573438
011,94_010,0.517318,3.276874,0.421094,0.600781,0.585156,0.421094,0.416406,0.419531,0.600781,0.416406,0.660937,0.585156,0.419531,0.660937
011,94_011,0.523047,3.221027,0.543750,0.510938,0.515625,0.543750,0.533594,0.528125,0.510938,0.533594,0.506250,0.515625,0.528125,0.506250
011,94_100,0.430859,3.829053,0.455469,0.453125,0.391406,0.455469,0.402344,0.545312,0.453125,0.402344,0.337500,0.391406,0.545312,0.337500
011,94_101,0.500781,3.465044,0.421875,0.421875,0.417188,0.421875,0.561719,0.633594,0.421875,0.561719,0.548438,0.417188,0.633594,0.548438
011,94_110,0.450260,3.727944,0.415625,0.453906,0.367969,0.415625,0.490625,0.542188,0.453906,0.490625,0.431250,0.367969,0.542188,0.431250
011,94_codon,0.471875,3.474215,0.485938,0.571094,0.520312,0.485938,0.460938,0.398438,0.571094,0.460938,0.394531,0.520312,0.398438,0.394531
011,95,0.397005,3.811614,0.350000,0.395312,0.422656,0.350000,0.404687,0.399219,0.395312,0.404687,0.410156,0.422656,0.399219,0.410156
011,95_001,0.520312,3.274176,0.560937,0.465625,0.530469,0.560937,0.473437,0.614062,0.465625,0.473437,0.477344,0.530469,0.614062,0.477344
011,95_010,0.519271,3.278434,0.445312,0.662500,0.568750,0.445312,0.444531,0.428906,0.662500,0.444531,0.565625,0.568750,0.428906,0.565625
011,95_011,0.547656,3.122400,0.514844,0.492188,0.515625,0.514844,0.580469,0.581250,0.492188,0.580469,0.601562,0.515625,0.581250,0.601562
011,95_100,0.421094,3.877631,0.437500,0.463281,0.397656,0.437500,0.373437,0.522656,0.463281,0.373437,0.332031,0.397656,0.522656,0.332031
011,95_101,0.433333,3.876341,0.463281,0.424219,0.535937,0.463281,0.474219,0.371094,0.424219,0.474219,0.331250,0.535937,0.371094,0.331250
011,95_110,0.460677,3.659132,0.434375,0.523438,0.535937,0.434375,0.401563,0.360156,0.523438,0.401563,0.508594,0.535937,0.360156,0.508594
011,95_codon,0.463151,3.526972,0.478125,0.528125,0.554688,0.478125,0.354688,0.395312,0.528125,0.354688,0.467969,0.554688,0.395312,0.467969
011,96,0.366146,3.939351,0.394531,0.357031,0.389062,0.394531,0.306250,0.382812,0.357031,0.306250,0.367188,0.389062,0.382812,0.367188
011,96_001,0.514714,3.319355,0.424219,0.585156,0.553125,0.424219,0.432813,0.438281,0.585156,0.432813,0.654687,0.553125,0.438281,0.654687
011,96_010,0.510286,3.303420,0.421094,0.573438,0.683594,0.421094,0.413281,0.416406,0.573438,0.413281,0.553906,0.683594,0.416406,0.553906
011,96_011,0.539062,3.189437,0.589063,0.514844,0.516406,0.589063,0.570312,0.542188,0.514844,0.570312,0.501563,0.516406,0.542188,0.501563
011,96_100,0.431510,3.777013,0.424219,0.548438,0.354688,0.424219,0.440625,0.453906,0.548438,0.440625,0.367188,0.354688,0.453906,0.367188
011,96_101,0.458203,3.724596,0.475000,0.402344,0.450781,0.475000,0.496875,0.507031,0.402344,0.496875,0.417188,0.450781,0.507031,0.417188
011,96_110,0.476953,3.499433,0.409375,0.426562,0.417188,0.409375,0.681250,0.455469,0.426562,0.681250,0.471875,0.417188,0.455469,0.471875
011,96_codon,0.500781,3.357655,0.582031,0.639844,0.414844,0.582031,0.572656,0.385156,0.639844,0.572656,0.410156,0.414844,0.385156,0.410156
011,97,0.399479,3.824970,0.389062,0.413281,0.403125,0.389062,0.379687,0.384375,0.413281,0.379687,0.427344,0.403125,0.384375,0.427344
011,97_001,0.526953,3.252420,0.434375,0.437500,0.433594,0.434375,0.668750,0.593750,0.437500,0.668750,0.593750,0.433594,0.593750,0.593750
011,97_010,0.514323,3.297086,0.415625,0.572656,0.668750,0.415625,0.417969,0.411719,0.572656,0.417969,0.599219,0.668750,0.411719,0.599219
011,97_011,0.563672,3.065674,0.537500,0.590625,0.572656,0.537500,0.519531,0.597656,0.590625,0.519531,0.564063,0.572656,0.597656,0.564063
011,97_100,0.425130,3.839443,0.457031,0.400000,0.543750,0.457031,0.438281,0.385156,0.400000,0.438281,0.326562,0.543750,0.385156,0.326562
011,97_101,0.483724,3.495573,0.518750,0.362500,0.668750,0.518750,0.422656,0.542188,0.362500,0.422656,0.387500,0.668750,0.542188,0.387500
011,97_110,0.493099,3.458597,0.414844,0.587500,0.562500,0.414844,0.406250,0.380469,0.587500,0.406250,0.607031,0.562500,0.380469,0.607031
011,97_codon,0.511979,3.268796,0.409375,0.685156,0.577344,0.409375,0.402344,0.418750,0.685156,0.402344,0.578906,0.577344,0.418750,0.578906
011,98,0.386589,3.846025,0.372656,0.371094,0.376563,0.372656,0.415625,0.380469,0.371094,0.415625,0.403125,0.376563,0.380469,0.403125
011,98_001,0.539583,3.212197,0.485938,0.497656,0.482031,0.485938,0.573438,0.627344,0.497656,0.573438,0.571094,0.482031,0.627344,0.571094
011,98_010,0.504297,3.320380,0.482031,0.484375,0.439063,0.482031,0.596875,0.490625,0.484375,0.596875,0.532813,0.439063,0.490625,0.532813
011,98_011,0.561719,3.088164,0.517188,0.540625,0.599219,0.517188,0.570312,0.558594,0.540625,0.570312,0.584375,0.599219,0.558594,0.584375
011,98_100,0.420703,3.887252,0.374219,0.307813,0.515625,0.374219,0.457031,0.466406,0.307813,0.457031,0.403125,0.515625,0.466406,0.403125
011,98_101,0.485156,3.409538,0.681250,0.457031,0.428125,0.681250,0.465625,0.442969,0.457031,0.465625,0.435937,0.428125,0.442969,0.435937
011,98_110,0.440104,3.716596,0.342187,0.360938,0.372656,0.342187,0.492969,0.479688,0.360938,0.492969,0.592187,0.372656,0.479688,0.592187
011,98_codon,0.484505,3.438041,0.577344,0.482031,0.463281,0.577344,0.485156,0.458594,0.482031,0.485156,0.440625,0.463281,0.458594,0.440625
011,99,0.392708,3.846269,0.438281,0.427344,0.364062,0.438281,0.410156,0.372656,0.427344,0.410156,0.343750,0.364062,0.372656,0.343750
011,99_001,0.531250,3.231340,0.547656,0.472656,0.575781,0.547656,0.477344,0.625000,0.472656,0.477344,0.489062,0.575781,0.625000,0.489062
011,99_010,0.534896,3.250617,0.442969,0.654687,0.597656,0.442969,0.454688,0.455469,0.654687,0.454688,0.603906,0.597656,0.455469,0.603906
011,99_011,0.558203,3.082145,0.503906,0.617969,0.608594,0.503906,0.503125,0.519531,0.617969,0.503125,0.596094,0.608594,0.519531,0.596094
011,99_100,0.436849,3.819523,0.404687,0.551562,0.339063,0.404687,0.476562,0.432031,0.551562,0.476562,0.417188,0.339063,0.432031,0.417188
011,99_101,0.478385,3.487913,0.549219,0.346875,0.532813,0.549219,0.457031,0.571094,0.346875,0.457031,0.413281,0.532813,0.571094,0.413281
011,99_110,0.482943,3.535342,0.592969,0.578125,0.400781,0.592969,0.532813,0.378906,0.578125,0.532813,0.414062,0.400781,0.378906,0.414062
011,99_codon,0.520182,3.328487,0.462500,0.588281,0.566406,0.462500,0.477344,0.481250,0.588281,0.477344,0.545312,0.566406,0.481250,0.545312
011,9_001,0.539714,3.198641,0.471094,0.590625,0.644531,0.471094,0.477344,0.467187,0.590625,0.477344,0.587500,0.644531,0.467187,0.587500
011,9_010,0.522526,3.260661,0.580469,0.438281,0.639062,0.580469,0.453906,0.571875,0.438281,0.453906,0.451562,0.639062,0.571875,0.451562
011,9_011,0.549609,3.128921,0.560937,0.530469,0.496875,0.560937,0.593750,0.609375,0.530469,0.593750,0.506250,0.496875,0.609375,0.506250
011,9_100,0.430859,3.816572,0.450781,0.433594,0.407813,0.450781,0.382031,0.559375,0.433594,0.382031,0.351562,0.407813,0.559375,0.351562
011,9_101,0.450260,3.693505,0.448438,0.371875,0.664844,0.448438,0.439063,0.426562,0.371875,0.439063,0.350781,0.664844,0.426562,0.350781
011,9_110,0.460938,3.625585,0.534375,0.419531,0.578906,0.534375,0.417969,0.457031,0.419531,0.417969,0.357812,0.578906,0.457031,0.357812
011,9_codon,0.475260,3.456227,0.451562,0.472656,0.653125,0.451562,0.382812,0.448438,0.472656,0.382812,0.442969,0.653125,0.448438,0.442969
011,k3_alphabetical,0.402083,3.968336,0.467187,0.328125,0.260156,0.467187,0.464844,0.396875,0.328125,0.464844,0.495313,0.260156,0.396875,0.495313
100,0,0.558854,1.975150,0.532031,0.556250,0.572656,0.532031,0.548438,0.582812,0.556250,0.548438,0.560937,0.572656,0.582812,0.560937
100,0_001,0.615495,1.981649,0.703125,0.606250,0.492969,0.703125,0.672656,0.552344,0.606250,0.672656,0.665625,0.492969,0.552344,0.665625
100,0_010,0.639714,1.916656,0.557031,0.624219,0.689844,0.557031,0.721094,0.586719,0.624219,0.721094,0.659375,0.689844,0.586719,0.659375
100,0_011,0.603125,1.988560,0.622656,0.678906,0.618750,0.622656,0.654687,0.480469,0.678906,0.654687,0.563281,0.618750,0.480469,0.563281
100,0_100,0.772005,1.426351,0.661719,0.660156,0.660156,0.661719,0.957812,0.846875,0.660156,0.957812,0.845313,0.660156,0.846875,0.845313
100,0_101,0.750260,1.526095,0.637500,0.642969,0.626563,0.637500,0.842187,0.922656,0.642969,0.842187,0.829688,0.626563,0.922656,0.829688
100,0_110,0.697656,1.722258,0.631250,0.708594,0.673438,0.631250,0.768750,0.657031,0.708594,0.768750,0.746875,0.673438,0.657031,0.746875
100,0_codon,0.686719,1.789277,0.614844,0.665625,0.709375,0.614844,0.708594,0.710938,0.665625,0.708594,0.710938,0.709375,0.710938,0.710938
100,1,0.540234,1.995897,0.496875,0.576562,0.558594,0.496875,0.544531,0.518750,0.576562,0.544531,0.546094,0.558594,0.518750,0.546094
100,10,0.537760,1.982218,0.539062,0.570312,0.514844,0.539062,0.473437,0.550781,0.570312,0.473437,0.578125,0.514844,0.550781,0.578125
100,10_001,0.628255,1.956929,0.680469,0.699219,0.560937,0.680469,0.627344,0.685937,0.699219,0.627344,0.515625,0.560937,0.685937,0.515625
100,10_010,0.638542,1.936496,0.714063,0.674219,0.661719,0.714063,0.570312,0.682031,0.674219,0.570312,0.528906,0.661719,0.682031,0.528906
100,10_011,0.602734,1.999653,0.586719,0.521875,0.711719,0.586719,0.721875,0.571875,0.521875,0.721875,0.502344,0.711719,0.571875,0.502344
100,10_100,0.773047,1.424230,0.661719,0.848437,0.957812,0.661719,0.661719,0.660937,0.848437,0.661719,0.847656,0.957812,0.660937,0.847656
100,10_101,0.688411,1.735853,0.620313,0.665625,0.719531,0.620313,0.654687,0.659375,0.665625,0.654687,0.810937,0.719531,0.659375,0.810937
100,10_110,0.692318,1.768164,0.727344,0.748437,0.707031,0.727344,0.658594,0.673438,0.748437,0.658594,0.639062,0.707031,0.673438,0.639062
100,10_codon,0.722656,1.615436,0.717969,0.658594,0.742969,0.717969,0.650781,0.903125,0.658594,0.650781,0.662500,0.742969,0.903125,0.662500
100,11,0.571745,1.976649,0.554688,0.549219,0.586719,0.554688,0.545312,0.582812,0.549219,0.545312,0.611719,0.586719,0.582812,0.611719
100,11_001,0.619401,1.961007,0.679688,0.621094,0.671094,0.679688,0.504687,0.554688,0.621094,0.504687,0.685156,0.671094,0.554688,0.685156
100,11_010,0.639844,1.920945,0.703125,0.592969,0.670312,0.703125,0.550781,0.614062,0.592969,0.550781,0.707812,0.670312,0.614062,0.707812
100,11_011,0.620703,1.999379,0.721875,0.529687,0.567187,0.721875,0.571875,0.612500,0.529687,0.571875,0.721094,0.567187,0.612500,0.721094
100,11_100,0.774089,1.422819,0.661719,0.662500,0.661719,0.661719,0.849219,0.848437,0.662500,0.849219,0.960938,0.661719,0.848437,0.960938
100,11_101,0.698828,1.697090,0.544531,0.668750,0.701562,0.544531,0.771875,0.676562,0.668750,0.771875,0.829688,0.701562,0.676562,0.829688
100,11_110,0.720703,1.615712,0.680469,0.667969,0.664844,0.680469,0.908594,0.709375,0.667969,0.908594,0.692969,0.664844,0.709375,0.692969
100,11_codon,0.649089,1.935085,0.701562,0.568750,0.655469,0.701562,0.663281,0.684375,0.568750,0.663281,0.621094,0.655469,0.684375,0.621094
100,12,0.567318,1.995639,0.519531,0.589844,0.613281,0.519531,0.567969,0.530469,0.589844,0.567969,0.582812,0.613281,0.530469,0.582812
100,12_001,0.617708,1.979684,0.543750,0.699219,0.668750,0.543750,0.500000,0.664844,0.699219,0.500000,0.629687,0.668750,0.664844,0.629687
100,12_010,0.641667,1.907938,0.679688,0.700000,0.670312,0.679688,0.596875,0.656250,0.700000,0.596875,0.546875,0.670312,0.656250,0.546875
100,12_011,0.616016,1.993872,0.511719,0.714063,0.655469,0.511719,0.524219,0.639844,0.714063,0.524219,0.650781,0.655469,0.639844,0.650781
100,12_100,0.753516,1.478313,0.770312,0.619531,0.770312,0.770312,0.699219,0.962500,0.619531,0.699219,0.699219,0.770312,0.962500,0.699219
100,12_101,0.655599,1.865161,0.556250,0.696094,0.707812,0.556250,0.560937,0.708594,0.696094,0.560937,0.703906,0.707812,0.708594,0.703906
100,12_110,0.720443,1.629715,0.706250,0.907813,0.689844,0.706250,0.707812,0.619531,0.907813,0.707812,0.691406,0.689844,0.619531,0.691406
100,12_codon,0.664714,1.898261,0.708594,0.650781,0.739062,0.708594,0.657031,0.653906,0.650781,0.657031,0.578906,0.739062,0.653906,0.578906
100,13,0.567839,1.947082,0.530469,0.546875,0.568750,0.530469,0.542969,0.589063,0.546875,0.542969,0.628906,0.568750,0.589063,0.628906
100,13_001,0.620052,1.984160,0.560156,0.709375,0.676562,0.560156,0.496094,0.666406,0.709375,0.496094,0.611719,0.676562,0.666406,0.611719
100,13_010,0.659115,1.863045,0.693750,0.613281,0.672656,0.693750,0.737500,0.663281,0.613281,0.737500,0.574219,0.672656,0.663281,0.574219
100,13_011,0.617708,1.971639,0.671094,0.624219,0.673438,0.671094,0.496094,0.662500,0.624219,0.496094,0.578906,0.673438,0.662500,0.578906
100,13_100,0.745833,1.490540,0.705469,0.711719,0.614062,0.705469,0.948438,0.742969,0.711719,0.948438,0.752344,0.614062,0.742969,0.752344
100,13_101,0.733594,1.583681,0.600000,0.641406,0.645312,0.600000,0.811719,0.855469,0.641406,0.811719,0.847656,0.645312,0.855469,0.847656
100,13_110,0.719792,1.650851,0.650781,0.618750,0.678906,0.650781,0.792188,0.778125,0.618750,0.792188,0.800000,0.678906,0.778125,0.800000
100,13_codon,0.693880,1.756295,0.655469,0.610156,0.710938,0.655469,0.653125,0.765625,0.610156,0.653125,0.767969,0.710938,0.765625,0.767969
100,14,0.560286,1.970445,0.531250,0.559375,0.542188,0.531250,0.596875,0.578906,0.559375,0.596875,0.553125,0.542188,0.578906,0.553125
100,14_001,0.620313,1.967731,0.624219,0.664844,0.679688,0.624219,0.682813,0.512500,0.664844,0.682813,0.557813,0.679688,0.512500,0.557813
100,14_010,0.640495,1.950119,0.621094,0.557031,0.725000,0.621094,0.693750,0.655469,0.557031,0.693750,0.590625,0.725000,0.655469,0.590625
100,14_011,0.600000,1.996997,0.548438,0.527344,0.699219,0.548438,0.716406,0.561719,0.527344,0.716406,0.546875,0.699219,0.561719,0.546875
100,14_100,0.774089,1.422819,0.661719,0.662500,0.661719,0.661719,0.960938,0.848437,0.662500,0.960938,0.849219,0.661719,0.848437,0.849219
100,14_101,0.654687,1.885447,0.747656,0.653906,0.580469,0.747656,0.671094,0.595313,0.653906,0.671094,0.679688,0.580469,0.595313,0.679688
100,14_110,0.697005,1.736926,0.669531,0.620313,0.640625,0.669531,0.753906,0.730469,0.620313,0.753906,0.767188,0.640625,0.730469,0.767188
100,14_codon,0.696484,1.740847,0.648438,0.616406,0.702344,0.648438,0.670312,0.821094,0.616406,0.670312,0.720313,0.702344,0.821094,0.720313
100,15,0.580990,1.906301,0.625781,0.511719,0.635938,0.625781,0.557813,0.628906,0.511719,0.557813,0.525781,0.635938,0.628906,0.525781
100,15_001,0.630729,1.942407,0.658594,0.707031,0.542969,0.658594,0.651563,0.689844,0.707031,0.651563,0.534375,0.542969,0.689844,0.534375
100,15_010,0.648568,1.901466,0.714844,0.696094,0.675781,0.714844,0.578906,0.553125,0.696094,0.578906,0.672656,0.675781,0.553125,0.672656
100,15_011,0.615104,1.981938,0.617969,0.586719,0.502344,0.617969,0.689063,0.642969,0.586719,0.689063,0.651563,0.502344,0.642969,0.651563
100,15_100,0.773438,1.425415,0.849219,0.660937,0.849219,0.849219,0.660156,0.960938,0.660937,0.660156,0.660156,0.849219,0.960938,0.660156
100,15_101,0.681250,1.765364,0.775781,0.665625,0.723437,0.775781,0.667188,0.714063,0.665625,0.667188,0.541406,0.723437,0.714063,0.541406
100,15_110,0.761589,1.491028,0.850000,0.660937,0.831250,0.850000,0.653906,0.924219,0.660937,0.653906,0.649219,0.831250,0.924219,0.649219
100,15_codon,0.687760,1.740657,0.649219,0.690625,0.720313,0.649219,0.614844,0.771875,0.690625,0.614844,0.679688,0.720313,0.771875,0.679688
100,16,0.567969,1.979730,0.557031,0.535156,0.572656,0.557031,0.535156,0.595313,0.535156,0.535156,0.612500,0.572656,0.595313,0.612500
100,16_001,0.619401,1.974463,0.495313,0.563281,0.670312,0.495313,0.700781,0.604688,0.563281,0.700781,0.682031,0.670312,0.604688,0.682031
100,16_010,0.634766,1.956201,0.719531,0.524219,0.630469,0.719531,0.578125,0.683594,0.524219,0.578125,0.672656,0.630469,0.683594,0.672656
100,16_011,0.616536,1.973018,0.587500,0.661719,0.664062,0.587500,0.622656,0.512500,0.661719,0.622656,0.650781,0.664062,0.512500,0.650781
100,16_100,0.774089,1.422819,0.850000,0.661719,0.849219,0.850000,0.661719,0.960938,0.661719,0.661719,0.660937,0.849219,0.960938,0.660937
100,16_101,0.738672,1.550051,0.798438,0.623437,0.904687,0.798438,0.659375,0.817187,0.623437,0.659375,0.628906,0.904687,0.817187,0.628906
100,16_110,0.719271,1.624945,0.646875,0.650000,0.653125,0.646875,0.921875,0.718750,0.650000,0.921875,0.725000,0.653125,0.718750,0.725000
100,16_codon,0.680990,1.771342,0.668750,0.657813,0.620313,0.668750,0.685156,0.728125,0.657813,0.685156,0.725781,0.620313,0.728125,0.725781
100,17,0.566667,1.930663,0.536719,0.590625,0.600781,0.536719,0.560937,0.532031,0.590625,0.560937,0.578906,0.600781,0.532031,0.578906
100,17_001,0.605990,1.991727,0.528906,0.596875,0.666406,0.528906,0.716406,0.532031,0.596875,0.716406,0.595313,0.666406,0.532031,0.595313
100,17_010,0.634245,1.941573,0.537500,0.586719,0.683594,0.537500,0.661719,0.641406,0.586719,0.661719,0.694531,0.683594,0.641406,0.694531
100,17_011,0.623047,1.981510,0.664062,0.664844,0.642188,0.664062,0.554688,0.709375,0.664844,0.554688,0.503125,0.642188,0.709375,0.503125
100,17_100,0.775000,1.420127,0.662500,0.850000,0.962500,0.662500,0.662500,0.662500,0.850000,0.662500,0.850000,0.962500,0.662500,0.850000
100,17_101,0.657813,1.840852,0.555469,0.628906,0.695312,0.555469,0.700781,0.659375,0.628906,0.700781,0.707031,0.695312,0.659375,0.707031
100,17_110,0.687760,1.790812,0.678125,0.663281,0.708594,0.678125,0.696875,0.683594,0.663281,0.696875,0.696094,0.708594,0.683594,0.696094
100,17_codon,0.727995,1.608171,0.664062,0.807813,0.847656,0.664062,0.632812,0.667188,0.807813,0.632812,0.748437,0.847656,0.667188,0.748437
100,18,0.575000,1.944599,0.592969,0.554688,0.668750,0.592969,0.498437,0.573438,0.554688,0.498437,0.561719,0.668750,0.573438,0.561719
100,18_001,0.614323,1.984189,0.659375,0.662500,0.620313,0.659375,0.539844,0.501563,0.662500,0.539844,0.702344,0.620313,0.501563,0.702344
100,18_010,0.642188,1.904910,0.621875,0.571094,0.705469,0.621875,0.700781,0.650000,0.571094,0.700781,0.603906,0.705469,0.650000,0.603906
100,18_011,0.588021,1.991793,0.560937,0.608594,0.611719,0.560937,0.558594,0.616406,0.608594,0.558594,0.571875,0.611719,0.616406,0.571875
100,18_100,0.773177,1.422906,0.662500,0.957812,0.849219,0.662500,0.659375,0.662500,0.957812,0.659375,0.847656,0.849219,0.662500,0.847656
100,18_101,0.672526,1.721989,0.702344,0.718750,0.779687,0.702344,0.542188,0.683594,0.718750,0.542188,0.608594,0.779687,0.683594,0.608594
100,18_110,0.688411,1.785211,0.685156,0.662500,0.756250,0.685156,0.692969,0.675781,0.662500,0.692969,0.657813,0.756250,0.675781,0.657813
100,18_codon,0.696745,1.715214,0.765625,0.696875,0.753125,0.765625,0.641406,0.728125,0.696875,0.641406,0.595313,0.753125,0.728125,0.595313
100,19,0.571094,1.951881,0.594531,0.574219,0.526563,0.594531,0.602344,0.521094,0.574219,0.602344,0.607812,0.526563,0.521094,0.607812
100,19_001,0.618490,1.959199,0.647656,0.689844,0.529687,0.647656,0.632812,0.683594,0.689844,0.632812,0.527344,0.529687,0.683594,0.527344
100,19_010,0.632031,1.933788,0.694531,0.582031,0.524219,0.694531,0.687500,0.638281,0.582031,0.687500,0.665625,0.524219,0.638281,0.665625
100,19_011,0.625521,1.996220,0.742969,0.578125,0.536719,0.742969,0.603906,0.560937,0.578125,0.603906,0.730469,0.536719,0.560937,0.730469
100,19_100,0.773958,1.421525,0.850000,0.960938,0.660937,0.850000,0.850000,0.660937,0.960938,0.850000,0.660937,0.660937,0.660937,0.660937
100,19_101,0.666536,1.785263,0.597656,0.661719,0.682813,0.597656,0.802344,0.596875,0.661719,0.802344,0.657813,0.682813,0.596875,0.657813
100,19_110,0.758984,1.502482,0.920312,0.832812,0.649219,0.920312,0.843750,0.650000,0.832812,0.843750,0.657813,0.649219,0.650000,0.657813
100,19_codon,0.690365,1.783943,0.760156,0.732812,0.681250,0.760156,0.755469,0.607812,0.732812,0.755469,0.604688,0.681250,0.607812,0.604688
100,1_001,0.616016,1.968085,0.545312,0.499219,0.674219,0.545312,0.689063,0.672656,0.499219,0.689063,0.615625,0.674219,0.672656,0.615625
100,1_010,0.629687,1.951190,0.647656,0.523438,0.686719,0.647656,0.682031,0.667969,0.523438,0.682031,0.570312,0.686719,0.667969,0.570312
100,1_011,0.622135,1.998537,0.655469,0.583594,0.694531,0.655469,0.707812,0.579688,0.583594,0.707812,0.511719,0.694531,0.579688,0.511719
100,1_100,0.745443,1.530303,0.621094,0.764844,0.755469,0.621094,0.701562,0.695312,0.764844,0.701562,0.934375,0.755469,0.695312,0.934375
100,1_101,0.669531,1.833724,0.521875,0.661719,0.624219,0.521875,0.699219,0.707031,0.661719,0.699219,0.803125,0.624219,0.707031,0.803125
100,1_110,0.692318,1.747519,0.718750,0.646875,0.699219,0.718750,0.775000,0.696094,0.646875,0.775000,0.617969,0.699219,0.696094,0.617969
100,1_codon,0.672396,1.830666,0.639844,0.612500,0.667188,0.639844,0.737500,0.714844,0.612500,0.737500,0.662500,0.667188,0.714844,0.662500
100,2,0.551953,1.992889,0.583594,0.557813,0.525781,0.583594,0.559375,0.546094,0.557813,0.559375,0.539062,0.525781,0.546094,0.539062
100,20,0.585286,1.958210,0.550781,0.562500,0.641406,0.550781,0.545312,0.580469,0.562500,0.545312,0.631250,0.641406,0.580469,0.631250
100,20_001,0.630339,1.928540,0.703906,0.516406,0.575781,0.703906,0.610938,0.671875,0.516406,0.610938,0.703125,0.575781,0.671875,0.703125
100,20_010,0.647135,1.894242,0.627344,0.683594,0.567969,0.627344,0.670312,0.709375,0.683594,0.670312,0.624219,0.567969,0.709375,0.624219
100,20_011,0.603255,1.986252,0.639062,0.575781,0.523438,0.639062,0.623437,0.619531,0.575781,0.623437,0.638281,0.523438,0.619531,0.638281
100,20_100,0.753385,1.485346,0.716406,0.751563,0.961719,0.716406,0.622656,0.716406,0.751563,0.622656,0.751563,0.961719,0.716406,0.751563
100,20_101,0.663411,1.846741,0.575000,0.714844,0.747656,0.575000,0.549219,0.677344,0.714844,0.549219,0.716406,0.747656,0.677344,0.716406
100,20_110,0.700130,1.654944,0.675781,0.650781,0.635938,0.675781,0.735156,0.743750,0.650781,0.735156,0.759375,0.635938,0.743750,0.759375
100,20_codon,0.678776,1.785787,0.625781,0.685937,0.624219,0.625781,0.708594,0.696875,0.685937,0.708594,0.731250,0.624219,0.696875,0.731250
100,21,0.554427,1.980536,0.589844,0.550000,0.532031,0.589844,0.546094,0.571094,0.550000,0.546094,0.537500,0.532031,0.571094,0.537500
100,21_001,0.610417,1.972298,0.638281,0.604688,0.553125,0.638281,0.591406,0.553125,0.604688,0.591406,0.721875,0.553125,0.553125,0.721875
100,21_010,0.641016,1.914179,0.703906,0.688281,0.578906,0.703906,0.648438,0.693750,0.688281,0.648438,0.532813,0.578906,0.693750,0.532813
100,21_011,0.600130,1.986440,0.647656,0.662500,0.576562,0.647656,0.639844,0.577344,0.662500,0.639844,0.496875,0.576562,0.577344,0.496875
100,21_100,0.767057,1.476983,0.658594,0.924219,0.846094,0.658594,0.661719,0.662500,0.924219,0.661719,0.849219,0.846094,0.662500,0.849219
100,21_101,0.720182,1.535558,0.666406,0.614844,0.728906,0.666406,0.726562,0.860156,0.614844,0.726562,0.724219,0.728906,0.860156,0.724219
100,21_110,0.723437,1.605128,0.728906,0.632031,0.698438,0.728906,0.702344,0.906250,0.632031,0.702344,0.672656,0.698438,0.906250,0.672656
100,21_codon,0.679167,1.790643,0.685156,0.662500,0.613281,0.685156,0.725000,0.746875,0.662500,0.725000,0.642188,0.613281,0.746875,0.642188
100,22,0.547135,1.984399,0.604688,0.490625,0.585156,0.604688,0.558594,0.571875,0.490625,0.558594,0.471875,0.585156,0.571875,0.471875
100,22_001,0.604948,1.977800,0.657031,0.478906,0.630469,0.657031,0.607031,0.690625,0.478906,0.607031,0.565625,0.630469,0.690625,0.565625
100,22_010,0.659115,1.856416,0.661719,0.672656,0.578906,0.661719,0.698438,0.723437,0.672656,0.698438,0.619531,0.578906,0.723437,0.619531
100,22_011,0.593490,1.994146,0.478125,0.636719,0.615625,0.478125,0.621875,0.613281,0.636719,0.621875,0.595313,0.615625,0.613281,0.595313
100,22_100,0.775000,1.420127,0.662500,0.662500,0.662500,0.662500,0.850000,0.962500,0.662500,0.850000,0.850000,0.662500,0.962500,0.850000
100,22_101,0.686328,1.719294,0.576562,0.577344,0.672656,0.576562,0.747656,0.798438,0.577344,0.747656,0.745313,0.672656,0.798438,0.745313
100,22_110,0.716667,1.678341,0.648438,0.688281,0.628125,0.648438,0.804688,0.739062,0.688281,0.804688,0.791406,0.628125,0.739062,0.791406
100,22_codon,0.636979,1.959730,0.575781,0.753125,0.595313,0.575781,0.626563,0.620313,0.753125,0.626563,0.650781,0.595313,0.620313,0.650781
100,23,0.541016,1.989863,0.507031,0.554688,0.560156,0.507031,0.509375,0.600781,0.554688,0.509375,0.514062,0.560156,0.600781,0.514062
100,23_001,0.606250,1.989904,0.544531,0.630469,0.594531,0.544531,0.546875,0.725781,0.630469,0.546875,0.595313,0.594531,0.725781,0.595313
100,23_010,0.634766,1.946130,0.535937,0.558594,0.677344,0.535937,0.675781,0.660937,0.558594,0.675781,0.700000,0.677344,0.660937,0.700000
100,23_011,0.612630,1.999737,0.739844,0.512500,0.550000,0.739844,0.557031,0.594531,0.512500,0.557031,0.721875,0.550000,0.594531,0.721875
100,23_100,0.770443,1.455194,0.847656,0.660937,0.849219,0.847656,0.657813,0.946094,0.660937,0.657813,0.660937,0.849219,0.946094,0.660937
100,23_101,0.642839,1.910515,0.557031,0.670312,0.710156,0.557031,0.702344,0.560937,0.670312,0.702344,0.656250,0.710156,0.560937,0.656250
100,23_110,0.705078,1.726745,0.747656,0.651563,0.782031,0.747656,0.693750,0.740625,0.651563,0.693750,0.614844,0.782031,0.740625,0.614844
100,23_codon,0.696615,1.711738,0.675000,0.606250,0.628125,0.675000,0.693750,0.804688,0.606250,0.693750,0.771875,0.628125,0.804688,0.771875
100,24,0.584375,1.936811,0.585156,0.623437,0.591406,0.585156,0.587500,0.605469,0.623437,0.587500,0.513281,0.591406,0.605469,0.513281
100,24_001,0.627344,1.951671,0.514844,0.558594,0.688281,0.514844,0.683594,0.642188,0.558594,0.683594,0.676562,0.688281,0.642188,0.676562
100,24_010,0.643750,1.926096,0.589844,0.553125,0.696875,0.589844,0.680469,0.692187,0.553125,0.680469,0.650000,0.696875,0.692187,0.650000
100,24_011,0.617318,1.990868,0.688281,0.543750,0.645312,0.688281,0.522656,0.628125,0.543750,0.522656,0.675781,0.645312,0.628125,0.675781
100,24_100,0.772266,1.452014,0.850000,0.662500,0.848437,0.850000,0.662500,0.949219,0.662500,0.662500,0.660937,0.848437,0.949219,0.660937
100,24_101,0.721224,1.555548,0.886719,0.624219,0.744531,0.886719,0.678906,0.777344,0.624219,0.678906,0.615625,0.744531,0.777344,0.615625
100,24_110,0.742318,1.578160,0.842187,0.647656,0.877344,0.842187,0.657813,0.800781,0.647656,0.657813,0.628125,0.877344,0.800781,0.628125
100,24_codon,0.666927,1.908253,0.670312,0.665625,0.614062,0.670312,0.685937,0.721875,0.665625,0.685937,0.643750,0.614062,0.721875,0.643750
100,25,0.564063,1.960844,0.612500,0.596875,0.569531,0.612500,0.525781,0.542969,0.596875,0.525781,0.536719,0.569531,0.542969,0.536719
100,25_001,0.617969,1.980205,0.668750,0.609375,0.671094,0.668750,0.502344,0.550000,0.609375,0.502344,0.706250,0.671094,0.550000,0.706250
100,25_010,0.636979,1.953132,0.700781,0.710156,0.563281,0.700781,0.656250,0.674219,0.710156,0.656250,0.517188,0.563281,0.674219,0.517188
100,25_011,0.619661,1.998711,0.582812,0.610156,0.721875,0.582812,0.732812,0.510156,0.610156,0.732812,0.560156,0.721875,0.510156,0.560156
100,25_100,0.775000,1.420127,0.850000,0.662500,0.850000,0.850000,0.662500,0.962500,0.662500,0.662500,0.662500,0.850000,0.962500,0.662500
100,25_101,0.660547,1.854369,0.560937,0.664844,0.732812,0.560937,0.613281,0.653125,0.664844,0.613281,0.738281,0.732812,0.653125,0.738281
100,25_110,0.726693,1.598828,0.923438,0.659375,0.722656,0.923438,0.664844,0.734375,0.659375,0.664844,0.655469,0.722656,0.734375,0.655469
100,25_codon,0.692187,1.761979,0.656250,0.678125,0.720313,0.656250,0.623437,0.806250,0.678125,0.623437,0.668750,0.720313,0.806250,0.668750
100,26,0.545573,1.997095,0.549219,0.629687,0.516406,0.549219,0.502344,0.555469,0.629687,0.502344,0.520312,0.516406,0.555469,0.520312
100,26_001,0.622135,1.962474,0.619531,0.689844,0.512500,0.619531,0.671875,0.675781,0.689844,0.671875,0.563281,0.512500,0.675781,0.563281
100,26_010,0.635938,1.923154,0.595313,0.664062,0.679688,0.595313,0.700000,0.545312,0.664062,0.700000,0.631250,0.679688,0.545312,0.631250
100,26_011,0.599479,1.987036,0.583594,0.650000,0.638281,0.583594,0.483594,0.600781,0.650000,0.483594,0.640625,0.638281,0.600781,0.640625
100,26_100,0.775000,1.420127,0.850000,0.962500,0.662500,0.850000,0.850000,0.662500,0.962500,0.850000,0.662500,0.662500,0.662500,0.662500
100,26_101,0.651563,1.872540,0.652344,0.683594,0.582812,0.652344,0.679688,0.629687,0.683594,0.679688,0.681250,0.582812,0.629687,0.681250
100,26_110,0.744010,1.580851,0.642188,0.647656,0.650781,0.642188,0.798438,0.861719,0.647656,0.798438,0.863281,0.650781,0.861719,0.863281
100,26_codon,0.713281,1.659558,0.675781,0.603906,0.689844,0.675781,0.701562,0.901563,0.603906,0.701562,0.707031,0.689844,0.901563,0.707031
100,27,0.571615,1.936317,0.600781,0.575781,0.597656,0.600781,0.551562,0.546094,0.575781,0.551562,0.557813,0.597656,0.546094,0.557813
100,27_001,0.618750,1.953934,0.684375,0.553906,0.501563,0.684375,0.665625,0.621875,0.553906,0.665625,0.685156,0.501563,0.621875,0.685156
100,27_010,0.654427,1.890775,0.571875,0.609375,0.725781,0.571875,0.691406,0.634375,0.609375,0.691406,0.693750,0.725781,0.634375,0.693750
100,27_011,0.599740,1.998445,0.527344,0.497656,0.717969,0.527344,0.695312,0.595313,0.497656,0.695312,0.564844,0.717969,0.595313,0.564844
100,27_100,0.772266,1.452014,0.660937,0.848437,0.949219,0.660937,0.662500,0.662500,0.848437,0.662500,0.850000,0.949219,0.662500,0.850000
100,27_101,0.759375,1.491913,0.650781,0.921875,0.846875,0.650781,0.646094,0.656250,0.921875,0.646094,0.834375,0.846875,0.656250,0.834375
100,27_110,0.740104,1.588837,0.804688,0.633594,0.858594,0.804688,0.655469,0.833594,0.633594,0.655469,0.654687,0.858594,0.833594,0.654687
100,27_codon,0.665625,1.788372,0.647656,0.656250,0.617188,0.647656,0.654687,0.682813,0.656250,0.654687,0.735156,0.617188,0.682813,0.735156
100,28,0.553646,1.974285,0.535156,0.565625,0.583594,0.535156,0.550000,0.531250,0.565625,0.550000,0.556250,0.583594,0.531250,0.556250
100,28_001,0.626693,1.961679,0.678906,0.678906,0.639062,0.678906,0.542188,0.513281,0.678906,0.542188,0.707812,0.639062,0.513281,0.707812
100,28_010,0.636458,1.940579,0.696094,0.691406,0.566406,0.696094,0.657813,0.528125,0.691406,0.657813,0.678906,0.566406,0.528125,0.678906
100,28_011,0.603776,1.998910,0.556250,0.720313,0.578906,0.556250,0.518750,0.703906,0.720313,0.518750,0.544531,0.578906,0.703906,0.544531
100,28_100,0.775000,1.420127,0.662500,0.962500,0.850000,0.662500,0.662500,0.662500,0.962500,0.662500,0.850000,0.850000,0.662500,0.850000
100,28_101,0.678906,1.771315,0.757812,0.614844,0.777344,0.757812,0.546094,0.667188,0.614844,0.546094,0.710156,0.777344,0.667188,0.710156
100,28_110,0.736979,1.577022,0.641406,0.838281,0.863281,0.641406,0.647656,0.617969,0.838281,0.647656,0.813281,0.863281,0.617969,0.813281
100,28_codon,0.684115,1.785416,0.682813,0.639062,0.671094,0.682813,0.653906,0.686719,0.639062,0.653906,0.771094,0.671094,0.686719,0.771094
100,29,0.556120,1.983075,0.582031,0.595313,0.563281,0.582031,0.500000,0.514062,0.595313,0.500000,0.582031,0.563281,0.514062,0.582031
100,29_001,0.623307,1.959350,0.507031,0.686719,0.550781,0.507031,0.630469,0.691406,0.686719,0.630469,0.673438,0.550781,0.691406,0.673438
100,29_010,0.648568,1.915460,0.627344,0.743750,0.660937,0.627344,0.630469,0.525000,0.743750,0.630469,0.703906,0.660937,0.525000,0.703906
100,29_011,0.606771,1.999017,0.588281,0.710938,0.528125,0.588281,0.575781,0.725781,0.710938,0.575781,0.511719,0.528125,0.725781,0.511719
100,29_100,0.773958,1.421525,0.661719,0.849219,0.960938,0.661719,0.660937,0.661719,0.849219,0.660937,0.849219,0.960938,0.661719,0.849219
100,29_101,0.740365,1.564512,0.882031,0.641406,0.834375,0.882031,0.616406,0.821875,0.641406,0.616406,0.646094,0.834375,0.821875,0.646094
100,29_110,0.673307,1.854889,0.635938,0.633594,0.760156,0.635938,0.695312,0.667969,0.633594,0.695312,0.646875,0.760156,0.667969,0.646875
100,29_codon,0.639714,1.980297,0.605469,0.726562,0.566406,0.605469,0.645312,0.687500,0.726562,0.645312,0.607031,0.566406,0.687500,0.607031
100,2_001,0.617448,1.986466,0.497656,0.621875,0.710938,0.497656,0.650781,0.547656,0.621875,0.650781,0.675781,0.710938,0.547656,0.675781
100,2_010,0.652474,1.879916,0.736719,0.625000,0.658594,0.736719,0.582812,0.626563,0.625000,0.582812,0.685156,0.658594,0.626563,0.685156
100,2_011,0.608073,1.984887,0.625000,0.649219,0.635156,0.625000,0.607031,0.493750,0.649219,0.607031,0.638281,0.635156,0.493750,0.638281
100,2_100,0.775000,1.420127,0.850000,0.662500,0.850000,0.850000,0.662500,0.962500,0.662500,0.662500,0.662500,0.850000,0.962500,0.662500
100,2_101,0.641406,1.963357,0.540625,0.675000,0.777344,0.540625,0.578125,0.568750,0.675000,0.578125,0.708594,0.777344,0.568750,0.708594
100,2_110,0.757422,1.490281,0.833594,0.649219,0.936719,0.833594,0.639062,0.835938,0.649219,0.639062,0.650000,0.936719,0.835938,0.650000
100,2_codon,0.680078,1.796427,0.628125,0.657813,0.689844,0.628125,0.645312,0.754687,0.657813,0.645312,0.704688,0.689844,0.754687,0.704688
100,3,0.570573,1.984793,0.572656,0.596875,0.550000,0.572656,0.572656,0.572656,0.596875,0.572656,0.558594,0.550000,0.572656,0.558594
100,30,0.588411,1.915105,0.593750,0.678125,0.594531,0.593750,0.571875,0.565625,0.678125,0.571875,0.526563,0.594531,0.565625,0.526563
100,30_001,0.613932,1.979873,0.546875,0.681250,0.694531,0.546875,0.661719,0.486719,0.681250,0.661719,0.612500,0.694531,0.486719,0.612500
100,30_010,0.641146,1.944778,0.525000,0.677344,0.562500,0.525000,0.682813,0.685156,0.677344,0.682813,0.714063,0.562500,0.685156,0.714063
100,30_011,0.613021,1.998447,0.553125,0.603906,0.718750,0.553125,0.735938,0.507031,0.603906,0.735938,0.559375,0.718750,0.507031,0.559375
100,30_100,0.751172,1.493294,0.749219,0.958594,0.714844,0.749219,0.750000,0.618750,0.958594,0.750000,0.715625,0.714844,0.618750,0.715625
100,30_101,0.686849,1.732408,0.741406,0.785156,0.705469,0.741406,0.671094,0.559375,0.785156,0.671094,0.658594,0.705469,0.559375,0.658594
100,30_110,0.709896,1.662226,0.760938,0.837500,0.716406,0.760938,0.666406,0.592969,0.837500,0.666406,0.685156,0.716406,0.592969,0.685156
100,30_codon,0.673307,1.844625,0.622656,0.650781,0.649219,0.622656,0.688281,0.730469,0.650781,0.688281,0.698438,0.649219,0.730469,0.698438
100,31,0.576432,1.974141,0.603125,0.599219,0.575781,0.603125,0.606250,0.534375,0.599219,0.606250,0.539844,0.575781,0.534375,0.539844
100,31_001,0.612500,1.982979,0.475000,0.625781,0.701562,0.475000,0.660156,0.538281,0.625781,0.660156,0.674219,0.701562,0.538281,0.674219
100,31_010,0.642969,1.923573,0.563281,0.721875,0.600781,0.563281,0.600000,0.713281,0.721875,0.600000,0.658594,0.600781,0.713281,0.658594
100,31_011,0.589974,1.992569,0.588281,0.625000,0.570312,0.588281,0.544531,0.586719,0.625000,0.544531,0.625000,0.570312,0.586719,0.625000
100,31_100,0.767057,1.476983,0.924219,0.849219,0.661719,0.924219,0.846094,0.658594,0.849219,0.846094,0.662500,0.661719,0.658594,0.662500
100,31_101,0.738542,1.537901,0.832031,0.629687,0.907031,0.832031,0.614844,0.820312,0.629687,0.614844,0.627344,0.907031,0.820312,0.627344
100,31_110,0.727214,1.568155,0.933594,0.662500,0.744531,0.933594,0.653906,0.735938,0.662500,0.653906,0.632812,0.744531,0.735938,0.632812
100,31_codon,0.683333,1.807552,0.651563,0.648438,0.678125,0.651563,0.632031,0.787500,0.648438,0.632031,0.702344,0.678125,0.787500,0.702344
100,32,0.567187,1.952479,0.587500,0.600781,0.492969,0.587500,0.625781,0.574219,0.600781,0.625781,0.521875,0.492969,0.574219,0.521875
100,32_001,0.626302,1.928621,0.518750,0.646875,0.679688,0.518750,0.692187,0.557031,0.646875,0.692187,0.663281,0.679688,0.557031,0.663281
100,32_010,0.651823,1.890905,0.618750,0.729688,0.565625,0.618750,0.685156,0.678125,0.729688,0.685156,0.633594,0.565625,0.678125,0.633594
100,32_011,0.606641,1.988453,0.634375,0.555469,0.528906,0.634375,0.681250,0.611719,0.555469,0.681250,0.628125,0.528906,0.611719,0.628125
100,32_100,0.775000,1.420127,0.962500,0.850000,0.662500,0.962500,0.850000,0.662500,0.850000,0.850000,0.662500,0.662500,0.662500,0.662500
100,32_101,0.747266,1.544649,0.915625,0.841406,0.625000,0.915625,0.841406,0.625781,0.841406,0.841406,0.634375,0.625000,0.625781,0.634375
100,32_110,0.707943,1.714423,0.791406,0.774219,0.675000,0.791406,0.733594,0.644531,0.774219,0.733594,0.628906,0.675000,0.644531,0.628906
100,32_codon,0.675781,1.781801,0.651563,0.634375,0.642969,0.651563,0.817187,0.667188,0.634375,0.817187,0.641406,0.642969,0.667188,0.641406
100,33,0.552214,1.992890,0.506250,0.519531,0.554688,0.506250,0.603125,0.542188,0.519531,0.603125,0.587500,0.554688,0.542188,0.587500
100,33_001,0.616016,1.982828,0.660156,0.611719,0.665625,0.660156,0.491406,0.554688,0.611719,0.491406,0.712500,0.665625,0.554688,0.712500
100,33_010,0.610286,1.975164,0.670312,0.598437,0.625000,0.670312,0.553125,0.571094,0.598437,0.553125,0.643750,0.625000,0.571094,0.643750
100,33_011,0.620573,1.989382,0.681250,0.627344,0.559375,0.681250,0.626563,0.538281,0.627344,0.626563,0.690625,0.559375,0.538281,0.690625
100,33_100,0.775000,1.420127,0.662500,0.662500,0.662500,0.662500,0.850000,0.850000,0.662500,0.850000,0.962500,0.662500,0.850000,0.962500
100,33_101,0.654297,1.874794,0.697656,0.710156,0.695312,0.697656,0.563281,0.555469,0.710156,0.563281,0.703906,0.695312,0.555469,0.703906
100,33_110,0.752604,1.545435,0.644531,0.657031,0.651563,0.644531,0.820312,0.897656,0.657031,0.820312,0.844531,0.651563,0.897656,0.844531
100,33_codon,0.691146,1.731054,0.588281,0.666406,0.688281,0.588281,0.686719,0.700781,0.666406,0.686719,0.816406,0.688281,0.700781,0.816406
100,34,0.555729,1.978064,0.527344,0.558594,0.527344,0.527344,0.536719,0.617969,0.558594,0.536719,0.566406,0.527344,0.617969,0.566406
100,34_001,0.613281,1.976958,0.627344,0.692187,0.513281,0.627344,0.653125,0.667969,0.692187,0.653125,0.525781,0.513281,0.667969,0.525781
100,34_010,0.641406,1.905597,0.616406,0.672656,0.567187,0.616406,0.655469,0.719531,0.672656,0.655469,0.617188,0.567187,0.719531,0.617188
100,34_011,0.592057,1.990921,0.644531,0.557031,0.585938,0.644531,0.607812,0.567969,0.557031,0.607812,0.589063,0.585938,0.567969,0.589063
100,34_100,0.771354,1.427279,0.846094,0.845313,0.660156,0.846094,0.957031,0.659375,0.845313,0.957031,0.660156,0.660156,0.659375,0.660156
100,34_101,0.688802,1.714921,0.615625,0.656250,0.833594,0.615625,0.582031,0.700000,0.656250,0.582031,0.745313,0.833594,0.700000,0.745313
100,34_110,0.689063,1.781988,0.684375,0.672656,0.650781,0.684375,0.710156,0.753906,0.672656,0.710156,0.662500,0.650781,0.753906,0.662500
100,34_codon,0.695703,1.735737,0.653906,0.703906,0.666406,0.653906,0.714063,0.667969,0.703906,0.714063,0.767969,0.666406,0.667969,0.767969
100,35,0.569661,1.971141,0.569531,0.498437,0.625000,0.569531,0.581250,0.619531,0.498437,0.581250,0.524219,0.625000,0.619531,0.524219
100,35_001,0.611719,1.977548,0.636719,0.693750,0.575000,0.636719,0.664844,0.483594,0.693750,0.664844,0.616406,0.575000,0.483594,0.616406
100,35_010,0.647135,1.905660,0.573438,0.664844,0.639062,0.573438,0.606250,0.718750,0.664844,0.606250,0.680469,0.639062,0.718750,0.680469
100,35_011,0.563021,1.987943,0.527344,0.576562,0.552344,0.527344,0.572656,0.614062,0.576562,0.572656,0.535156,0.552344,0.614062,0.535156
100,35_100,0.771875,1.450376,0.950000,0.847656,0.660156,0.950000,0.849219,0.661719,0.847656,0.849219,0.662500,0.660156,0.661719,0.662500
100,35_101,0.664844,1.845495,0.739844,0.553125,0.678125,0.739844,0.657813,0.747656,0.553125,0.657813,0.612500,0.678125,0.747656,0.612500
100,35_110,0.720313,1.613644,0.623437,0.668750,0.681250,0.623437,0.800781,0.715625,0.668750,0.800781,0.832031,0.681250,0.715625,0.832031
100,35_codon,0.685677,1.785613,0.660156,0.714063,0.696875,0.660156,0.614844,0.774219,0.714063,0.614844,0.653906,0.696875,0.774219,0.653906
100,36,0.549349,1.984968,0.552344,0.527344,0.539062,0.552344,0.571094,0.556250,0.527344,0.571094,0.550000,0.539062,0.556250,0.550000
100,36_001,0.607812,1.974440,0.643750,0.620313,0.516406,0.643750,0.631250,0.625781,0.620313,0.631250,0.609375,0.516406,0.625781,0.609375
100,36_010,0.637630,1.921200,0.712500,0.580469,0.564063,0.712500,0.656250,0.637500,0.580469,0.656250,0.675000,0.564063,0.637500,0.675000
100,36_011,0.593229,1.995580,0.593750,0.719531,0.541406,0.593750,0.547656,0.634375,0.719531,0.547656,0.522656,0.541406,0.634375,0.522656
100,36_100,0.773958,1.421525,0.661719,0.660937,0.661719,0.661719,0.960156,0.850000,0.660937,0.960156,0.849219,0.661719,0.850000,0.849219
100,36_101,0.729688,1.606546,0.589063,0.645312,0.645312,0.589063,0.796875,0.840625,0.645312,0.796875,0.860938,0.645312,0.840625,0.860938
100,36_110,0.730729,1.565840,0.704688,0.703906,0.625000,0.704688,0.928125,0.707812,0.703906,0.928125,0.714844,0.625000,0.707812,0.714844
100,36_codon,0.673047,1.819204,0.609375,0.617188,0.709375,0.609375,0.770312,0.667969,0.617188,0.770312,0.664062,0.709375,0.667969,0.664062
100,37,0.574219,1.978581,0.535156,0.539844,0.571875,0.535156,0.635156,0.584375,0.539844,0.635156,0.578906,0.571875,0.584375,0.578906
100,37_001,0.618099,1.975913,0.535937,0.496094,0.663281,0.535937,0.707812,0.668750,0.496094,0.707812,0.636719,0.663281,0.668750,0.636719
100,37_010,0.610938,1.977740,0.584375,0.642188,0.689844,0.584375,0.619531,0.542188,0.642188,0.619531,0.587500,0.689844,0.542188,0.587500
100,37_011,0.599740,1.999857,0.581250,0.518750,0.712500,0.581250,0.725781,0.559375,0.518750,0.725781,0.500781,0.712500,0.559375,0.500781
100,37_100,0.775000,1.420127,0.662500,0.662500,0.662500,0.662500,0.850000,0.850000,0.662500,0.850000,0.962500,0.662500,0.850000,0.962500
100,37_101,0.685156,1.708839,0.653906,0.622656,0.659375,0.653906,0.705469,0.828125,0.622656,0.705469,0.641406,0.659375,0.828125,0.641406
100,37_110,0.702474,1.747370,0.710156,0.604688,0.701562,0.710156,0.686719,0.789844,0.604688,0.686719,0.721875,0.701562,0.789844,0.721875
100,37_codon,0.679818,1.815861,0.625000,0.629687,0.728125,0.625000,0.753906,0.675781,0.629687,0.753906,0.666406,0.728125,0.675781,0.666406
100,38,0.556250,1.939786,0.549219,0.510938,0.539062,0.549219,0.602344,0.573438,0.510938,0.602344,0.562500,0.539062,0.573438,0.562500
100,38_001,0.611458,1.991158,0.558594,0.602344,0.689844,0.558594,0.716406,0.524219,0.602344,0.716406,0.577344,0.689844,0.524219,0.577344
100,38_010,0.645443,1.902836,0.546875,0.633594,0.686719,0.546875,0.702344,0.590625,0.633594,0.702344,0.712500,0.686719,0.590625,0.712500
100,38_011,0.612891,1.988531,0.482812,0.568750,0.604688,0.482812,0.687500,0.629687,0.568750,0.687500,0.703906,0.604688,0.629687,0.703906
100,38_100,0.773828,1.421062,0.662500,0.661719,0.662500,0.662500,0.960156,0.848437,0.661719,0.960156,0.847656,0.662500,0.848437,0.847656
100,38_101,0.730990,1.568501,0.714844,0.600000,0.694531,0.714844,0.736719,0.915625,0.600000,0.736719,0.724219,0.694531,0.915625,0.724219
100,38_110,0.718359,1.616227,0.653125,0.671875,0.668750,0.653125,0.715625,0.718750,0.671875,0.715625,0.882031,0.668750,0.718750,0.882031
100,38_codon,0.677865,1.784113,0.625000,0.589063,0.696875,0.625000,0.760156,0.743750,0.589063,0.760156,0.652344,0.696875,0.743750,0.652344
100,39,0.564714,1.960547,0.578906,0.539844,0.579688,0.578906,0.575781,0.603125,0.539844,0.575781,0.510938,0.579688,0.603125,0.510938
100,39_001,0.614844,1.971201,0.665625,0.549219,0.478125,0.665625,0.676562,0.630469,0.549219,0.676562,0.689063,0.478125,0.630469,0.689063
100,39_010,0.640234,1.931309,0.571875,0.522656,0.682813,0.571875,0.692969,0.698438,0.522656,0.692969,0.672656,0.682813,0.698438,0.672656
100,39_011,0.622526,1.984622,0.616406,0.710156,0.521875,0.616406,0.656250,0.656250,0.710156,0.656250,0.574219,0.521875,0.656250,0.574219
100,39_100,0.775000,1.420127,0.962500,0.662500,0.850000,0.962500,0.662500,0.850000,0.662500,0.662500,0.662500,0.850000,0.850000,0.662500
100,39_101,0.653255,1.917556,0.599219,0.664062,0.733594,0.599219,0.557813,0.642188,0.664062,0.557813,0.722656,0.733594,0.642188,0.722656
100,39_110,0.694401,1.759206,0.739844,0.705469,0.753906,0.739844,0.671875,0.661719,0.705469,0.671875,0.633594,0.753906,0.661719,0.633594
100,39_codon,0.688021,1.745930,0.682031,0.578906,0.688281,0.682031,0.686719,0.803906,0.578906,0.686719,0.688281,0.688281,0.803906,0.688281
100,3_001,0.615885,1.980337,0.639844,0.689063,0.483594,0.639844,0.675781,0.664062,0.689063,0.675781,0.542969,0.483594,0.664062,0.542969
100,3_010,0.655078,1.886965,0.719531,0.623437,0.585938,0.719531,0.675781,0.629687,0.623437,0.675781,0.696094,0.585938,0.629687,0.696094
100,3_011,0.617188,1.980259,0.655469,0.709375,0.525781,0.655469,0.646094,0.646094,0.709375,0.646094,0.520312,0.525781,0.646094,0.520312
100,3_100,0.775000,1.420127,0.662500,0.662500,0.662500,0.662500,0.850000,0.850000,0.662500,0.850000,0.962500,0.662500,0.850000,0.962500
100,3_101,0.666927,1.827554,0.685937,0.706250,0.544531,0.685937,0.768750,0.611719,0.706250,0.768750,0.684375,0.544531,0.611719,0.684375
100,3_110,0.686719,1.795633,0.755469,0.729688,0.741406,0.755469,0.606250,0.616406,0.729688,0.606250,0.671094,0.741406,0.616406,0.671094
100,3_codon,0.668880,1.872455,0.566406,0.683594,0.687500,0.566406,0.638281,0.700781,0.683594,0.638281,0.736719,0.687500,0.700781,0.736719
100,4,0.551562,1.994800,0.574219,0.550000,0.574219,0.574219,0.532813,0.597656,0.550000,0.532813,0.480469,0.574219,0.597656,0.480469
100,40,0.549740,1.987270,0.536719,0.509375,0.599219,0.536719,0.512500,0.571875,0.509375,0.512500,0.568750,0.599219,0.571875,0.568750
100,40_001,0.607422,1.976863,0.480469,0.685156,0.620313,0.480469,0.535156,0.659375,0.685156,0.535156,0.664062,0.620313,0.659375,0.664062
100,40_010,0.622266,1.955901,0.695312,0.610938,0.544531,0.695312,0.638281,0.586719,0.610938,0.638281,0.657813,0.544531,0.586719,0.657813
100,40_011,0.624089,1.987594,0.628125,0.512500,0.717187,0.628125,0.653906,0.678125,0.512500,0.653906,0.554688,0.717187,0.678125,0.554688
100,40_100,0.767578,1.464287,0.846875,0.659375,0.845313,0.846875,0.659375,0.936719,0.659375,0.659375,0.657813,0.845313,0.936719,0.657813
100,40_101,0.743229,1.542012,0.812500,0.642969,0.850781,0.812500,0.622656,0.894531,0.642969,0.622656,0.635938,0.850781,0.894531,0.635938
100,40_110,0.718359,1.696071,0.652344,0.635938,0.610938,0.652344,0.804688,0.777344,0.635938,0.804688,0.828906,0.610938,0.777344,0.828906
100,40_codon,0.677474,1.739950,0.656250,0.618750,0.627344,0.656250,0.697656,0.739844,0.618750,0.697656,0.725000,0.627344,0.739844,0.725000
100,41,0.572266,1.932944,0.516406,0.614062,0.610938,0.516406,0.557031,0.505469,0.614062,0.557031,0.629687,0.610938,0.505469,0.629687
100,41_001,0.616927,1.959609,0.692187,0.630469,0.530469,0.692187,0.642188,0.534375,0.630469,0.642188,0.671875,0.530469,0.534375,0.671875
100,41_010,0.645964,1.906766,0.646875,0.685156,0.711719,0.646875,0.669531,0.550781,0.685156,0.669531,0.611719,0.711719,0.550781,0.611719
100,41_011,0.575911,1.983992,0.568750,0.561719,0.589063,0.568750,0.612500,0.578125,0.561719,0.612500,0.545312,0.589063,0.578125,0.545312
100,41_100,0.773958,1.421525,0.660937,0.849219,0.959375,0.660937,0.662500,0.662500,0.849219,0.662500,0.849219,0.959375,0.662500,0.849219
100,41_101,0.764583,1.477566,0.661719,0.840625,0.842187,0.661719,0.653906,0.655469,0.840625,0.653906,0.933594,0.842187,0.655469,0.933594
100,41_110,0.754297,1.524883,0.662500,0.835156,0.827344,0.662500,0.650000,0.647656,0.835156,0.650000,0.903125,0.827344,0.647656,0.903125
100,41_codon,0.676432,1.820672,0.565625,0.719531,0.627344,0.565625,0.677344,0.686719,0.719531,0.677344,0.782031,0.627344,0.686719,0.782031
100,42,0.572396,1.996758,0.525000,0.581250,0.520312,0.525000,0.611719,0.624219,0.581250,0.611719,0.571875,0.520312,0.624219,0.571875
100,42_001,0.613802,1.984900,0.569531,0.680469,0.614062,0.569531,0.521094,0.724219,0.680469,0.521094,0.573438,0.614062,0.724219,0.573438
100,42_010,0.641016,1.963877,0.675000,0.631250,0.683594,0.675000,0.538281,0.585156,0.631250,0.538281,0.732812,0.683594,0.585156,0.732812
100,42_011,0.600000,1.981969,0.587500,0.600781,0.661719,0.587500,0.557031,0.643750,0.600781,0.557031,0.549219,0.661719,0.643750,0.549219
100,42_100,0.771094,1.434928,0.661719,0.957031,0.845313,0.661719,0.660937,0.657031,0.957031,0.660937,0.844531,0.845313,0.657031,0.844531
100,42_101,0.648177,1.907696,0.567969,0.716406,0.551562,0.567969,0.671875,0.721094,0.716406,0.671875,0.660156,0.551562,0.721094,0.660156
100,42_110,0.695833,1.767826,0.825000,0.676562,0.686719,0.825000,0.675000,0.709375,0.676562,0.675000,0.602344,0.686719,0.709375,0.602344
100,42_codon,0.666536,1.859831,0.610156,0.696875,0.632031,0.610156,0.639062,0.750781,0.696875,0.639062,0.670312,0.632031,0.750781,0.670312
100,43,0.561849,1.970517,0.528125,0.542188,0.528906,0.528125,0.603906,0.580469,0.542188,0.603906,0.587500,0.528906,0.580469,0.587500
100,43_001,0.614062,1.980639,0.703906,0.507031,0.607031,0.703906,0.558594,0.646875,0.507031,0.558594,0.660937,0.607031,0.646875,0.660937
100,43_010,0.642188,1.927978,0.710156,0.533594,0.634375,0.710156,0.592969,0.689063,0.533594,0.592969,0.692969,0.634375,0.689063,0.692969
100,43_011,0.605599,1.998560,0.698438,0.504687,0.548438,0.698438,0.549219,0.591406,0.504687,0.549219,0.741406,0.548438,0.591406,0.741406
100,43_100,0.775000,1.420127,0.662500,0.662500,0.662500,0.662500,0.850000,0.850000,0.662500,0.850000,0.962500,0.662500,0.850000,0.962500
100,43_101,0.669531,1.777471,0.621094,0.608594,0.693750,0.621094,0.854688,0.621094,0.608594,0.854688,0.617969,0.693750,0.621094,0.617969
100,43_110,0.720833,1.627139,0.678906,0.660937,0.637500,0.678906,0.907813,0.730469,0.660937,0.907813,0.709375,0.637500,0.730469,0.709375
100,43_codon,0.693359,1.735170,0.618750,0.670312,0.637500,0.618750,0.752344,0.737500,0.670312,0.752344,0.743750,0.637500,0.737500,0.743750
100,44,0.585938,1.917808,0.605469,0.604688,0.646875,0.605469,0.557813,0.550781,0.604688,0.557813,0.550000,0.646875,0.550781,0.550000
100,44_001,0.623177,1.987101,0.692187,0.550000,0.724219,0.692187,0.661719,0.621875,0.550000,0.661719,0.489062,0.724219,0.621875,0.489062
100,44_010,0.644531,1.898088,0.707812,0.561719,0.608594,0.707812,0.642969,0.683594,0.561719,0.642969,0.662500,0.608594,0.683594,0.662500
100,44_011,0.613021,1.981820,0.653125,0.524219,0.512500,0.653125,0.660156,0.641406,0.524219,0.660156,0.686719,0.512500,0.641406,0.686719
100,44_100,0.773177,1.425415,0.959375,0.846875,0.660937,0.959375,0.848437,0.662500,0.846875,0.848437,0.660937,0.660937,0.662500,0.660937
100,44_101,0.729297,1.592250,0.850000,0.861719,0.621875,0.850000,0.786719,0.645312,0.861719,0.786719,0.610156,0.621875,0.645312,0.610156
100,44_110,0.708854,1.693131,0.731250,0.625000,0.705469,0.731250,0.692187,0.799219,0.625000,0.692187,0.700000,0.705469,0.799219,0.700000
100,44_codon,0.665625,1.840670,0.651563,0.685937,0.680469,0.651563,0.588281,0.767188,0.685937,0.588281,0.620313,0.680469,0.767188,0.620313
100,45,0.580208,1.938062,0.585156,0.575000,0.556250,0.585156,0.637500,0.596094,0.575000,0.637500,0.531250,0.556250,0.596094,0.531250
100,45_001,0.616927,1.968054,0.669531,0.550000,0.691406,0.669531,0.671094,0.625000,0.550000,0.671094,0.494531,0.691406,0.625000,0.494531
100,45_010,0.666276,1.815701,0.783594,0.649219,0.608594,0.783594,0.699219,0.623437,0.649219,0.699219,0.633594,0.608594,0.623437,0.633594
100,45_011,0.602995,1.991553,0.579688,0.596094,0.653125,0.579688,0.605469,0.630469,0.596094,0.605469,0.553125,0.653125,0.630469,0.553125
100,45_100,0.772917,1.422906,0.957031,0.848437,0.660156,0.957031,0.849219,0.660937,0.848437,0.849219,0.661719,0.660156,0.660937,0.661719
100,45_101,0.708854,1.671799,0.864844,0.748437,0.644531,0.864844,0.791406,0.647656,0.748437,0.791406,0.556250,0.644531,0.647656,0.556250
100,45_110,0.687891,1.776289,0.812500,0.643750,0.646875,0.812500,0.698438,0.687500,0.643750,0.698438,0.638281,0.646875,0.687500,0.638281
100,45_codon,0.644010,1.955603,0.604688,0.690625,0.703906,0.604688,0.671875,0.571094,0.690625,0.671875,0.621875,0.703906,0.571094,0.621875
100,46,0.544661,1.968996,0.539062,0.530469,0.495313,0.539062,0.564844,0.559375,0.530469,0.564844,0.578906,0.495313,0.559375,0.578906
100,46_001,0.608333,1.958680,0.499219,0.660937,0.628906,0.499219,0.635938,0.582031,0.660937,0.635938,0.642969,0.628906,0.582031,0.642969
100,46_010,0.646875,1.908329,0.547656,0.706250,0.596875,0.547656,0.644531,0.688281,0.706250,0.644531,0.697656,0.596875,0.688281,0.697656
100,46_011,0.615885,1.996312,0.740625,0.531250,0.560937,0.740625,0.557813,0.584375,0.531250,0.557813,0.720313,0.560937,0.584375,0.720313
100,46_100,0.775000,1.420127,0.662500,0.850000,0.850000,0.662500,0.662500,0.662500,0.850000,0.662500,0.962500,0.850000,0.662500,0.962500
100,46_101,0.685677,1.741361,0.618750,0.576562,0.724219,0.618750,0.746094,0.768750,0.576562,0.746094,0.679688,0.724219,0.768750,0.679688
100,46_110,0.708464,1.679345,0.621875,0.689063,0.702344,0.621875,0.733594,0.710156,0.689063,0.733594,0.793750,0.702344,0.710156,0.793750
100,46_codon,0.691536,1.751350,0.636719,0.691406,0.651563,0.636719,0.715625,0.671875,0.691406,0.715625,0.782031,0.651563,0.671875,0.782031
100,47,0.571484,1.963051,0.595313,0.582812,0.572656,0.595313,0.520312,0.541406,0.582812,0.520312,0.616406,0.572656,0.541406,0.616406
100,47_001,0.604688,1.982502,0.632812,0.525000,0.568750,0.632812,0.571875,0.621094,0.525000,0.571875,0.708594,0.568750,0.621094,0.708594
100,47_010,0.673307,1.790915,0.652344,0.800781,0.687500,0.652344,0.601562,0.653125,0.800781,0.601562,0.644531,0.687500,0.653125,0.644531
100,47_011,0.573047,1.991388,0.503906,0.617188,0.578906,0.503906,0.515625,0.575781,0.617188,0.515625,0.646875,0.578906,0.575781,0.646875
100,47_100,0.758073,1.484954,0.811719,0.880469,0.660937,0.811719,0.893750,0.650781,0.880469,0.893750,0.650781,0.660937,0.650781,0.650781
100,47_101,0.736458,1.587787,0.647656,0.843750,0.865625,0.647656,0.650781,0.611719,0.843750,0.650781,0.799219,0.865625,0.611719,0.799219
100,47_110,0.641276,1.956580,0.545312,0.684375,0.586719,0.545312,0.642969,0.631250,0.684375,0.642969,0.757031,0.586719,0.631250,0.757031
100,47_codon,0.672917,1.809591,0.689844,0.661719,0.662500,0.689844,0.779687,0.650781,0.661719,0.779687,0.592969,0.662500,0.650781,0.592969
100,48,0.578385,1.923880,0.554688,0.572656,0.539844,0.554688,0.632812,0.583594,0.572656,0.632812,0.586719,0.539844,0.583594,0.586719
100,48_001,0.621484,1.954795,0.683594,0.508594,0.545312,0.683594,0.636719,0.661719,0.508594,0.636719,0.692969,0.545312,0.661719,0.692969
100,48_010,0.643750,1.903583,0.663281,0.549219,0.650781,0.663281,0.589063,0.708594,0.549219,0.589063,0.701562,0.650781,0.708594,0.701562
100,48_011,0.613151,1.995678,0.601562,0.496875,0.558594,0.601562,0.622656,0.717969,0.496875,0.622656,0.681250,0.558594,0.717969,0.681250
100,48_100,0.775000,1.420127,0.850000,0.850000,0.662500,0.850000,0.962500,0.662500,0.850000,0.962500,0.662500,0.662500,0.662500,0.662500
100,48_101,0.766146,1.475769,0.837500,0.848437,0.662500,0.837500,0.937500,0.650000,0.848437,0.937500,0.660937,0.662500,0.650000,0.660937
100,48_110,0.686198,1.763979,0.711719,0.764844,0.689063,0.711719,0.637500,0.698438,0.764844,0.637500,0.615625,0.689063,0.698438,0.615625
100,48_codon,0.707292,1.679517,0.596875,0.710938,0.689844,0.596875,0.692969,0.713281,0.710938,0.692969,0.839844,0.689844,0.713281,0.839844
100,49,0.557552,1.979863,0.570312,0.570312,0.553906,0.570312,0.582812,0.562500,0.570312,0.582812,0.505469,0.553906,0.562500,0.505469
100,49_001,0.622786,1.979663,0.682813,0.555469,0.706250,0.682813,0.667969,0.628125,0.555469,0.667969,0.496094,0.706250,0.628125,0.496094
100,49_010,0.661068,1.852426,0.696875,0.664844,0.635938,0.696875,0.646094,0.743750,0.664844,0.646094,0.578906,0.635938,0.743750,0.578906
100,49_011,0.575130,1.993182,0.557031,0.514062,0.591406,0.557031,0.585938,0.559375,0.514062,0.585938,0.642969,0.591406,0.559375,0.642969
100,49_100,0.773958,1.421525,0.849219,0.850000,0.661719,0.849219,0.960156,0.660937,0.850000,0.960156,0.661719,0.661719,0.660937,0.661719
100,49_101,0.669401,1.769117,0.708594,0.643750,0.552344,0.708594,0.746094,0.736719,0.643750,0.746094,0.628906,0.552344,0.736719,0.628906
100,49_110,0.714063,1.684458,0.796094,0.779687,0.635938,0.796094,0.756250,0.639844,0.779687,0.756250,0.676562,0.635938,0.639844,0.676562
100,49_codon,0.691797,1.770823,0.704688,0.721875,0.726562,0.704688,0.705469,0.628906,0.721875,0.705469,0.663281,0.726562,0.628906,0.663281
100,4_001,0.612370,1.982197,0.678906,0.552344,0.603906,0.678906,0.534375,0.587500,0.552344,0.534375,0.717187,0.603906,0.587500,0.717187
100,4_010,0.638672,1.930314,0.548438,0.617188,0.689844,0.548438,0.700000,0.590625,0.617188,0.700000,0.685937,0.689844,0.590625,0.685937
100,4_011,0.628776,1.974218,0.685937,0.510938,0.637500,0.685937,0.588281,0.711719,0.510938,0.588281,0.638281,0.637500,0.711719,0.638281
100,4_100,0.773828,1.421062,0.848437,0.662500,0.847656,0.848437,0.662500,0.960156,0.662500,0.662500,0.661719,0.847656,0.960156,0.661719
100,4_101,0.720182,1.642323,0.823438,0.601562,0.803906,0.823438,0.640625,0.816406,0.601562,0.640625,0.635156,0.803906,0.816406,0.635156
100,4_110,0.699479,1.693833,0.742969,0.638281,0.698438,0.742969,0.681250,0.783594,0.638281,0.681250,0.652344,0.698438,0.783594,0.652344
100,4_codon,0.681641,1.796762,0.653125,0.601562,0.692187,0.653125,0.775000,0.719531,0.601562,0.775000,0.648438,0.692187,0.719531,0.648438
100,5,0.556250,1.986007,0.517969,0.584375,0.533594,0.517969,0.607812,0.564063,0.584375,0.607812,0.529687,0.533594,0.564063,0.529687
100,50,0.553646,1.989366,0.531250,0.590625,0.597656,0.531250,0.535156,0.517969,0.590625,0.535156,0.549219,0.597656,0.517969,0.549219
100,50_001,0.619401,1.983689,0.696094,0.492188,0.640625,0.696094,0.552344,0.674219,0.492188,0.552344,0.660937,0.640625,0.674219,0.660937
100,50_010,0.634115,1.970687,0.676562,0.624219,0.671875,0.676562,0.527344,0.578125,0.624219,0.527344,0.726562,0.671875,0.578125,0.726562
100,50_011,0.613411,1.987377,0.501563,0.553125,0.748437,0.501563,0.723437,0.550000,0.553125,0.723437,0.603906,0.748437,0.550000,0.603906
100,50_100,0.770052,1.454554,0.846875,0.944531,0.660937,0.846875,0.846875,0.661719,0.944531,0.846875,0.659375,0.660937,0.661719,0.659375
100,50_101,0.692578,1.714983,0.662500,0.719531,0.783594,0.662500,0.557813,0.664062,0.719531,0.557813,0.767969,0.783594,0.664062,0.767969
100,50_110,0.714063,1.654370,0.657031,0.612500,0.720313,0.657031,0.760938,0.832812,0.612500,0.760938,0.700781,0.720313,0.832812,0.700781
100,50_codon,0.708984,1.653805,0.635938,0.810937,0.783594,0.635938,0.617969,0.663281,0.810937,0.617969,0.742188,0.783594,0.663281,0.742188
100,51,0.549219,1.996550,0.523438,0.526563,0.552344,0.523438,0.547656,0.550781,0.526563,0.547656,0.594531,0.552344,0.550781,0.594531
100,51_001,0.615365,1.979625,0.551562,0.664844,0.703906,0.551562,0.662500,0.504687,0.664844,0.662500,0.604688,0.703906,0.504687,0.604688
100,51_010,0.663932,1.864243,0.648438,0.585938,0.672656,0.648438,0.736719,0.700000,0.585938,0.736719,0.639844,0.672656,0.700000,0.639844
100,51_011,0.608854,1.998979,0.728125,0.532813,0.529687,0.728125,0.573438,0.571094,0.532813,0.573438,0.717969,0.529687,0.571094,0.717969
100,51_100,0.770182,1.453878,0.846094,0.660156,0.846875,0.846094,0.660937,0.946875,0.660156,0.660937,0.660156,0.846875,0.946875,0.660156
100,51_101,0.660547,1.853739,0.634375,0.712500,0.678906,0.634375,0.655469,0.554688,0.712500,0.655469,0.727344,0.678906,0.554688,0.727344
100,51_110,0.732943,1.642615,0.825000,0.831250,0.649219,0.825000,0.802344,0.657031,0.831250,0.802344,0.632812,0.649219,0.657031,0.632812
100,51_codon,0.673047,1.827719,0.600000,0.703125,0.649219,0.600000,0.644531,0.755469,0.703125,0.644531,0.685937,0.649219,0.755469,0.685937
100,52,0.561068,1.955084,0.589844,0.492188,0.626563,0.589844,0.508594,0.566406,0.492188,0.508594,0.582812,0.626563,0.566406,0.582812
100,52_001,0.613802,1.983105,0.641406,0.653906,0.503125,0.641406,0.677344,0.589063,0.653906,0.677344,0.617969,0.503125,0.589063,0.617969
100,52_010,0.638021,1.917573,0.539062,0.583594,0.690625,0.539062,0.685937,0.643750,0.583594,0.685937,0.685156,0.690625,0.643750,0.685156
100,52_011,0.625651,1.973769,0.708594,0.628906,0.625000,0.708594,0.584375,0.685937,0.628906,0.584375,0.521094,0.625000,0.685937,0.521094
100,52_100,0.775000,1.420127,0.850000,0.662500,0.962500,0.850000,0.662500,0.850000,0.662500,0.662500,0.662500,0.962500,0.850000,0.662500
100,52_101,0.668490,1.827009,0.709375,0.691406,0.525000,0.709375,0.787500,0.620313,0.691406,0.787500,0.677344,0.525000,0.620313,0.677344
100,52_110,0.685807,1.800767,0.726562,0.621875,0.696094,0.726562,0.644531,0.760938,0.621875,0.644531,0.664844,0.696094,0.760938,0.664844
100,52_codon,0.711979,1.708319,0.754687,0.661719,0.785156,0.754687,0.612500,0.774219,0.661719,0.612500,0.683594,0.785156,0.774219,0.683594
100,53,0.553125,1.994618,0.560937,0.526563,0.567969,0.560937,0.532031,0.577344,0.526563,0.532031,0.553906,0.567969,0.577344,0.553906
100,53_001,0.610026,1.976126,0.711719,0.527344,0.541406,0.711719,0.596875,0.604688,0.527344,0.596875,0.678125,0.541406,0.604688,0.678125
100,53_010,0.617448,1.971432,0.660156,0.631250,0.578906,0.660156,0.585938,0.536719,0.631250,0.585938,0.711719,0.578906,0.536719,0.711719
100,53_011,0.620182,1.999819,0.732812,0.557813,0.515625,0.732812,0.607812,0.569531,0.557813,0.607812,0.737500,0.515625,0.569531,0.737500
100,53_100,0.775000,1.420127,0.850000,0.662500,0.850000,0.850000,0.662500,0.962500,0.662500,0.662500,0.662500,0.850000,0.962500,0.662500
100,53_101,0.720703,1.561207,0.645312,0.767188,0.797656,0.645312,0.669531,0.653906,0.767188,0.669531,0.790625,0.797656,0.653906,0.790625
100,53_110,0.687370,1.781616,0.741406,0.676562,0.672656,0.741406,0.654687,0.692969,0.676562,0.654687,0.685937,0.672656,0.692969,0.685937
100,53_codon,0.676172,1.840635,0.622656,0.660156,0.665625,0.622656,0.673438,0.757812,0.660156,0.673438,0.677344,0.665625,0.757812,0.677344
100,54,0.557552,1.991055,0.589063,0.578906,0.502344,0.589063,0.590625,0.541406,0.578906,0.590625,0.542969,0.502344,0.541406,0.542969
100,54_001,0.618099,1.964436,0.707031,0.607812,0.573438,0.707031,0.579688,0.533594,0.607812,0.579688,0.707031,0.573438,0.533594,0.707031
100,54_010,0.652865,1.866020,0.665625,0.688281,0.622656,0.665625,0.632031,0.571094,0.688281,0.632031,0.737500,0.622656,0.571094,0.737500
100,54_011,0.583464,1.984412,0.575000,0.647656,0.538281,0.575000,0.560937,0.553125,0.647656,0.560937,0.625781,0.538281,0.553125,0.625781
100,54_100,0.774089,1.422819,0.961719,0.848437,0.662500,0.961719,0.848437,0.662500,0.848437,0.848437,0.660937,0.662500,0.662500,0.660937
100,54_101,0.668620,1.842416,0.665625,0.786719,0.694531,0.665625,0.627344,0.524219,0.786719,0.627344,0.713281,0.694531,0.524219,0.713281
100,54_110,0.684375,1.825026,0.619531,0.700000,0.681250,0.619531,0.655469,0.666406,0.700000,0.655469,0.783594,0.681250,0.666406,0.783594
100,54_codon,0.686979,1.761155,0.650000,0.699219,0.632812,0.650000,0.710938,0.660937,0.699219,0.710938,0.767969,0.632812,0.660937,0.767969
100,55,0.553646,1.934191,0.621875,0.575781,0.563281,0.621875,0.579688,0.492188,0.575781,0.579688,0.489062,0.563281,0.492188,0.489062
100,55_001,0.629948,1.962558,0.689844,0.564844,0.528125,0.689844,0.666406,0.622656,0.564844,0.666406,0.707812,0.528125,0.622656,0.707812
100,55_010,0.641797,1.926359,0.698438,0.589844,0.530469,0.698438,0.703906,0.650000,0.589844,0.703906,0.678125,0.530469,0.650000,0.678125
100,55_011,0.612370,1.994797,0.714063,0.628906,0.530469,0.714063,0.610938,0.507812,0.628906,0.610938,0.682031,0.530469,0.507812,0.682031
100,55_100,0.775000,1.420127,0.962500,0.850000,0.662500,0.962500,0.850000,0.662500,0.850000,0.850000,0.662500,0.662500,0.662500,0.662500
100,55_101,0.675130,1.754556,0.595313,0.639062,0.871875,0.595313,0.678125,0.608594,0.639062,0.678125,0.657813,0.871875,0.608594,0.657813
100,55_110,0.754036,1.500810,0.647656,0.931250,0.823438,0.647656,0.645312,0.646094,0.931250,0.645312,0.830469,0.823438,0.646094,0.830469
100,55_codon,0.687109,1.774415,0.660156,0.653125,0.685156,0.660156,0.676562,0.671094,0.653125,0.676562,0.776563,0.685156,0.671094,0.776563
100,56,0.560547,1.947658,0.529687,0.535937,0.503125,0.529687,0.629687,0.590625,0.535937,0.629687,0.574219,0.503125,0.590625,0.574219
100,56_001,0.622005,1.976541,0.553906,0.663281,0.708594,0.553906,0.678906,0.504687,0.663281,0.678906,0.622656,0.708594,0.504687,0.622656
100,56_010,0.651823,1.909745,0.688281,0.552344,0.657813,0.688281,0.607812,0.695312,0.552344,0.607812,0.709375,0.657813,0.695312,0.709375
100,56_011,0.593750,1.990097,0.521094,0.605469,0.502344,0.521094,0.610156,0.664844,0.605469,0.610156,0.658594,0.502344,0.664844,0.658594
100,56_100,0.775000,1.420127,0.662500,0.662500,0.662500,0.662500,0.850000,0.850000,0.662500,0.850000,0.962500,0.662500,0.850000,0.962500
100,56_101,0.679557,1.759917,0.694531,0.666406,0.576562,0.694531,0.764844,0.659375,0.666406,0.764844,0.715625,0.576562,0.659375,0.715625
100,56_110,0.758203,1.519823,0.646875,0.648438,0.661719,0.646875,0.935937,0.827344,0.648438,0.935937,0.828906,0.661719,0.827344,0.828906
100,56_codon,0.665625,1.806589,0.607812,0.707031,0.594531,0.607812,0.666406,0.635938,0.707031,0.666406,0.782031,0.594531,0.635938,0.782031
100,57,0.542969,1.991412,0.526563,0.570312,0.513281,0.526563,0.571875,0.521875,0.570312,0.571875,0.553906,0.513281,0.521875,0.553906
100,57_001,0.622005,1.965398,0.569531,0.676562,0.505469,0.569531,0.673438,0.700000,0.676562,0.673438,0.607031,0.505469,0.700000,0.607031
100,57_010,0.636328,1.932527,0.653906,0.671094,0.532031,0.653906,0.689844,0.688281,0.671094,0.689844,0.582812,0.532031,0.688281,0.582812
100,57_011,0.613021,1.998857,0.521875,0.546094,0.731250,0.521875,0.730469,0.562500,0.546094,0.730469,0.585938,0.731250,0.562500,0.585938
100,57_100,0.767708,1.475769,0.662500,0.843750,0.850000,0.662500,0.656250,0.662500,0.843750,0.656250,0.931250,0.850000,0.662500,0.931250
100,57_101,0.657031,1.828863,0.679688,0.641406,0.714844,0.679688,0.672656,0.627344,0.641406,0.672656,0.606250,0.714844,0.627344,0.606250
100,57_110,0.699609,1.729000,0.652344,0.652344,0.826562,0.652344,0.665625,0.688281,0.652344,0.665625,0.712500,0.826562,0.688281,0.712500
100,57_codon,0.702865,1.714508,0.747656,0.647656,0.731250,0.747656,0.639062,0.787500,0.647656,0.639062,0.664062,0.731250,0.787500,0.664062
100,58,0.567187,1.988672,0.564844,0.593750,0.521875,0.564844,0.589063,0.574219,0.593750,0.589063,0.559375,0.521875,0.574219,0.559375
100,58_001,0.609766,1.977158,0.682813,0.603125,0.650000,0.682813,0.702344,0.538281,0.603125,0.702344,0.482031,0.650000,0.538281,0.482031
100,58_010,0.646094,1.902614,0.652344,0.721875,0.635156,0.652344,0.598437,0.676562,0.721875,0.598437,0.592187,0.635156,0.676562,0.592187
100,58_011,0.613542,1.992830,0.623437,0.671875,0.643750,0.623437,0.709375,0.495313,0.671875,0.709375,0.537500,0.643750,0.495313,0.537500
100,58_100,0.745573,1.499477,0.945312,0.722656,0.732812,0.945312,0.725000,0.732812,0.722656,0.725000,0.614844,0.732812,0.732812,0.614844
100,58_101,0.703255,1.640585,0.706250,0.610156,0.678906,0.706250,0.667188,0.903906,0.610156,0.667188,0.653125,0.678906,0.903906,0.653125
100,58_110,0.720573,1.589357,0.725781,0.691406,0.653125,0.725781,0.898438,0.696094,0.691406,0.898438,0.658594,0.653125,0.696094,0.658594
100,58_codon,0.682943,1.774831,0.643750,0.686719,0.617969,0.643750,0.683594,0.660937,0.686719,0.683594,0.804688,0.617969,0.660937,0.804688
100,59,0.549219,1.981230,0.498437,0.535156,0.596094,0.498437,0.537500,0.592187,0.535156,0.537500,0.535937,0.596094,0.592187,0.535937
100,59_001,0.611589,1.982307,0.519531,0.653906,0.520312,0.519531,0.642188,0.696094,0.653906,0.642188,0.637500,0.520312,0.696094,0.637500
100,59_010,0.646745,1.889229,0.674219,0.611719,0.560937,0.674219,0.694531,0.617188,0.611719,0.694531,0.721875,0.560937,0.617188,0.721875
100,59_011,0.603385,1.990677,0.642969,0.663281,0.596875,0.642969,0.583594,0.646094,0.663281,0.583594,0.487500,0.596875,0.646094,0.487500
100,59_100,0.775000,1.420127,0.850000,0.662500,0.850000,0.850000,0.662500,0.962500,0.662500,0.662500,0.662500,0.850000,0.962500,0.662500
100,59_101,0.747917,1.522376,0.649219,0.661719,0.626563,0.649219,0.839844,0.903125,0.661719,0.839844,0.807031,0.626563,0.903125,0.807031
100,59_110,0.695573,1.721791,0.681250,0.705469,0.624219,0.681250,0.726562,0.763281,0.705469,0.726562,0.672656,0.624219,0.763281,0.672656
100,59_codon,0.653385,1.927748,0.623437,0.704688,0.588281,0.623437,0.650781,0.721875,0.704688,0.650781,0.631250,0.588281,0.721875,0.631250
100,5_001,0.613932,1.980223,0.489062,0.627344,0.689844,0.489062,0.660156,0.546094,0.627344,0.660156,0.671094,0.689844,0.546094,0.671094
100,5_010,0.646745,1.891862,0.678906,0.664062,0.616406,0.678906,0.614062,0.581250,0.664062,0.614062,0.725781,0.616406,0.581250,0.725781
100,5_011,0.612760,1.991820,0.540625,0.673438,0.707031,0.540625,0.644531,0.493750,0.673438,0.644531,0.617188,0.707031,0.493750,0.617188
100,5_100,0.775000,1.420127,0.850000,0.662500,0.850000,0.850000,0.662500,0.962500,0.662500,0.662500,0.662500,0.850000,0.962500,0.662500
100,5_101,0.711979,1.596740,0.676562,0.681250,0.806250,0.676562,0.593750,0.786719,0.681250,0.593750,0.727344,0.806250,0.786719,0.727344
100,5_110,0.697135,1.720815,0.674219,0.753125,0.707812,0.674219,0.687500,0.615625,0.753125,0.687500,0.744531,0.707812,0.615625,0.744531
100,5_codon,0.701172,1.695894,0.650781,0.678125,0.652344,0.650781,0.703906,0.672656,0.678125,0.703906,0.849219,0.652344,0.672656,0.849219
100,6,0.545833,1.975126,0.513281,0.544531,0.475781,0.513281,0.585938,0.612500,0.544531,0.585938,0.542969,0.475781,0.612500,0.542969
100,60,0.551953,1.936921,0.542969,0.606250,0.538281,0.542969,0.550000,0.530469,0.606250,0.550000,0.543750,0.538281,0.530469,0.543750
100,60_001,0.618880,1.962142,0.663281,0.699219,0.557031,0.663281,0.611719,0.667969,0.699219,0.611719,0.514062,0.557031,0.667969,0.514062
100,60_010,0.655599,1.886780,0.610938,0.725000,0.573438,0.610938,0.682813,0.692969,0.725000,0.682813,0.648438,0.573438,0.692969,0.648438
100,60_011,0.601823,1.984742,0.621875,0.622656,0.634375,0.621875,0.628906,0.607031,0.622656,0.628906,0.496094,0.634375,0.607031,0.496094
100,60_100,0.772005,1.424683,0.958594,0.844531,0.660156,0.958594,0.847656,0.661719,0.844531,0.847656,0.659375,0.660156,0.661719,0.659375
100,60_101,0.667188,1.777613,0.607812,0.635938,0.843750,0.607812,0.660937,0.615625,0.635938,0.660937,0.639062,0.843750,0.615625,0.639062
100,60_110,0.729948,1.560122,0.738281,0.911719,0.650000,0.738281,0.759375,0.642969,0.911719,0.759375,0.677344,0.650000,0.642969,0.677344
100,60_codon,0.623828,1.960347,0.604688,0.637500,0.625000,0.604688,0.603906,0.646875,0.637500,0.603906,0.625000,0.625000,0.646875,0.625000
100,61,0.549609,1.964407,0.553125,0.495313,0.531250,0.553125,0.596875,0.588281,0.495313,0.596875,0.532813,0.531250,0.588281,0.532813
100,61_001,0.614193,1.976450,0.697656,0.551562,0.666406,0.697656,0.487500,0.617188,0.551562,0.487500,0.664844,0.666406,0.617188,0.664844
100,61_010,0.626693,1.972886,0.545312,0.658594,0.496094,0.545312,0.690625,0.709375,0.658594,0.690625,0.660156,0.496094,0.709375,0.660156
100,61_011,0.596615,1.970781,0.679688,0.546094,0.579688,0.679688,0.592187,0.542969,0.546094,0.592187,0.639062,0.579688,0.542969,0.639062
100,61_100,0.775000,1.420127,0.662500,0.662500,0.662500,0.662500,0.850000,0.962500,0.662500,0.850000,0.850000,0.662500,0.962500,0.850000
100,61_101,0.665625,1.793858,0.698438,0.594531,0.586719,0.698438,0.635156,0.627344,0.594531,0.635156,0.851562,0.586719,0.627344,0.851562
100,61_110,0.718620,1.639401,0.682031,0.657031,0.681250,0.682031,0.697656,0.898438,0.657031,0.697656,0.695312,0.681250,0.898438,0.695312
100,61_codon,0.700000,1.703595,0.654687,0.662500,0.656250,0.654687,0.672656,0.885156,0.662500,0.672656,0.668750,0.656250,0.885156,0.668750
100,62,0.566406,1.901379,0.558594,0.585156,0.556250,0.558594,0.553906,0.560937,0.585156,0.553906,0.583594,0.556250,0.560937,0.583594
100,62_001,0.619401,1.968527,0.542188,0.678906,0.693750,0.542188,0.671875,0.491406,0.678906,0.671875,0.638281,0.693750,0.491406,0.638281
100,62_010,0.643099,1.931563,0.635938,0.701562,0.678906,0.635938,0.553906,0.701562,0.701562,0.553906,0.586719,0.678906,0.701562,0.586719
100,62_011,0.619792,1.998647,0.556250,0.515625,0.738281,0.556250,0.735156,0.604688,0.515625,0.735156,0.568750,0.738281,0.604688,0.568750
100,62_100,0.775000,1.420127,0.850000,0.850000,0.662500,0.850000,0.962500,0.662500,0.850000,0.962500,0.662500,0.662500,0.662500,0.662500
100,62_101,0.740755,1.563152,0.796875,0.839063,0.661719,0.796875,0.872656,0.621875,0.839063,0.872656,0.652344,0.661719,0.621875,0.652344
100,62_110,0.697005,1.705070,0.597656,0.695312,0.623437,0.597656,0.700781,0.703125,0.695312,0.700781,0.861719,0.623437,0.703125,0.861719
100,62_codon,0.669271,1.812944,0.605469,0.686719,0.624219,0.605469,0.652344,0.654687,0.686719,0.652344,0.792188,0.624219,0.654687,0.792188
100,63,0.537500,1.985961,0.540625,0.528125,0.559375,0.540625,0.603125,0.486719,0.528125,0.603125,0.507031,0.559375,0.486719,0.507031
100,63_001,0.615625,1.972910,0.475000,0.549219,0.661719,0.475000,0.704688,0.609375,0.549219,0.704688,0.693750,0.661719,0.609375,0.693750
100,63_010,0.631510,1.945667,0.535156,0.696094,0.593750,0.535156,0.614062,0.693750,0.696094,0.614062,0.656250,0.593750,0.693750,0.656250
100,63_011,0.619661,1.983291,0.683594,0.580469,0.711719,0.683594,0.485938,0.629687,0.580469,0.485938,0.626563,0.711719,0.629687,0.626563
100,63_100,0.773958,1.421525,0.849219,0.850000,0.661719,0.849219,0.960156,0.660937,0.850000,0.960156,0.661719,0.661719,0.660937,0.661719
100,63_101,0.744792,1.537332,0.836719,0.803125,0.656250,0.836719,0.900000,0.646875,0.803125,0.900000,0.625781,0.656250,0.646875,0.625781
100,63_110,0.729688,1.627817,0.821875,0.816406,0.642969,0.821875,0.811719,0.647656,0.816406,0.811719,0.637500,0.642969,0.647656,0.637500
100,63_codon,0.697266,1.746254,0.610938,0.680469,0.612500,0.610938,0.779687,0.734375,0.680469,0.779687,0.765625,0.612500,0.734375,0.765625
100,64,0.550911,1.951844,0.596094,0.541406,0.558594,0.596094,0.576562,0.532813,0.541406,0.576562,0.500000,0.558594,0.532813,0.500000
100,64_001,0.618880,1.974317,0.663281,0.671094,0.614062,0.663281,0.559375,0.700000,0.671094,0.559375,0.505469,0.614062,0.700000,0.505469
100,64_010,0.639193,1.929849,0.626563,0.696094,0.553906,0.626563,0.670312,0.700000,0.696094,0.670312,0.588281,0.553906,0.700000,0.588281
100,64_011,0.603516,1.989566,0.592969,0.617188,0.650781,0.592969,0.650000,0.517188,0.617188,0.650000,0.592969,0.650781,0.517188,0.592969
100,64_100,0.775000,1.420127,0.850000,0.962500,0.662500,0.850000,0.850000,0.662500,0.962500,0.850000,0.662500,0.662500,0.662500,0.662500
100,64_101,0.752214,1.524319,0.842969,0.925781,0.639062,0.842969,0.833594,0.642969,0.925781,0.833594,0.628906,0.639062,0.642969,0.628906
100,64_110,0.707812,1.688971,0.623437,0.705469,0.733594,0.623437,0.699219,0.688281,0.705469,0.699219,0.796875,0.733594,0.688281,0.796875
100,64_codon,0.666536,1.817779,0.701562,0.677344,0.661719,0.701562,0.623437,0.653906,0.677344,0.623437,0.681250,0.661719,0.653906,0.681250
100,65,0.594141,1.892232,0.578125,0.650000,0.546094,0.578125,0.587500,0.568750,0.650000,0.587500,0.634375,0.546094,0.568750,0.634375
100,65_001,0.631120,1.958286,0.525000,0.589063,0.684375,0.525000,0.707031,0.609375,0.589063,0.707031,0.671875,0.684375,0.609375,0.671875
100,65_010,0.635156,1.949247,0.668750,0.691406,0.571094,0.668750,0.663281,0.529687,0.691406,0.663281,0.686719,0.571094,0.529687,0.686719
100,65_011,0.580729,1.947709,0.600000,0.529687,0.510938,0.600000,0.594531,0.610156,0.529687,0.594531,0.639062,0.510938,0.610156,0.639062
100,65_100,0.750391,1.507905,0.624219,0.771875,0.767188,0.624219,0.697656,0.694531,0.771875,0.697656,0.946875,0.767188,0.694531,0.946875
100,65_101,0.731641,1.537667,0.623437,0.719531,0.732031,0.623437,0.686719,0.699219,0.719531,0.686719,0.928906,0.732031,0.699219,0.928906
100,65_110,0.743099,1.571694,0.655469,0.864844,0.802344,0.655469,0.647656,0.637500,0.864844,0.647656,0.850781,0.802344,0.637500,0.850781
100,65_codon,0.668229,1.836388,0.643750,0.714063,0.613281,0.643750,0.682813,0.631250,0.714063,0.682813,0.724219,0.613281,0.631250,0.724219
100,66,0.557943,1.974352,0.564063,0.582812,0.545312,0.564063,0.583594,0.539844,0.582812,0.583594,0.532031,0.545312,0.539844,0.532031
100,66_001,0.616406,1.981189,0.487500,0.610156,0.709375,0.487500,0.666406,0.548438,0.610156,0.666406,0.676562,0.709375,0.548438,0.676562
100,66_010,0.634505,1.942503,0.594531,0.696094,0.647656,0.594531,0.544531,0.697656,0.696094,0.544531,0.626563,0.647656,0.697656,0.626563
100,66_011,0.620573,1.979297,0.511719,0.659375,0.634375,0.511719,0.621875,0.618750,0.659375,0.621875,0.677344,0.634375,0.618750,0.677344
100,66_100,0.772266,1.452014,0.949219,0.848437,0.660937,0.949219,0.850000,0.662500,0.848437,0.850000,0.662500,0.660937,0.662500,0.662500
100,66_101,0.737630,1.577189,0.812500,0.796094,0.660937,0.812500,0.909375,0.630469,0.796094,0.909375,0.616406,0.660937,0.630469,0.616406
100,66_110,0.679036,1.726514,0.667969,0.610156,0.666406,0.667969,0.682813,0.803125,0.610156,0.682813,0.643750,0.666406,0.803125,0.643750
100,66_codon,0.674219,1.787349,0.627344,0.609375,0.676562,0.627344,0.772656,0.698438,0.609375,0.772656,0.660937,0.676562,0.698438,0.660937
100,67,0.562891,1.956201,0.582812,0.501563,0.601562,0.582812,0.556250,0.545312,0.501563,0.556250,0.589844,0.601562,0.545312,0.589844
100,67_001,0.620573,1.967162,0.514844,0.563281,0.678125,0.514844,0.695312,0.615625,0.563281,0.695312,0.656250,0.678125,0.615625,0.656250
100,67_010,0.668880,1.834234,0.675000,0.650000,0.601562,0.675000,0.680469,0.648438,0.650000,0.680469,0.757812,0.601562,0.648438,0.757812
100,67_011,0.614583,1.999928,0.717187,0.556250,0.603125,0.717187,0.514844,0.562500,0.556250,0.514844,0.733594,0.603125,0.562500,0.733594
100,67_100,0.775000,1.420127,0.850000,0.662500,0.962500,0.850000,0.662500,0.850000,0.662500,0.662500,0.662500,0.962500,0.850000,0.662500
100,67_101,0.709505,1.654618,0.632812,0.760938,0.786719,0.632812,0.600781,0.625000,0.760938,0.600781,0.850781,0.786719,0.625000,0.850781
100,67_110,0.687109,1.796991,0.707812,0.809375,0.699219,0.707812,0.675000,0.557031,0.809375,0.675000,0.674219,0.699219,0.557031,0.674219
100,67_codon,0.657031,1.828388,0.596094,0.635938,0.716406,0.596094,0.664844,0.680469,0.635938,0.664844,0.648438,0.716406,0.680469,0.648438
100,68,0.582552,1.939079,0.573438,0.534375,0.578125,0.573438,0.612500,0.630469,0.534375,0.612500,0.566406,0.578125,0.630469,0.566406
100,68_001,0.612109,1.981297,0.512500,0.580469,0.703125,0.512500,0.702344,0.543750,0.580469,0.702344,0.630469,0.703125,0.543750,0.630469
100,68_010,0.641797,1.926537,0.542188,0.690625,0.634375,0.542188,0.578906,0.699219,0.690625,0.578906,0.705469,0.634375,0.699219,0.705469
100,68_011,0.601562,1.982900,0.598437,0.622656,0.691406,0.598437,0.510156,0.657031,0.622656,0.510156,0.529687,0.691406,0.657031,0.529687
100,68_100,0.753125,1.484698,0.618750,0.728125,0.728125,0.618750,0.740625,0.740625,0.728125,0.740625,0.962500,0.728125,0.740625,0.962500
100,68_101,0.733203,1.583094,0.659375,0.623437,0.612500,0.659375,0.802344,0.798438,0.623437,0.802344,0.903125,0.612500,0.798438,0.903125
100,68_110,0.747917,1.549480,0.650000,0.641406,0.654687,0.650000,0.869531,0.814844,0.641406,0.869531,0.857031,0.654687,0.814844,0.857031
100,68_codon,0.695703,1.785306,0.619531,0.651563,0.735938,0.619531,0.650781,0.738281,0.651563,0.650781,0.778125,0.735938,0.738281,0.778125
100,69,0.564583,1.988510,0.589063,0.517969,0.527344,0.589063,0.628125,0.571094,0.517969,0.628125,0.553906,0.527344,0.571094,0.553906
100,69_001,0.602344,1.988371,0.586719,0.489062,0.585156,0.586719,0.634375,0.671875,0.489062,0.634375,0.646875,0.585156,0.671875,0.646875
100,69_010,0.646484,1.933139,0.538281,0.697656,0.576562,0.538281,0.678906,0.690625,0.697656,0.678906,0.696875,0.576562,0.690625,0.696875
100,69_011,0.601042,1.977665,0.668750,0.621094,0.517188,0.668750,0.607031,0.622656,0.621094,0.607031,0.569531,0.517188,0.622656,0.569531
100,69_100,0.775000,1.420127,0.662500,0.662500,0.662500,0.662500,0.850000,0.850000,0.662500,0.850000,0.962500,0.662500,0.850000,0.962500
100,69_101,0.662760,1.830671,0.635156,0.685156,0.584375,0.635156,0.658594,0.789844,0.685156,0.658594,0.623437,0.584375,0.789844,0.623437
100,69_110,0.700391,1.723928,0.621094,0.763281,0.742188,0.621094,0.677344,0.640625,0.763281,0.677344,0.757812,0.742188,0.640625,0.757812
100,69_codon,0.716536,1.607048,0.635156,0.631250,0.667969,0.635156,0.735156,0.778906,0.631250,0.735156,0.850781,0.667969,0.778906,0.850781
100,6_001,0.618099,1.959996,0.676562,0.668750,0.609375,0.676562,0.563281,0.507812,0.668750,0.563281,0.682813,0.609375,0.507812,0.682813
100,6_010,0.650521,1.893151,0.621875,0.651563,0.695312,0.621875,0.571875,0.717187,0.651563,0.571875,0.645312,0.695312,0.717187,0.645312
100,6_011,0.579036,1.994841,0.594531,0.549219,0.642188,0.594531,0.600000,0.539844,0.549219,0.600000,0.548438,0.642188,0.539844,0.548438
100,6_100,0.760156,1.465002,0.659375,0.657031,0.649219,0.659375,0.861719,0.916406,0.657031,0.861719,0.817187,0.649219,0.916406,0.817187
100,6_101,0.723958,1.597922,0.893750,0.642969,0.794531,0.893750,0.635156,0.773438,0.642969,0.635156,0.603906,0.794531,0.773438,0.603906
100,6_110,0.754818,1.506101,0.830469,0.824219,0.653125,0.830469,0.925781,0.648438,0.824219,0.925781,0.646875,0.653125,0.648438,0.646875
100,6_codon,0.676042,1.829708,0.667188,0.694531,0.605469,0.667188,0.694531,0.749219,0.694531,0.694531,0.645312,0.605469,0.749219,0.645312
100,7,0.535286,1.989090,0.557813,0.582812,0.550000,0.557813,0.467969,0.494531,0.582812,0.467969,0.558594,0.550000,0.494531,0.558594
100,70,0.556641,1.936135,0.600000,0.615625,0.544531,0.600000,0.533594,0.532031,0.615625,0.533594,0.514062,0.544531,0.532031,0.514062
100,70_001,0.617318,1.976083,0.612500,0.703906,0.498437,0.612500,0.663281,0.667969,0.703906,0.663281,0.557813,0.498437,0.667969,0.557813
100,70_010,0.670964,1.805869,0.621094,0.799219,0.673438,0.621094,0.617188,0.661719,0.799219,0.617188,0.653125,0.673438,0.661719,0.653125
100,70_011,0.566146,1.993972,0.535937,0.649219,0.535156,0.535937,0.566406,0.550781,0.649219,0.566406,0.559375,0.535156,0.550781,0.559375
100,70_100,0.751302,1.488720,0.738281,0.959375,0.727344,0.738281,0.738281,0.617188,0.959375,0.738281,0.727344,0.727344,0.617188,0.727344
100,70_101,0.741406,1.564227,0.842187,0.857031,0.660156,0.842187,0.815625,0.654687,0.857031,0.815625,0.618750,0.660156,0.654687,0.618750
100,70_110,0.715755,1.629577,0.675781,0.885938,0.718750,0.675781,0.663281,0.647656,0.885938,0.663281,0.703125,0.718750,0.647656,0.703125
100,70_codon,0.671094,1.866528,0.614844,0.592187,0.645312,0.614844,0.677344,0.747656,0.592187,0.677344,0.749219,0.645312,0.747656,0.749219
100,71,0.530339,1.995994,0.529687,0.554688,0.517969,0.529687,0.540625,0.535937,0.554688,0.540625,0.503125,0.517969,0.535937,0.503125
100,71_001,0.625000,1.969432,0.676562,0.566406,0.696875,0.676562,0.678125,0.617969,0.566406,0.678125,0.514062,0.696875,0.617969,0.514062
100,71_010,0.648047,1.898892,0.711719,0.557031,0.613281,0.711719,0.648438,0.696875,0.557031,0.648438,0.660937,0.613281,0.696875,0.660937
100,71_011,0.600000,1.978116,0.590625,0.634375,0.619531,0.590625,0.589844,0.636719,0.634375,0.589844,0.528906,0.619531,0.636719,0.528906
100,71_100,0.775000,1.420127,0.662500,0.662500,0.662500,0.662500,0.850000,0.962500,0.662500,0.850000,0.850000,0.662500,0.962500,0.850000
100,71_101,0.665495,1.846555,0.694531,0.531250,0.717187,0.694531,0.670312,0.772656,0.531250,0.670312,0.607031,0.717187,0.772656,0.607031
100,71_110,0.719661,1.585030,0.706250,0.900000,0.666406,0.706250,0.717187,0.648438,0.900000,0.717187,0.679688,0.666406,0.648438,0.679688
100,71_codon,0.684375,1.776026,0.653125,0.690625,0.730469,0.653125,0.610156,0.745313,0.690625,0.610156,0.676562,0.730469,0.745313,0.676562
100,72,0.567057,1.979375,0.561719,0.586719,0.615625,0.561719,0.525000,0.561719,0.586719,0.525000,0.551562,0.615625,0.561719,0.551562
100,72_001,0.621484,1.955482,0.672656,0.678906,0.636719,0.672656,0.551562,0.689063,0.678906,0.551562,0.500000,0.636719,0.689063,0.500000
100,72_010,0.635677,1.947230,0.584375,0.695312,0.677344,0.584375,0.527344,0.696875,0.695312,0.527344,0.632812,0.677344,0.696875,0.632812
100,72_011,0.618099,1.999134,0.617188,0.727344,0.559375,0.617188,0.570312,0.724219,0.727344,0.570312,0.510156,0.559375,0.724219,0.510156
100,72_100,0.772266,1.452014,0.662500,0.850000,0.949219,0.662500,0.662500,0.660937,0.850000,0.662500,0.848437,0.949219,0.660937,0.848437
100,72_101,0.650260,1.910825,0.671875,0.709375,0.679688,0.671875,0.554688,0.725000,0.709375,0.554688,0.560937,0.679688,0.725000,0.560937
100,72_110,0.723698,1.583078,0.906250,0.732031,0.667969,0.906250,0.722656,0.654687,0.732031,0.722656,0.658594,0.667969,0.654687,0.658594
100,72_codon,0.675391,1.824217,0.639844,0.699219,0.691406,0.639844,0.607031,0.750781,0.699219,0.607031,0.664062,0.691406,0.750781,0.664062
100,73,0.558333,1.976804,0.516406,0.575000,0.550781,0.516406,0.567187,0.576562,0.575000,0.567187,0.564063,0.550781,0.576562,0.564063
100,73_001,0.620313,1.965591,0.550781,0.678125,0.696094,0.550781,0.671094,0.508594,0.678125,0.671094,0.617188,0.696094,0.508594,0.617188
100,73_010,0.639323,1.917580,0.657813,0.649219,0.534375,0.657813,0.691406,0.587500,0.649219,0.691406,0.715625,0.534375,0.587500,0.715625
100,73_011,0.620833,1.987667,0.712500,0.592187,0.550000,0.712500,0.585938,0.542188,0.592187,0.585938,0.742188,0.550000,0.542188,0.742188
100,73_100,0.771875,1.450376,0.849219,0.950000,0.661719,0.849219,0.847656,0.662500,0.950000,0.847656,0.660156,0.661719,0.662500,0.660156
100,73_101,0.711589,1.628092,0.717187,0.722656,0.567187,0.717187,0.921094,0.668750,0.722656,0.921094,0.672656,0.567187,0.668750,0.672656
100,73_110,0.687500,1.742524,0.685937,0.674219,0.619531,0.685937,0.724219,0.664062,0.674219,0.724219,0.757031,0.619531,0.664062,0.757031
100,73_codon,0.664583,1.808390,0.659375,0.655469,0.611719,0.659375,0.655469,0.664844,0.655469,0.655469,0.740625,0.611719,0.664844,0.740625
100,74,0.528385,1.989222,0.503906,0.546094,0.628906,0.503906,0.519531,0.442969,0.546094,0.519531,0.528906,0.628906,0.442969,0.528906
100,74_001,0.613281,1.980375,0.672656,0.615625,0.651563,0.672656,0.696875,0.546875,0.615625,0.696875,0.496094,0.651563,0.546875,0.496094
100,74_010,0.643359,1.930041,0.628125,0.700000,0.682031,0.628125,0.550781,0.703906,0.700000,0.550781,0.595313,0.682031,0.703906,0.595313
100,74_011,0.596745,1.999597,0.534375,0.698438,0.569531,0.534375,0.519531,0.707812,0.698438,0.519531,0.550781,0.569531,0.707812,0.550781
100,74_100,0.775000,1.420127,0.662500,0.850000,0.850000,0.662500,0.662500,0.662500,0.850000,0.662500,0.962500,0.850000,0.662500,0.962500
100,74_101,0.741406,1.531689,0.635938,0.838281,0.889062,0.635938,0.621094,0.620313,0.838281,0.621094,0.843750,0.889062,0.620313,0.843750
100,74_110,0.723568,1.617227,0.661719,0.687500,0.700000,0.661719,0.684375,0.688281,0.687500,0.684375,0.919531,0.700000,0.688281,0.919531
100,74_codon,0.656250,1.901372,0.608594,0.628906,0.696094,0.608594,0.649219,0.664062,0.628906,0.649219,0.690625,0.696094,0.664062,0.690625
100,75,0.551172,1.983767,0.550000,0.549219,0.547656,0.550000,0.517969,0.592187,0.549219,0.517969,0.550000,0.547656,0.592187,0.550000
100,75_001,0.620573,1.967560,0.626563,0.669531,0.690625,0.626563,0.494531,0.698438,0.669531,0.494531,0.543750,0.690625,0.698438,0.543750
100,75_010,0.628255,1.954113,0.567969,0.678125,0.521875,0.567969,0.698438,0.690625,0.678125,0.698438,0.612500,0.521875,0.690625,0.612500
100,75_011,0.585026,1.994520,0.595313,0.550000,0.663281,0.595313,0.584375,0.616406,0.550000,0.584375,0.500781,0.663281,0.616406,0.500781
100,75_100,0.775000,1.420127,0.662500,0.662500,0.662500,0.662500,0.962500,0.850000,0.662500,0.962500,0.850000,0.662500,0.850000,0.850000
100,75_101,0.678255,1.743096,0.631250,0.636719,0.692187,0.631250,0.871094,0.619531,0.636719,0.871094,0.618750,0.692187,0.619531,0.618750
100,75_110,0.753776,1.531550,0.642969,0.821875,0.930469,0.642969,0.654687,0.646875,0.821875,0.654687,0.825781,0.930469,0.646875,0.825781
100,75_codon,0.680208,1.762506,0.687500,0.650000,0.663281,0.687500,0.664062,0.716406,0.650000,0.664062,0.700000,0.663281,0.716406,0.700000
100,76,0.547917,1.972538,0.534375,0.537500,0.586719,0.534375,0.544531,0.549219,0.537500,0.544531,0.535156,0.586719,0.549219,0.535156
100,76_001,0.630208,1.953428,0.575000,0.689844,0.528906,0.575000,0.664844,0.706250,0.689844,0.664844,0.616406,0.528906,0.706250,0.616406
100,76_010,0.654818,1.874757,0.725781,0.614062,0.552344,0.725781,0.717187,0.648438,0.614062,0.717187,0.671094,0.552344,0.648438,0.671094
100,76_011,0.608724,1.995568,0.514062,0.714844,0.553906,0.514062,0.552344,0.729688,0.714844,0.552344,0.587500,0.553906,0.729688,0.587500
100,76_100,0.775000,1.420127,0.850000,0.850000,0.662500,0.850000,0.962500,0.662500,0.850000,0.962500,0.662500,0.662500,0.662500,0.662500
100,76_101,0.679688,1.720955,0.832812,0.665625,0.590625,0.832812,0.699219,0.634375,0.665625,0.699219,0.655469,0.590625,0.634375,0.655469
100,76_110,0.749479,1.550292,0.658594,0.827344,0.846875,0.658594,0.656250,0.642969,0.827344,0.656250,0.864844,0.846875,0.642969,0.864844
100,76_codon,0.663021,1.857649,0.582031,0.710938,0.611719,0.582031,0.670312,0.660156,0.710938,0.670312,0.742969,0.611719,0.660156,0.742969
100,77,0.560417,1.967324,0.596094,0.576562,0.577344,0.596094,0.605469,0.491406,0.576562,0.605469,0.515625,0.577344,0.491406,0.515625
100,77_001,0.616797,1.982100,0.662500,0.670312,0.620313,0.662500,0.548438,0.696875,0.670312,0.548438,0.502344,0.620313,0.696875,0.502344
100,77_010,0.634635,1.939870,0.585156,0.525000,0.691406,0.585156,0.669531,0.685937,0.525000,0.669531,0.650781,0.691406,0.685937,0.650781
100,77_011,0.611849,1.997717,0.577344,0.581250,0.736719,0.577344,0.707812,0.533594,0.581250,0.707812,0.534375,0.736719,0.533594,0.534375
100,77_100,0.752083,1.490448,0.959375,0.750000,0.714063,0.959375,0.750781,0.714844,0.750000,0.750781,0.623437,0.714063,0.714844,0.623437
100,77_101,0.746354,1.530459,0.635156,0.924219,0.834375,0.635156,0.624219,0.636719,0.924219,0.624219,0.823438,0.834375,0.636719,0.823438
100,77_110,0.643880,1.941273,0.644531,0.663281,0.597656,0.644531,0.612500,0.758594,0.663281,0.612500,0.586719,0.597656,0.758594,0.586719
100,77_codon,0.650651,1.934978,0.594531,0.722656,0.576562,0.594531,0.652344,0.723437,0.722656,0.652344,0.634375,0.576562,0.723437,0.634375
100,78,0.561458,1.958895,0.565625,0.572656,0.576562,0.565625,0.545312,0.628906,0.572656,0.545312,0.479688,0.576562,0.628906,0.479688
100,78_001,0.621615,1.964043,0.618750,0.684375,0.503906,0.618750,0.674219,0.688281,0.684375,0.674219,0.560156,0.503906,0.688281,0.560156
100,78_010,0.652344,1.886503,0.717187,0.568750,0.617188,0.717187,0.641406,0.685937,0.568750,0.641406,0.683594,0.617188,0.685937,0.683594
100,78_011,0.614714,1.985649,0.600000,0.692969,0.495313,0.600000,0.678125,0.652344,0.692969,0.678125,0.569531,0.495313,0.652344,0.569531
100,78_100,0.775000,1.420127,0.850000,0.662500,0.962500,0.850000,0.662500,0.850000,0.662500,0.662500,0.662500,0.962500,0.850000,0.662500
100,78_101,0.651953,1.891095,0.669531,0.646875,0.700000,0.669531,0.732812,0.579688,0.646875,0.732812,0.582812,0.700000,0.579688,0.582812
100,78_110,0.727734,1.623366,0.725781,0.595313,0.785156,0.725781,0.696875,0.871094,0.595313,0.696875,0.692187,0.785156,0.871094,0.692187
100,78_codon,0.682161,1.758520,0.627344,0.628906,0.681250,0.627344,0.653906,0.810156,0.628906,0.653906,0.691406,0.681250,0.810156,0.691406
100,79,0.582292,1.943470,0.521875,0.589063,0.626563,0.521875,0.586719,0.530469,0.589063,0.586719,0.639062,0.626563,0.530469,0.639062
100,79_001,0.606641,1.980025,0.687500,0.626563,0.521875,0.687500,0.639062,0.505469,0.626563,0.639062,0.659375,0.521875,0.505469,0.659375
100,79_010,0.631901,1.931545,0.614844,0.703125,0.664062,0.614844,0.547656,0.673438,0.703125,0.547656,0.588281,0.664062,0.673438,0.588281
100,79_011,0.623958,1.982809,0.684375,0.648438,0.642969,0.684375,0.546875,0.718750,0.648438,0.546875,0.502344,0.642969,0.718750,0.502344
100,79_100,0.775000,1.420127,0.662500,0.850000,0.850000,0.662500,0.662500,0.662500,0.850000,0.662500,0.962500,0.850000,0.662500,0.962500
100,79_101,0.692057,1.681952,0.676562,0.635156,0.645312,0.676562,0.669531,0.883594,0.635156,0.669531,0.642188,0.645312,0.883594,0.642188
100,79_110,0.708203,1.703928,0.699219,0.799219,0.716406,0.699219,0.658594,0.611719,0.799219,0.658594,0.764062,0.716406,0.611719,0.764062
100,79_codon,0.705729,1.727389,0.671875,0.580469,0.673438,0.671875,0.710156,0.851562,0.580469,0.710156,0.746875,0.673438,0.851562,0.746875
100,7_001,0.615365,1.968439,0.657031,0.496875,0.632031,0.657031,0.594531,0.676562,0.496875,0.594531,0.635156,0.632031,0.676562,0.635156
100,7_010,0.635807,1.922362,0.639062,0.666406,0.662500,0.639062,0.678906,0.544531,0.666406,0.678906,0.623437,0.662500,0.544531,0.623437
100,7_011,0.591797,1.988807,0.511719,0.529687,0.600000,0.511719,0.617969,0.622656,0.529687,0.617969,0.668750,0.600000,0.622656,0.668750
100,7_100,0.775000,1.420127,0.962500,0.850000,0.662500,0.962500,0.850000,0.662500,0.850000,0.850000,0.662500,0.662500,0.662500,0.662500
100,7_101,0.689453,1.674085,0.887500,0.596094,0.685937,0.887500,0.645312,0.708594,0.596094,0.645312,0.613281,0.685937,0.708594,0.613281
100,7_110,0.695443,1.754357,0.707812,0.749219,0.688281,0.707812,0.686719,0.610156,0.749219,0.686719,0.730469,0.688281,0.610156,0.730469
100,7_codon,0.678776,1.835660,0.688281,0.675781,0.609375,0.688281,0.717969,0.748437,0.675781,0.717969,0.632812,0.609375,0.748437,0.632812
100,8,0.551302,1.988623,0.525000,0.538281,0.539062,0.525000,0.536719,0.596875,0.538281,0.536719,0.571875,0.539062,0.596875,0.571875
100,80,0.547526,1.975613,0.533594,0.532031,0.588281,0.533594,0.545312,0.550000,0.532031,0.545312,0.535937,0.588281,0.550000,0.535937
100,80_001,0.625391,1.932739,0.618750,0.503125,0.681250,0.618750,0.704688,0.676562,0.503125,0.704688,0.567969,0.681250,0.676562,0.567969
100,80_010,0.644531,1.908504,0.709375,0.625781,0.696875,0.709375,0.685156,0.594531,0.625781,0.685156,0.555469,0.696875,0.594531,0.555469
100,80_011,0.613672,1.999254,0.598437,0.734375,0.561719,0.598437,0.553125,0.714844,0.734375,0.553125,0.519531,0.561719,0.714844,0.519531
100,80_100,0.747526,1.489089,0.724219,0.728906,0.961719,0.724219,0.617188,0.724219,0.728906,0.617188,0.728906,0.961719,0.724219,0.728906
100,80_101,0.738021,1.569313,0.618750,0.928125,0.800000,0.618750,0.621094,0.658594,0.928125,0.621094,0.801562,0.800000,0.658594,0.801562
100,80_110,0.724870,1.654261,0.648438,0.798438,0.825000,0.648438,0.628125,0.650781,0.798438,0.628125,0.798438,0.825000,0.650781,0.798438
100,80_codon,0.691667,1.756151,0.720313,0.701562,0.669531,0.720313,0.672656,0.769531,0.701562,0.672656,0.616406,0.669531,0.769531,0.616406
100,81,0.563802,1.963861,0.581250,0.575781,0.565625,0.581250,0.583594,0.545312,0.575781,0.583594,0.531250,0.565625,0.545312,0.531250
100,81_001,0.612240,1.973293,0.498437,0.616406,0.686719,0.498437,0.657813,0.532031,0.616406,0.657813,0.682031,0.686719,0.532031,0.682031
100,81_010,0.649349,1.877928,0.696875,0.609375,0.576562,0.696875,0.691406,0.634375,0.609375,0.691406,0.687500,0.576562,0.634375,0.687500
100,81_011,0.632292,1.971389,0.650000,0.521875,0.598437,0.650000,0.628906,0.707031,0.521875,0.628906,0.687500,0.598437,0.707031,0.687500
100,81_100,0.748958,1.500422,0.956250,0.734375,0.725000,0.956250,0.734375,0.731250,0.734375,0.734375,0.612500,0.725000,0.731250,0.612500
100,81_101,0.706901,1.655476,0.774219,0.695312,0.613281,0.774219,0.828906,0.683594,0.695312,0.828906,0.646094,0.613281,0.683594,0.646094
100,81_110,0.739323,1.554064,0.722656,0.722656,0.608594,0.722656,0.942969,0.718750,0.722656,0.942969,0.720313,0.608594,0.718750,0.720313
100,81_codon,0.665104,1.850560,0.669531,0.650000,0.664844,0.669531,0.728906,0.644531,0.650000,0.728906,0.632812,0.664844,0.644531,0.632812
100,82,0.575781,1.996513,0.566406,0.550781,0.610156,0.566406,0.592187,0.580469,0.550781,0.592187,0.554688,0.610156,0.580469,0.554688
100,82_001,0.615104,1.968421,0.499219,0.597656,0.704688,0.499219,0.664844,0.564844,0.597656,0.664844,0.659375,0.704688,0.564844,0.659375
100,82_010,0.635156,1.911204,0.621875,0.644531,0.723437,0.621875,0.678906,0.557813,0.644531,0.678906,0.584375,0.723437,0.557813,0.584375
100,82_011,0.612760,1.999363,0.575781,0.617188,0.702344,0.575781,0.710156,0.517188,0.617188,0.710156,0.553906,0.702344,0.517188,0.553906
100,82_100,0.775000,1.420127,0.662500,0.662500,0.662500,0.662500,0.850000,0.850000,0.662500,0.850000,0.962500,0.662500,0.850000,0.962500
100,82_101,0.657161,1.907569,0.621094,0.603125,0.760938,0.621094,0.742188,0.621875,0.603125,0.742188,0.593750,0.760938,0.621875,0.593750
100,82_110,0.722786,1.618275,0.728906,0.680469,0.916406,0.728906,0.625781,0.716406,0.680469,0.625781,0.668750,0.916406,0.716406,0.668750
100,82_codon,0.685026,1.813759,0.663281,0.714844,0.674219,0.663281,0.650000,0.758594,0.714844,0.650000,0.649219,0.674219,0.758594,0.649219
100,83,0.551562,1.944083,0.553125,0.624219,0.584375,0.553125,0.513281,0.501563,0.624219,0.513281,0.532813,0.584375,0.501563,0.532813
100,83_001,0.618099,1.969184,0.556250,0.503125,0.678125,0.556250,0.699219,0.664062,0.503125,0.699219,0.607812,0.678125,0.664062,0.607812
100,83_010,0.639974,1.942242,0.528906,0.694531,0.580469,0.528906,0.655469,0.685156,0.694531,0.655469,0.695312,0.580469,0.685156,0.695312
100,83_011,0.603255,1.984797,0.617969,0.543750,0.636719,0.617969,0.570312,0.667188,0.543750,0.570312,0.583594,0.636719,0.667188,0.583594
100,83_100,0.759115,1.483653,0.660937,0.883594,0.813281,0.660937,0.660156,0.649219,0.883594,0.660156,0.887500,0.813281,0.649219,0.887500
100,83_101,0.696615,1.723609,0.703906,0.812500,0.650781,0.703906,0.772656,0.572656,0.812500,0.772656,0.667188,0.650781,0.572656,0.667188
100,83_110,0.718620,1.640229,0.703125,0.906250,0.646094,0.703125,0.728125,0.663281,0.906250,0.728125,0.664844,0.646094,0.663281,0.664844
100,83_codon,0.650391,1.958785,0.683594,0.629687,0.728125,0.683594,0.674219,0.628906,0.629687,0.674219,0.557813,0.728125,0.628906,0.557813
100,84,0.548568,1.982679,0.472656,0.563281,0.528906,0.472656,0.512500,0.604688,0.563281,0.512500,0.609375,0.528906,0.604688,0.609375
100,84_001,0.614844,1.973827,0.663281,0.502344,0.560156,0.663281,0.614844,0.658594,0.502344,0.614844,0.689844,0.560156,0.658594,0.689844
100,84_010,0.643099,1.900970,0.630469,0.575000,0.660937,0.630469,0.724219,0.671875,0.575000,0.724219,0.596094,0.660937,0.671875,0.596094
100,84_011,0.624349,1.979616,0.620313,0.514062,0.723437,0.620313,0.658594,0.666406,0.514062,0.658594,0.563281,0.723437,0.666406,0.563281
100,84_100,0.763021,1.442803,0.827344,0.653125,0.827344,0.827344,0.657031,0.950000,0.653125,0.657031,0.663281,0.827344,0.950000,0.663281
100,84_101,0.730990,1.568352,0.903906,0.600781,0.814063,0.903906,0.630469,0.824219,0.600781,0.630469,0.612500,0.814063,0.824219,0.612500
100,84_110,0.697135,1.693481,0.704688,0.663281,0.697656,0.704688,0.677344,0.785156,0.663281,0.677344,0.654687,0.697656,0.785156,0.654687
100,84_codon,0.704557,1.718753,0.661719,0.625000,0.710938,0.661719,0.678906,0.845313,0.625000,0.678906,0.705469,0.710938,0.845313,0.705469
100,85,0.573047,1.984708,0.578125,0.562500,0.538281,0.578125,0.576562,0.602344,0.562500,0.576562,0.580469,0.538281,0.602344,0.580469
100,85_001,0.625130,1.959536,0.698438,0.565625,0.679688,0.698438,0.511719,0.617969,0.565625,0.511719,0.677344,0.679688,0.617969,0.677344
100,85_010,0.639193,1.948693,0.693750,0.675781,0.618750,0.693750,0.584375,0.545312,0.675781,0.584375,0.717187,0.618750,0.545312,0.717187
100,85_011,0.627604,1.977651,0.595313,0.516406,0.636719,0.595313,0.676562,0.698438,0.516406,0.676562,0.642188,0.636719,0.698438,0.642188
100,85_100,0.765625,1.475769,0.847656,0.927344,0.656250,0.847656,0.843750,0.658594,0.927344,0.843750,0.660156,0.656250,0.658594,0.660156
100,85_101,0.650521,1.867119,0.698438,0.744531,0.675000,0.698438,0.567187,0.678125,0.744531,0.567187,0.539844,0.675000,0.678125,0.539844
100,85_110,0.723698,1.616424,0.689844,0.698438,0.896875,0.689844,0.630469,0.710938,0.698438,0.630469,0.715625,0.896875,0.710938,0.715625
100,85_codon,0.685677,1.768684,0.699219,0.687500,0.653906,0.699219,0.664844,0.789062,0.687500,0.664844,0.619531,0.653906,0.789062,0.619531
100,86,0.551693,1.970667,0.572656,0.583594,0.523438,0.572656,0.579688,0.523438,0.583594,0.579688,0.527344,0.523438,0.523438,0.527344
100,86_001,0.616536,1.982239,0.667188,0.551562,0.495313,0.667188,0.673438,0.621094,0.551562,0.673438,0.690625,0.495313,0.621094,0.690625
100,86_010,0.662370,1.842703,0.562500,0.746875,0.609375,0.562500,0.660937,0.682813,0.746875,0.660937,0.711719,0.609375,0.682813,0.711719
100,86_011,0.594010,1.997349,0.518750,0.700781,0.531250,0.518750,0.561719,0.686719,0.700781,0.561719,0.564844,0.531250,0.686719,0.564844
100,86_100,0.750391,1.485123,0.738281,0.959375,0.726562,0.738281,0.736719,0.617969,0.959375,0.736719,0.723437,0.726562,0.617969,0.723437
100,86_101,0.648307,1.868108,0.582031,0.703906,0.544531,0.582031,0.707031,0.687500,0.703906,0.707031,0.664844,0.544531,0.687500,0.664844
100,86_110,0.733594,1.607204,0.823438,0.862500,0.622656,0.823438,0.810937,0.646094,0.862500,0.810937,0.635938,0.622656,0.646094,0.635938
100,86_codon,0.674349,1.781933,0.667969,0.737500,0.704688,0.667969,0.607031,0.638281,0.737500,0.607031,0.690625,0.704688,0.638281,0.690625
100,87,0.551042,1.981617,0.527344,0.550781,0.526563,0.527344,0.530469,0.572656,0.550781,0.530469,0.598437,0.526563,0.572656,0.598437
100,87_001,0.609115,1.976303,0.563281,0.721094,0.584375,0.563281,0.551562,0.661719,0.721094,0.551562,0.572656,0.584375,0.661719,0.572656
100,87_010,0.630208,1.937968,0.676562,0.686719,0.588281,0.676562,0.608594,0.537500,0.686719,0.608594,0.683594,0.588281,0.537500,0.683594
100,87_011,0.601042,1.983792,0.505469,0.662500,0.650781,0.505469,0.595313,0.550781,0.662500,0.595313,0.641406,0.650781,0.550781,0.641406
100,87_100,0.775000,1.420127,0.662500,0.662500,0.662500,0.662500,0.850000,0.962500,0.662500,0.850000,0.850000,0.662500,0.962500,0.850000
100,87_101,0.649479,1.972380,0.553125,0.793750,0.590625,0.553125,0.568750,0.784375,0.793750,0.568750,0.606250,0.590625,0.784375,0.606250
100,87_110,0.747396,1.552118,0.640625,0.645312,0.660937,0.640625,0.866406,0.857031,0.645312,0.866406,0.814063,0.660937,0.857031,0.814063
100,87_codon,0.670182,1.800767,0.660937,0.612500,0.673438,0.660937,0.774219,0.687500,0.612500,0.774219,0.612500,0.673438,0.687500,0.612500
100,88,0.557943,1.981188,0.563281,0.575000,0.575000,0.563281,0.566406,0.544531,0.575000,0.566406,0.523438,0.575000,0.544531,0.523438
100,88_001,0.611849,1.958500,0.503125,0.660937,0.630469,0.503125,0.598437,0.623437,0.660937,0.598437,0.654687,0.630469,0.623437,0.654687
100,88_010,0.640234,1.950511,0.694531,0.581250,0.543750,0.694531,0.680469,0.660156,0.581250,0.680469,0.681250,0.543750,0.660156,0.681250
100,88_011,0.614062,1.981224,0.526563,0.682031,0.628125,0.526563,0.551562,0.629687,0.682031,0.551562,0.666406,0.628125,0.629687,0.666406
100,88_100,0.775000,1.420127,0.962500,0.850000,0.662500,0.962500,0.850000,0.662500,0.850000,0.850000,0.662500,0.662500,0.662500,0.662500
100,88_101,0.669531,1.769468,0.640625,0.632812,0.834375,0.640625,0.675781,0.619531,0.632812,0.675781,0.614062,0.834375,0.619531,0.614062
100,88_110,0.703385,1.752615,0.748437,0.707031,0.631250,0.748437,0.790625,0.686719,0.707031,0.790625,0.656250,0.631250,0.686719,0.656250
100,88_codon,0.675391,1.789445,0.669531,0.754687,0.658594,0.669531,0.654687,0.604688,0.754687,0.654687,0.710156,0.658594,0.604688,0.710156
100,89,0.544792,1.984387,0.533594,0.573438,0.521875,0.533594,0.509375,0.576562,0.573438,0.509375,0.553906,0.521875,0.576562,0.553906
100,89_001,0.626823,1.943638,0.687500,0.625000,0.677344,0.687500,0.507031,0.568750,0.625000,0.507031,0.695312,0.677344,0.568750,0.695312
100,89_010,0.633203,1.938798,0.655469,0.538281,0.675000,0.655469,0.680469,0.677344,0.538281,0.680469,0.572656,0.675000,0.677344,0.572656
100,89_011,0.618750,1.976746,0.676562,0.517969,0.642969,0.676562,0.563281,0.662500,0.517969,0.563281,0.649219,0.642969,0.662500,0.649219
100,89_100,0.775000,1.420127,0.662500,0.662500,0.662500,0.662500,0.962500,0.850000,0.662500,0.962500,0.850000,0.662500,0.850000,0.850000
100,89_101,0.683724,1.710167,0.608594,0.664844,0.691406,0.608594,0.612500,0.825000,0.664844,0.612500,0.700000,0.691406,0.825000,0.700000
100,89_110,0.701953,1.676158,0.683594,0.646094,0.671094,0.683594,0.787500,0.729688,0.646094,0.787500,0.693750,0.671094,0.729688,0.693750
100,89_codon,0.719141,1.632599,0.635938,0.836719,0.800000,0.635938,0.618750,0.664844,0.836719,0.618750,0.758594,0.800000,0.664844,0.758594
100,8_001,0.605990,1.991496,0.654687,0.497656,0.546094,0.654687,0.589063,0.652344,0.497656,0.589063,0.696094,0.546094,0.652344,0.696094
100,8_010,0.650260,1.911793,0.700781,0.659375,0.692969,0.700781,0.561719,0.606250,0.659375,0.561719,0.680469,0.692969,0.606250,0.680469
100,8_011,0.605339,1.971223,0.641406,0.642188,0.612500,0.641406,0.643750,0.590625,0.642188,0.643750,0.501563,0.612500,0.590625,0.501563
100,8_100,0.775000,1.420127,0.662500,0.662500,0.662500,0.662500,0.962500,0.850000,0.662500,0.962500,0.850000,0.662500,0.850000,0.850000
100,8_101,0.743750,1.556863,0.821094,0.652344,0.841406,0.821094,0.650781,0.862500,0.652344,0.650781,0.634375,0.841406,0.862500,0.634375
100,8_110,0.735286,1.563747,0.719531,0.616406,0.718750,0.719531,0.707812,0.940625,0.616406,0.707812,0.708594,0.718750,0.940625,0.708594
100,8_codon,0.668359,1.791574,0.628906,0.720313,0.597656,0.628906,0.660937,0.644531,0.720313,0.660937,0.757812,0.597656,0.644531,0.757812
100,9,0.579427,1.909107,0.650781,0.577344,0.557813,0.650781,0.578125,0.583594,0.577344,0.578125,0.528906,0.557813,0.583594,0.528906
100,90,0.562109,1.979597,0.566406,0.508594,0.629687,0.566406,0.528125,0.568750,0.508594,0.528125,0.571094,0.629687,0.568750,0.571094
100,90_001,0.620573,1.975275,0.560156,0.678906,0.701562,0.560156,0.669531,0.497656,0.678906,0.669531,0.615625,0.701562,0.497656,0.615625
100,90_010,0.637109,1.965024,0.521875,0.564063,0.675781,0.521875,0.708594,0.653906,0.564063,0.708594,0.698438,0.675781,0.653906,0.698438
100,90_011,0.630599,1.980960,0.520312,0.666406,0.560156,0.520312,0.634375,0.725000,0.666406,0.634375,0.677344,0.560156,0.725000,0.677344
100,90_100,0.775000,1.420127,0.850000,0.850000,0.662500,0.850000,0.962500,0.662500,0.850000,0.962500,0.662500,0.662500,0.662500,0.662500
100,90_101,0.658073,1.876505,0.573438,0.680469,0.714063,0.573438,0.571094,0.695312,0.680469,0.571094,0.714063,0.714063,0.695312,0.714063
100,90_110,0.711198,1.655738,0.640625,0.702344,0.695312,0.640625,0.678125,0.675781,0.702344,0.678125,0.875000,0.695312,0.675781,0.875000
100,90_codon,0.674609,1.828066,0.603906,0.646875,0.693750,0.603906,0.702344,0.721094,0.646875,0.702344,0.679688,0.693750,0.721094,0.679688
100,91,0.563021,1.913678,0.502344,0.533594,0.528906,0.502344,0.564844,0.640625,0.533594,0.564844,0.607812,0.528906,0.640625,0.607812
100,91_001,0.611589,1.990013,0.614062,0.489062,0.708594,0.614062,0.647656,0.670312,0.489062,0.647656,0.539844,0.708594,0.670312,0.539844
100,91_010,0.649870,1.891269,0.557031,0.654687,0.660156,0.557031,0.721875,0.618750,0.654687,0.721875,0.686719,0.660156,0.618750,0.686719
100,91_011,0.593229,1.980997,0.628125,0.522656,0.607812,0.628125,0.605469,0.659375,0.522656,0.605469,0.535937,0.607812,0.659375,0.535937
100,91_100,0.747526,1.489089,0.739062,0.614062,0.725000,0.739062,0.723437,0.946094,0.614062,0.723437,0.737500,0.725000,0.946094,0.737500
100,91_101,0.720964,1.592715,0.683594,0.579688,0.675000,0.683594,0.735156,0.915625,0.579688,0.735156,0.736719,0.675000,0.915625,0.736719
100,91_110,0.741016,1.568982,0.651563,0.652344,0.626563,0.651563,0.842969,0.818750,0.652344,0.842969,0.853906,0.626563,0.818750,0.853906
100,91_codon,0.695833,1.707856,0.643750,0.668750,0.656250,0.643750,0.703906,0.670312,0.668750,0.703906,0.832031,0.656250,0.670312,0.832031
100,92,0.559115,1.967114,0.541406,0.557031,0.523438,0.541406,0.619531,0.553125,0.557031,0.619531,0.560156,0.523438,0.553125,0.560156
100,92_001,0.612370,1.984959,0.496875,0.655469,0.553906,0.496875,0.603906,0.700781,0.655469,0.603906,0.663281,0.553906,0.700781,0.663281
100,92_010,0.642578,1.925712,0.565625,0.694531,0.626563,0.565625,0.608594,0.695312,0.694531,0.608594,0.664844,0.626563,0.695312,0.664844
100,92_011,0.613411,1.974284,0.659375,0.555469,0.667969,0.659375,0.622656,0.652344,0.555469,0.622656,0.522656,0.667969,0.652344,0.522656
100,92_100,0.767318,1.436788,0.656250,0.655469,0.657813,0.656250,0.837500,0.945312,0.655469,0.837500,0.851562,0.657813,0.945312,0.851562
100,92_101,0.741406,1.546460,0.626563,0.662500,0.629687,0.626563,0.803125,0.907031,0.662500,0.803125,0.819531,0.629687,0.907031,0.819531
100,92_110,0.720443,1.656658,0.703125,0.651563,0.628125,0.703125,0.788281,0.772656,0.651563,0.788281,0.778906,0.628125,0.772656,0.778906
100,92_codon,0.682943,1.792874,0.685937,0.667188,0.609375,0.685937,0.713281,0.659375,0.667188,0.713281,0.762500,0.609375,0.659375,0.762500
100,93,0.559766,1.970489,0.557813,0.642969,0.564063,0.557813,0.505469,0.552344,0.642969,0.505469,0.535937,0.564063,0.552344,0.535937
100,93_001,0.614974,1.964939,0.652344,0.674219,0.639844,0.652344,0.534375,0.679688,0.674219,0.534375,0.509375,0.639844,0.679688,0.509375
100,93_010,0.645573,1.907660,0.720313,0.650000,0.625781,0.720313,0.600781,0.592969,0.650000,0.600781,0.683594,0.625781,0.592969,0.683594
100,93_011,0.620964,1.963845,0.657813,0.655469,0.509375,0.657813,0.696875,0.620313,0.655469,0.696875,0.585938,0.509375,0.620313,0.585938
100,93_100,0.772005,1.432674,0.845313,0.957812,0.661719,0.845313,0.846094,0.658594,0.957812,0.846094,0.662500,0.661719,0.658594,0.662500
100,93_101,0.723828,1.623258,0.710938,0.921094,0.717187,0.710938,0.707031,0.579688,0.921094,0.707031,0.707031,0.717187,0.579688,0.707031
100,93_110,0.721354,1.617209,0.688281,0.918750,0.691406,0.688281,0.700000,0.625781,0.918750,0.700000,0.703906,0.691406,0.625781,0.703906
100,93_codon,0.674870,1.822204,0.629687,0.621875,0.650781,0.629687,0.686719,0.742969,0.621875,0.686719,0.717187,0.650781,0.742969,0.717187
100,94,0.564193,1.955194,0.564063,0.606250,0.545312,0.564063,0.580469,0.557031,0.606250,0.580469,0.532031,0.545312,0.557031,0.532031
100,94_001,0.613281,1.987185,0.556250,0.657813,0.496094,0.556250,0.657813,0.717187,0.657813,0.657813,0.594531,0.496094,0.717187,0.594531
100,94_010,0.648698,1.873891,0.732812,0.642188,0.659375,0.732812,0.588281,0.611719,0.642188,0.588281,0.657813,0.659375,0.611719,0.657813
100,94_011,0.541797,1.999119,0.525000,0.550000,0.553906,0.525000,0.524219,0.508594,0.550000,0.524219,0.589063,0.553906,0.508594,0.589063
100,94_100,0.772266,1.452014,0.850000,0.949219,0.662500,0.850000,0.848437,0.662500,0.949219,0.848437,0.660937,0.662500,0.662500,0.660937
100,94_101,0.660807,1.869192,0.600781,0.667969,0.537500,0.600781,0.768750,0.685156,0.667969,0.768750,0.704688,0.537500,0.685156,0.704688
100,94_110,0.760286,1.513502,0.834375,0.915625,0.648438,0.834375,0.846094,0.661719,0.915625,0.846094,0.655469,0.648438,0.661719,0.655469
100,94_codon,0.657682,1.885843,0.664062,0.626563,0.625000,0.664062,0.652344,0.695312,0.626563,0.652344,0.682813,0.625000,0.695312,0.682813
100,95,0.528516,1.986764,0.489062,0.526563,0.506250,0.489062,0.550781,0.536719,0.526563,0.550781,0.561719,0.506250,0.536719,0.561719
100,95_001,0.605990,1.994257,0.566406,0.642188,0.610156,0.566406,0.525000,0.718750,0.642188,0.525000,0.573438,0.610156,0.718750,0.573438
100,95_010,0.626172,1.943008,0.537500,0.684375,0.628125,0.537500,0.571094,0.675781,0.684375,0.571094,0.660156,0.628125,0.675781,0.660156
100,95_011,0.582292,1.986644,0.567969,0.511719,0.552344,0.567969,0.607812,0.592187,0.511719,0.607812,0.661719,0.552344,0.592187,0.661719
100,95_100,0.775000,1.420127,0.850000,0.962500,0.662500,0.850000,0.850000,0.662500,0.962500,0.850000,0.662500,0.662500,0.662500,0.662500
100,95_101,0.752083,1.475778,0.817187,0.821875,0.639062,0.817187,0.948438,0.641406,0.821875,0.948438,0.644531,0.639062,0.641406,0.644531
100,95_110,0.727865,1.581100,0.806250,0.764062,0.647656,0.806250,0.818750,0.641406,0.764062,0.818750,0.689063,0.647656,0.641406,0.689063
100,95_codon,0.628906,1.961242,0.610156,0.600781,0.664062,0.610156,0.556250,0.735156,0.600781,0.556250,0.607031,0.664062,0.735156,0.607031
100,96,0.552734,1.973416,0.567187,0.525000,0.575000,0.567187,0.493750,0.565625,0.525000,0.493750,0.589844,0.575000,0.565625,0.589844
100,96_001,0.615755,1.963642,0.674219,0.644531,0.625000,0.674219,0.533594,0.526563,0.644531,0.533594,0.690625,0.625000,0.526563,0.690625
100,96_010,0.659635,1.868401,0.627344,0.709375,0.679688,0.627344,0.727344,0.562500,0.709375,0.727344,0.651563,0.679688,0.562500,0.651563
100,96_011,0.603255,1.971236,0.532813,0.573438,0.679688,0.532813,0.625781,0.599219,0.573438,0.625781,0.608594,0.679688,0.599219,0.608594
100,96_100,0.750521,1.480412,0.713281,0.616406,0.710938,0.713281,0.751563,0.960156,0.616406,0.751563,0.750781,0.710938,0.960156,0.750781
100,96_101,0.730859,1.590977,0.844531,0.634375,0.849219,0.844531,0.632812,0.818750,0.634375,0.632812,0.605469,0.849219,0.818750,0.605469
100,96_110,0.708594,1.665830,0.634375,0.702344,0.903906,0.634375,0.645312,0.654687,0.702344,0.645312,0.710938,0.903906,0.654687,0.710938
100,96_codon,0.683333,1.741319,0.585938,0.732812,0.671875,0.585938,0.625781,0.779687,0.732812,0.625781,0.703906,0.671875,0.779687,0.703906
100,97,0.544401,1.974619,0.582031,0.534375,0.507812,0.582031,0.560156,0.549219,0.534375,0.560156,0.532813,0.507812,0.549219,0.532813
100,97_001,0.619792,1.961988,0.506250,0.564844,0.680469,0.506250,0.706250,0.601562,0.564844,0.706250,0.659375,0.680469,0.601562,0.659375
100,97_010,0.646224,1.893238,0.562500,0.638281,0.648438,0.562500,0.725781,0.614062,0.638281,0.725781,0.688281,0.648438,0.614062,0.688281
100,97_011,0.611068,1.998251,0.518750,0.711719,0.572656,0.518750,0.538281,0.731250,0.711719,0.538281,0.593750,0.572656,0.731250,0.593750
100,97_100,0.775000,1.420127,0.850000,0.850000,0.662500,0.850000,0.962500,0.662500,0.850000,0.962500,0.662500,0.662500,0.662500,0.662500
100,97_101,0.669531,1.799855,0.712500,0.557031,0.705469,0.712500,0.713281,0.744531,0.557031,0.713281,0.584375,0.705469,0.744531,0.584375
100,97_110,0.701693,1.738050,0.730469,0.788281,0.696875,0.730469,0.688281,0.601562,0.788281,0.688281,0.704688,0.696875,0.601562,0.704688
100,97_codon,0.674089,1.830401,0.594531,0.698438,0.657031,0.594531,0.640625,0.757031,0.698438,0.640625,0.696875,0.657031,0.757031,0.696875
100,98,0.557031,1.991269,0.551562,0.567969,0.521875,0.551562,0.597656,0.539062,0.567969,0.597656,0.564063,0.521875,0.539062,0.564063
100,98_001,0.618880,1.979528,0.600781,0.685937,0.541406,0.600781,0.607812,0.730469,0.685937,0.607812,0.546875,0.541406,0.730469,0.546875
100,98_010,0.609766,1.957042,0.659375,0.573438,0.682813,0.659375,0.517969,0.594531,0.573438,0.517969,0.630469,0.682813,0.594531,0.630469
100,98_011,0.610417,1.997452,0.566406,0.502344,0.738281,0.566406,0.712500,0.603906,0.502344,0.712500,0.539062,0.738281,0.603906,0.539062
100,98_100,0.775000,1.420127,0.662500,0.662500,0.662500,0.662500,0.962500,0.850000,0.662500,0.962500,0.850000,0.662500,0.850000,0.850000
100,98_101,0.673307,1.798984,0.689844,0.589844,0.591406,0.689844,0.637500,0.639062,0.589844,0.637500,0.892188,0.591406,0.639062,0.892188
100,98_110,0.653776,1.920637,0.573438,0.583594,0.564063,0.573438,0.766406,0.709375,0.583594,0.766406,0.725781,0.564063,0.709375,0.725781
100,98_codon,0.667188,1.834491,0.575781,0.658594,0.645312,0.575781,0.671875,0.692969,0.658594,0.671875,0.758594,0.645312,0.692969,0.758594
100,99,0.549609,1.979450,0.528125,0.546094,0.535937,0.528125,0.606250,0.530469,0.546094,0.606250,0.550781,0.535937,0.530469,0.550781
100,99_001,0.605208,1.979096,0.616406,0.643750,0.556250,0.616406,0.593750,0.694531,0.643750,0.593750,0.526563,0.556250,0.694531,0.526563
100,99_010,0.637240,1.938878,0.557031,0.689063,0.604688,0.557031,0.599219,0.698438,0.689063,0.599219,0.675000,0.604688,0.698438,0.675000
100,99_011,0.616927,1.985284,0.505469,0.699219,0.650000,0.505469,0.529687,0.643750,0.699219,0.529687,0.673438,0.650000,0.643750,0.673438
100,99_100,0.775000,1.420127,0.662500,0.662500,0.662500,0.662500,0.850000,0.962500,0.662500,0.850000,0.850000,0.662500,0.962500,0.850000
100,99_101,0.683464,1.657026,0.568750,0.634375,0.689063,0.568750,0.790625,0.665625,0.634375,0.790625,0.752344,0.689063,0.665625,0.752344
100,99_110,0.692708,1.750385,0.644531,0.746875,0.677344,0.644531,0.685156,0.641406,0.746875,0.685156,0.760938,0.677344,0.641406,0.760938
100,99_codon,0.641667,1.981810,0.539062,0.728906,0.703125,0.539062,0.642188,0.546094,0.728906,0.642188,0.690625,0.703125,0.546094,0.690625
100,9_001,0.622266,1.971150,0.503125,0.623437,0.700781,0.503125,0.677344,0.553906,0.623437,0.677344,0.675000,0.700781,0.553906,0.675000
100,9_010,0.631901,1.924497,0.656250,0.592969,0.665625,0.656250,0.699219,0.607031,0.592969,0.699219,0.570312,0.665625,0.607031,0.570312
100,9_011,0.606641,1.984805,0.628125,0.645312,0.626563,0.628125,0.614844,0.617188,0.645312,0.614844,0.507812,0.626563,0.617188,0.507812
100,9_100,0.775000,1.420127,0.850000,0.962500,0.662500,0.850000,0.850000,0.662500,0.962500,0.850000,0.662500,0.662500,0.662500,0.662500
100,9_101,0.700260,1.629666,0.715625,0.671094,0.633594,0.715625,0.879687,0.670312,0.671094,0.879687,0.631250,0.633594,0.670312,0.631250
100,9_110,0.721615,1.619135,0.802344,0.742969,0.664844,0.802344,0.816406,0.682813,0.742969,0.816406,0.620313,0.664844,0.682813,0.620313
100,9_codon,0.670052,1.833805,0.637500,0.623437,0.663281,0.637500,0.727344,0.719531,0.623437,0.727344,0.649219,0.663281,0.719531,0.649219
100,k3_alphabetical,0.775000,1.420127,0.662500,0.662500,0.662500,0.662500,0.850000,0.850000,0.662500,0.850000,0.962500,0.662500,0.850000,0.962500
101,0,0.387240,3.852136,0.394531,0.396875,0.396094,0.394531,0.392188,0.387500,0.396875,0.392188,0.356250,0.396094,0.387500,0.356250
101,0_001,0.505078,3.365041,0.685937,0.561719,0.404687,0.685937,0.567969,0.404687,0.561719,0.567969,0.405469,0.404687,0.404687,0.405469
101,0_010,0.434245,3.807983,0.354688,0.409375,0.435937,0.354688,0.554688,0.397656,0.409375,0.554688,0.453125,0.435937,0.397656,0.453125
101,0_011,0.475911,3.556239,0.564063,0.542969,0.399219,0.564063,0.598437,0.378125,0.542969,0.598437,0.372656,0.399219,0.378125,0.372656
101,0_100,0.503385,3.345246,0.410156,0.398438,0.410937,0.410156,0.673438,0.568750,0.398438,0.673438,0.558594,0.410937,0.568750,0.558594
101,0_101,0.523958,3.268525,0.439844,0.453906,0.422656,0.439844,0.600000,0.660937,0.453906,0.600000,0.566406,0.422656,0.660937,0.566406
101,0_110,0.453906,3.682524,0.389062,0.448438,0.425781,0.389062,0.570312,0.410937,0.448438,0.570312,0.478906,0.425781,0.410937,0.478906
101,0_codon,0.453385,3.736090,0.367969,0.428906,0.442969,0.367969,0.493750,0.497656,0.428906,0.493750,0.489062,0.442969,0.497656,0.489062
101,1,0.381641,3.860233,0.331250,0.428125,0.363281,0.331250,0.410156,0.362500,0.428125,0.410156,0.394531,0.363281,0.362500,0.394531
101,10,0.377083,3.886487,0.393750,0.414844,0.380469,0.393750,0.318750,0.359375,0.414844,0.318750,0.395312,0.380469,0.359375,0.395312
101,10_001,0.511589,3.357101,0.585938,0.667188,0.417188,0.585938,0.568750,0.421875,0.667188,0.568750,0.408594,0.417188,0.421875,0.408594
101,10_010,0.438021,3.829951,0.490625,0.547656,0.400781,0.490625,0.416406,0.432031,0.547656,0.416406,0.340625,0.400781,0.432031,0.340625
101,10_011,0.461328,3.619597,0.442187,0.420312,0.408594,0.442187,0.672656,0.424219,0.420312,0.672656,0.400000,0.408594,0.424219,0.400000
101,10_100,0.507943,3.352661,0.404687,0.582812,0.679688,0.404687,0.405469,0.398438,0.582812,0.405469,0.576562,0.679688,0.398438,0.576562
101,10_101,0.513672,3.310705,0.533594,0.537500,0.607031,0.533594,0.452344,0.448438,0.537500,0.452344,0.503125,0.607031,0.448438,0.503125
101,10_110,0.450911,3.731570,0.478125,0.558594,0.446094,0.478125,0.410937,0.428125,0.558594,0.410937,0.383594,0.446094,0.428125,0.383594
101,10_codon,0.474609,3.572230,0.457812,0.428906,0.484375,0.457812,0.386719,0.682031,0.428906,0.386719,0.407813,0.484375,0.682031,0.407813
101,11,0.390365,3.840982,0.315625,0.413281,0.403906,0.315625,0.368750,0.370313,0.413281,0.368750,0.470313,0.403906,0.370313,0.470313
101,11_001,0.506641,3.336795,0.417188,0.573438,0.567969,0.417188,0.410156,0.404687,0.573438,0.410156,0.666406,0.567969,0.404687,0.666406
101,11_010,0.440104,3.787785,0.421875,0.423438,0.480469,0.421875,0.342969,0.397656,0.423438,0.342969,0.574219,0.480469,0.397656,0.574219
101,11_011,0.470573,3.573643,0.407813,0.400000,0.400000,0.407813,0.464844,0.472656,0.400000,0.464844,0.678125,0.400000,0.472656,0.678125
101,11_100,0.508854,3.339548,0.411719,0.410156,0.405469,0.411719,0.569531,0.575781,0.410156,0.569531,0.680469,0.405469,0.575781,0.680469
101,11_101,0.514714,3.274325,0.379687,0.494531,0.537500,0.379687,0.511719,0.501563,0.494531,0.511719,0.663281,0.537500,0.501563,0.663281
101,11_110,0.471615,3.589029,0.409375,0.391406,0.442969,0.409375,0.674219,0.466406,0.391406,0.674219,0.445312,0.442969,0.466406,0.445312
101,11_codon,0.439323,3.836503,0.444531,0.385156,0.394531,0.444531,0.518750,0.420312,0.385156,0.518750,0.472656,0.394531,0.420312,0.472656
101,12,0.393099,3.813801,0.323438,0.456250,0.446875,0.323438,0.351562,0.353906,0.456250,0.351562,0.426562,0.446875,0.353906,0.426562
101,12_001,0.505469,3.344584,0.393750,0.681250,0.564844,0.393750,0.407031,0.403906,0.681250,0.407031,0.582031,0.564844,0.403906,0.582031
101,12_010,0.438021,3.811938,0.470313,0.553125,0.417188,0.470313,0.413281,0.429688,0.553125,0.413281,0.344531,0.417188,0.429688,0.344531
101,12_011,0.489844,3.535895,0.381250,0.664062,0.570312,0.381250,0.378125,0.392969,0.664062,0.378125,0.552344,0.570312,0.392969,0.552344
101,12_100,0.486719,3.422437,0.490625,0.368750,0.475781,0.490625,0.446094,0.692187,0.368750,0.446094,0.446875,0.475781,0.692187,0.446875
101,12_101,0.525911,3.257776,0.417188,0.635938,0.602344,0.417188,0.421094,0.472656,0.635938,0.421094,0.606250,0.602344,0.472656,0.606250
101,12_110,0.469401,3.600225,0.453906,0.696875,0.400000,0.453906,0.457812,0.403906,0.696875,0.457812,0.403906,0.400000,0.403906,0.403906
101,12_codon,0.455729,3.769057,0.481250,0.492188,0.445312,0.481250,0.514844,0.408594,0.492188,0.514844,0.392188,0.445312,0.408594,0.392188
101,13,0.388542,3.859573,0.339844,0.400000,0.380469,0.339844,0.378125,0.378125,0.400000,0.378125,0.454688,0.380469,0.378125,0.454688
101,13_001,0.506510,3.369628,0.407813,0.690625,0.573438,0.407813,0.400000,0.403125,0.690625,0.400000,0.564063,0.573438,0.403125,0.564063
101,13_010,0.442839,3.804959,0.463281,0.410156,0.423438,0.463281,0.571094,0.423438,0.410156,0.571094,0.365625,0.423438,0.423438,0.365625
101,13_011,0.456641,3.707894,0.419531,0.535156,0.484375,0.419531,0.371875,0.451562,0.535156,0.371875,0.477344,0.484375,0.451562,0.477344
101,13_100,0.493099,3.396663,0.438281,0.448438,0.384375,0.438281,0.692187,0.492188,0.448438,0.692187,0.503125,0.384375,0.492188,0.503125
101,13_101,0.523177,3.273474,0.394531,0.445312,0.468750,0.394531,0.567187,0.625000,0.445312,0.567187,0.638281,0.468750,0.625000,0.638281
101,13_110,0.470964,3.626709,0.409375,0.370313,0.403906,0.409375,0.557031,0.520312,0.370313,0.557031,0.564844,0.403906,0.520312,0.564844
101,13_codon,0.459375,3.705373,0.414844,0.390625,0.414844,0.414844,0.474219,0.483594,0.390625,0.474219,0.578125,0.414844,0.483594,0.578125
101,14,0.383724,3.856332,0.376563,0.367188,0.328125,0.376563,0.425781,0.405469,0.367188,0.425781,0.399219,0.328125,0.405469,0.399219
101,14_001,0.507552,3.340341,0.578125,0.561719,0.417188,0.578125,0.664062,0.417969,0.561719,0.664062,0.406250,0.417188,0.417969,0.406250
101,14_010,0.445312,3.781119,0.389844,0.369531,0.458594,0.389844,0.557813,0.455469,0.369531,0.557813,0.440625,0.458594,0.455469,0.440625
101,14_011,0.460677,3.634147,0.419531,0.417969,0.404687,0.419531,0.669531,0.426562,0.417969,0.669531,0.425781,0.404687,0.426562,0.425781
101,14_100,0.501042,3.366938,0.400781,0.403906,0.401563,0.400781,0.681250,0.563281,0.403906,0.681250,0.555469,0.401563,0.563281,0.555469
101,14_101,0.524870,3.272191,0.684375,0.564844,0.435937,0.684375,0.580469,0.448438,0.564844,0.580469,0.435156,0.435937,0.448438,0.435156
101,14_110,0.454818,3.723598,0.396875,0.371875,0.398438,0.396875,0.531250,0.498437,0.371875,0.531250,0.532031,0.398438,0.498437,0.532031
101,14_codon,0.458464,3.688942,0.382812,0.403125,0.439063,0.382812,0.438281,0.607031,0.403125,0.438281,0.480469,0.439063,0.607031,0.480469
101,15,0.404687,3.774469,0.469531,0.342969,0.428125,0.469531,0.402344,0.439844,0.342969,0.402344,0.345313,0.428125,0.439844,0.345313
101,15_001,0.511198,3.346422,0.575000,0.667188,0.412500,0.575000,0.575000,0.425781,0.667188,0.575000,0.411719,0.412500,0.425781,0.411719
101,15_010,0.442448,3.770947,0.571094,0.469531,0.414062,0.571094,0.421094,0.354688,0.469531,0.421094,0.424219,0.414062,0.354688,0.424219
101,15_011,0.460938,3.694009,0.520312,0.490625,0.368750,0.520312,0.521094,0.435937,0.490625,0.521094,0.428906,0.368750,0.435937,0.428906
101,15_100,0.499740,3.380908,0.575000,0.408594,0.567187,0.575000,0.392188,0.664062,0.408594,0.392188,0.391406,0.567187,0.664062,0.391406
101,15_101,0.523438,3.253951,0.650000,0.542969,0.524219,0.650000,0.518750,0.518750,0.542969,0.518750,0.385938,0.524219,0.518750,0.385938
101,15_110,0.496615,3.436960,0.577344,0.393750,0.557031,0.577344,0.390625,0.677344,0.393750,0.390625,0.383594,0.557031,0.677344,0.383594
101,15_codon,0.455339,3.688569,0.428125,0.437500,0.483594,0.428125,0.376563,0.582031,0.437500,0.376563,0.424219,0.483594,0.582031,0.424219
101,16,0.383594,3.851345,0.357031,0.358594,0.398438,0.357031,0.378125,0.399219,0.358594,0.378125,0.410156,0.398438,0.399219,0.410156
101,16_001,0.505599,3.350172,0.397656,0.410937,0.407031,0.397656,0.682031,0.557031,0.410937,0.682031,0.578906,0.407031,0.557031,0.578906
101,16_010,0.437760,3.809977,0.457812,0.358594,0.385938,0.457812,0.428125,0.452344,0.358594,0.428125,0.543750,0.385938,0.452344,0.543750
101,16_011,0.457161,3.696986,0.490625,0.467187,0.449219,0.490625,0.538281,0.392969,0.467187,0.538281,0.404687,0.449219,0.392969,0.404687
101,16_100,0.504167,3.370263,0.578125,0.410937,0.566406,0.578125,0.403906,0.667188,0.410937,0.403906,0.398438,0.566406,0.667188,0.398438
101,16_101,0.525260,3.258511,0.592187,0.431250,0.631250,0.592187,0.459375,0.606250,0.431250,0.459375,0.431250,0.631250,0.606250,0.431250
101,16_110,0.470443,3.616903,0.387500,0.391406,0.427344,0.387500,0.690625,0.458594,0.391406,0.690625,0.467187,0.427344,0.458594,0.467187
101,16_codon,0.445964,3.710854,0.398438,0.428125,0.363281,0.398438,0.464844,0.512500,0.428125,0.464844,0.508594,0.363281,0.512500,0.508594
101,17,0.395703,3.752235,0.371875,0.446094,0.383594,0.371875,0.392969,0.363281,0.446094,0.392969,0.416406,0.383594,0.363281,0.416406
101,17_001,0.486198,3.436493,0.447656,0.457812,0.377344,0.447656,0.698438,0.465625,0.457812,0.698438,0.470313,0.377344,0.465625,0.470313
101,17_010,0.439193,3.796797,0.360156,0.429688,0.563281,0.360156,0.413281,0.400000,0.429688,0.413281,0.468750,0.563281,0.400000,0.468750
101,17_011,0.460156,3.641117,0.463281,0.595313,0.407031,0.463281,0.467969,0.436719,0.595313,0.467969,0.390625,0.407031,0.436719,0.390625
101,17_100,0.504167,3.357025,0.400781,0.548438,0.674219,0.400781,0.412500,0.420312,0.548438,0.412500,0.568750,0.674219,0.420312,0.568750
101,17_101,0.520573,3.255744,0.405469,0.457812,0.475781,0.405469,0.604688,0.571875,0.457812,0.604688,0.607812,0.475781,0.571875,0.607812
101,17_110,0.446745,3.758995,0.432813,0.411719,0.453906,0.432813,0.465625,0.428906,0.411719,0.465625,0.487500,0.453906,0.428906,0.487500
101,17_codon,0.477474,3.514987,0.396094,0.561719,0.595313,0.396094,0.373437,0.417969,0.561719,0.373437,0.520312,0.595313,0.417969,0.520312
101,18,0.395703,3.873183,0.375000,0.399219,0.485156,0.375000,0.346875,0.366406,0.399219,0.346875,0.401563,0.485156,0.366406,0.401563
101,18_001,0.503385,3.364343,0.396875,0.561719,0.577344,0.396875,0.390625,0.410156,0.561719,0.390625,0.683594,0.577344,0.410156,0.683594
101,18_010,0.442708,3.795187,0.430469,0.360938,0.549219,0.430469,0.447656,0.466406,0.360938,0.447656,0.401563,0.549219,0.466406,0.401563
101,18_011,0.448828,3.757645,0.370313,0.510938,0.489062,0.370313,0.393750,0.426562,0.510938,0.393750,0.502344,0.489062,0.426562,0.502344
101,18_100,0.510026,3.319904,0.415625,0.671875,0.572656,0.415625,0.410937,0.425781,0.671875,0.410937,0.563281,0.572656,0.425781,0.563281
101,18_101,0.499479,3.352645,0.468750,0.615625,0.537500,0.468750,0.433594,0.450781,0.615625,0.433594,0.490625,0.537500,0.450781,0.490625
101,18_110,0.445703,3.729900,0.431250,0.402344,0.542188,0.431250,0.407031,0.446875,0.402344,0.407031,0.444531,0.542188,0.446875,0.444531
101,18_codon,0.457812,3.664152,0.523438,0.408594,0.549219,0.523438,0.400000,0.510938,0.408594,0.400000,0.354688,0.549219,0.510938,0.354688
101,19,0.401953,3.805948,0.446094,0.435156,0.404687,0.446094,0.393750,0.321875,0.435156,0.393750,0.410156,0.404687,0.321875,0.410156
101,19_001,0.503906,3.377253,0.578906,0.654687,0.412500,0.578906,0.555469,0.419531,0.654687,0.555469,0.402344,0.412500,0.419531,0.402344
101,19_010,0.433984,3.820461,0.561719,0.417969,0.336719,0.561719,0.475000,0.395312,0.417969,0.475000,0.417188,0.336719,0.395312,0.417188
101,19_011,0.471484,3.629878,0.689063,0.457031,0.402344,0.689063,0.454688,0.397656,0.457031,0.454688,0.428125,0.402344,0.397656,0.428125
101,19_100,0.500000,3.372421,0.575000,0.669531,0.403125,0.575000,0.562500,0.399219,0.669531,0.562500,0.390625,0.403125,0.399219,0.390625
101,19_101,0.523047,3.259539,0.470313,0.545312,0.628906,0.470313,0.492188,0.466406,0.545312,0.492188,0.535156,0.628906,0.466406,0.535156
101,19_110,0.495313,3.460081,0.667188,0.553906,0.398438,0.667188,0.554688,0.392969,0.553906,0.554688,0.404687,0.398438,0.392969,0.404687
101,19_codon,0.460677,3.761856,0.530469,0.514062,0.408594,0.530469,0.556250,0.360938,0.514062,0.556250,0.393750,0.408594,0.360938,0.393750
101,1_001,0.504948,3.341040,0.396875,0.408594,0.411719,0.396875,0.670312,0.571094,0.408594,0.670312,0.571094,0.411719,0.571094,0.571094
101,1_010,0.441667,3.785113,0.414844,0.359375,0.421875,0.414844,0.567187,0.464844,0.359375,0.567187,0.421875,0.421875,0.464844,0.421875
101,1_011,0.474089,3.587830,0.518750,0.483594,0.403906,0.518750,0.653125,0.409375,0.483594,0.653125,0.375781,0.403906,0.409375,0.375781
101,1_100,0.491927,3.411451,0.386719,0.490625,0.485156,0.386719,0.457812,0.447656,0.490625,0.457812,0.683594,0.485156,0.447656,0.683594
101,1_101,0.525521,3.251623,0.376563,0.464063,0.454688,0.376563,0.582812,0.603906,0.464063,0.582812,0.671094,0.454688,0.603906,0.671094
101,1_110,0.452474,3.721726,0.478125,0.416406,0.446094,0.478125,0.577344,0.428906,0.416406,0.577344,0.367969,0.446094,0.428906,0.367969
101,1_codon,0.441797,3.801335,0.368750,0.391406,0.430469,0.368750,0.541406,0.456250,0.391406,0.541406,0.462500,0.430469,0.456250,0.462500
101,2,0.385677,3.835225,0.424219,0.399219,0.389844,0.424219,0.357031,0.392188,0.399219,0.357031,0.351562,0.389844,0.392188,0.351562
101,20,0.410026,3.763998,0.359375,0.396094,0.435156,0.359375,0.382031,0.406250,0.396094,0.382031,0.481250,0.435156,0.406250,0.481250
101,20_001,0.515365,3.332824,0.440625,0.414844,0.429688,0.440625,0.556250,0.574219,0.414844,0.556250,0.676562,0.429688,0.574219,0.676562
101,20_010,0.439063,3.811456,0.398438,0.427344,0.360938,0.398438,0.463281,0.557813,0.427344,0.463281,0.426562,0.360938,0.557813,0.426562
101,20_011,0.464453,3.672004,0.410156,0.414062,0.373437,0.410156,0.515625,0.503125,0.414062,0.515625,0.570312,0.373437,0.503125,0.570312
101,20_100,0.488281,3.397217,0.469531,0.468750,0.671094,0.469531,0.384375,0.464844,0.468750,0.384375,0.471094,0.671094,0.464844,0.471094
101,20_101,0.524089,3.261516,0.416406,0.640625,0.625781,0.416406,0.400000,0.460938,0.640625,0.400000,0.600781,0.625781,0.460938,0.600781
101,20_110,0.460026,3.622840,0.406250,0.406250,0.375000,0.406250,0.503125,0.496875,0.406250,0.503125,0.572656,0.375000,0.496875,0.572656
101,20_codon,0.453516,3.719050,0.420312,0.435156,0.374219,0.420312,0.490625,0.480469,0.435156,0.490625,0.520312,0.374219,0.480469,0.520312
101,21,0.376302,3.932565,0.414062,0.378906,0.355469,0.414062,0.353906,0.407813,0.378906,0.353906,0.347656,0.355469,0.407813,0.347656
101,21_001,0.492448,3.427777,0.367969,0.472656,0.461719,0.367969,0.478125,0.480469,0.472656,0.478125,0.693750,0.461719,0.480469,0.693750
101,21_010,0.437760,3.815299,0.468750,0.435156,0.417969,0.468750,0.393750,0.560937,0.435156,0.393750,0.350000,0.417969,0.560937,0.350000
101,21_011,0.451693,3.670057,0.464063,0.450781,0.489844,0.464063,0.411719,0.498437,0.450781,0.411719,0.395312,0.489844,0.498437,0.395312
101,21_100,0.503255,3.387562,0.392188,0.652344,0.571875,0.392188,0.413281,0.414844,0.652344,0.413281,0.575000,0.571875,0.414844,0.575000
101,21_101,0.511328,3.308975,0.439844,0.478906,0.550781,0.439844,0.452344,0.632031,0.478906,0.452344,0.514062,0.550781,0.632031,0.514062
101,21_110,0.461719,3.586920,0.451562,0.400781,0.423438,0.451562,0.428906,0.670312,0.400781,0.428906,0.395312,0.423438,0.670312,0.395312
101,21_codon,0.453776,3.723724,0.429688,0.433594,0.371094,0.429688,0.495313,0.566406,0.433594,0.495313,0.426562,0.371094,0.566406,0.426562
101,22,0.386458,3.927664,0.432813,0.339844,0.446094,0.432813,0.402344,0.374219,0.339844,0.402344,0.323438,0.446094,0.374219,0.323438
101,22_001,0.488802,3.426938,0.621875,0.387500,0.596094,0.621875,0.391406,0.568750,0.387500,0.391406,0.367188,0.596094,0.568750,0.367188
101,22_010,0.444010,3.781237,0.404687,0.428906,0.352344,0.404687,0.476562,0.577344,0.428906,0.476562,0.424219,0.352344,0.577344,0.424219
101,22_011,0.461458,3.621953,0.385156,0.375000,0.428125,0.385156,0.563281,0.560156,0.375000,0.563281,0.457031,0.428125,0.560156,0.457031
101,22_100,0.504948,3.354833,0.400000,0.413281,0.409375,0.400000,0.560937,0.675000,0.413281,0.560937,0.571094,0.409375,0.675000,0.571094
101,22_101,0.513281,3.303667,0.421875,0.478906,0.546875,0.421875,0.487500,0.578906,0.478906,0.487500,0.565625,0.546875,0.578906,0.565625
101,22_110,0.467839,3.642598,0.411719,0.410156,0.382031,0.411719,0.556250,0.496094,0.410156,0.556250,0.550781,0.382031,0.496094,0.550781
101,22_codon,0.432682,3.854908,0.346094,0.439063,0.420312,0.346094,0.413281,0.484375,0.439063,0.413281,0.492969,0.420312,0.484375,0.492969
101,23,0.372526,3.885353,0.325000,0.382812,0.402344,0.325000,0.346875,0.403125,0.382812,0.346875,0.375000,0.402344,0.403125,0.375000
101,23_001,0.489193,3.411826,0.471094,0.360156,0.469531,0.471094,0.466406,0.703906,0.360156,0.466406,0.464063,0.469531,0.703906,0.464063
101,23_010,0.440104,3.787451,0.364844,0.412500,0.564063,0.364844,0.423438,0.412500,0.412500,0.423438,0.463281,0.564063,0.412500,0.463281
101,23_011,0.464453,3.613699,0.434375,0.398438,0.383594,0.434375,0.455469,0.441406,0.398438,0.455469,0.673438,0.383594,0.441406,0.673438
101,23_100,0.504297,3.379730,0.564063,0.414062,0.593750,0.564063,0.392969,0.657031,0.414062,0.392969,0.403906,0.593750,0.657031,0.403906
101,23_101,0.521484,3.278980,0.416406,0.579688,0.665625,0.416406,0.446094,0.436719,0.579688,0.446094,0.584375,0.665625,0.436719,0.584375
101,23_110,0.458464,3.690923,0.504687,0.414062,0.571094,0.504687,0.398438,0.495313,0.414062,0.398438,0.367188,0.571094,0.495313,0.367188
101,23_codon,0.450260,3.676084,0.384375,0.394531,0.360156,0.384375,0.456250,0.564844,0.394531,0.456250,0.541406,0.360156,0.564844,0.541406
101,24,0.396875,3.870986,0.423438,0.411719,0.399219,0.423438,0.416406,0.396875,0.411719,0.416406,0.333594,0.399219,0.396875,0.333594
101,24_001,0.516016,3.320534,0.423438,0.410937,0.427344,0.423438,0.664844,0.595313,0.410937,0.664844,0.574219,0.427344,0.595313,0.574219
101,24_010,0.439844,3.785806,0.414062,0.352344,0.570312,0.414062,0.427344,0.467187,0.352344,0.427344,0.407813,0.570312,0.467187,0.407813
101,24_011,0.486979,3.514443,0.650000,0.389062,0.527344,0.650000,0.407031,0.544531,0.389062,0.407031,0.403906,0.527344,0.544531,0.403906
101,24_100,0.517708,3.335297,0.583594,0.428125,0.575000,0.583594,0.421875,0.677344,0.428125,0.421875,0.420312,0.575000,0.677344,0.420312
101,24_101,0.518620,3.256566,0.606250,0.435156,0.498437,0.606250,0.509375,0.554688,0.435156,0.509375,0.507812,0.498437,0.554688,0.507812
101,24_110,0.496094,3.491945,0.567187,0.388281,0.675000,0.567187,0.404687,0.558594,0.388281,0.404687,0.382812,0.675000,0.558594,0.382812
101,24_codon,0.449870,3.795351,0.421875,0.409375,0.421875,0.421875,0.455469,0.560156,0.409375,0.455469,0.430469,0.421875,0.560156,0.430469
101,25,0.401172,3.800537,0.401563,0.410937,0.439063,0.401563,0.351562,0.382812,0.410937,0.351562,0.421094,0.439063,0.382812,0.421094
101,25_001,0.504427,3.366590,0.404687,0.563281,0.567187,0.404687,0.407031,0.398438,0.563281,0.407031,0.685937,0.567187,0.398438,0.685937
101,25_010,0.442057,3.804244,0.467187,0.446094,0.430469,0.467187,0.393750,0.557813,0.446094,0.393750,0.357031,0.430469,0.557813,0.357031
101,25_011,0.474609,3.567735,0.420312,0.470313,0.676562,0.420312,0.430469,0.391406,0.470313,0.430469,0.458594,0.676562,0.391406,0.458594
101,25_100,0.518620,3.316879,0.567969,0.425781,0.556250,0.567969,0.441406,0.690625,0.425781,0.441406,0.429688,0.556250,0.690625,0.429688
101,25_101,0.517318,3.321662,0.416406,0.577344,0.645312,0.416406,0.407031,0.460156,0.577344,0.407031,0.597656,0.645312,0.460156,0.597656
101,25_110,0.479167,3.566697,0.692187,0.398438,0.463281,0.692187,0.410156,0.472656,0.398438,0.410156,0.438281,0.463281,0.472656,0.438281
101,25_codon,0.453776,3.682432,0.430469,0.398438,0.457031,0.430469,0.393750,0.600781,0.398438,0.393750,0.442187,0.457031,0.600781,0.442187
101,26,0.387891,3.842528,0.394531,0.458594,0.357031,0.394531,0.363281,0.394531,0.458594,0.363281,0.359375,0.357031,0.394531,0.359375
101,26_001,0.506510,3.360370,0.568750,0.671094,0.412500,0.568750,0.565625,0.413281,0.671094,0.565625,0.407813,0.412500,0.413281,0.407813
101,26_010,0.437240,3.804161,0.437500,0.467969,0.427344,0.437500,0.556250,0.344531,0.467969,0.556250,0.389844,0.427344,0.344531,0.389844
101,26_011,0.482682,3.506114,0.400000,0.603906,0.533594,0.400000,0.385156,0.382031,0.603906,0.385156,0.591406,0.533594,0.382031,0.591406
101,26_100,0.508724,3.351546,0.561719,0.682031,0.417969,0.561719,0.567187,0.417188,0.682031,0.567187,0.406250,0.417969,0.417188,0.406250
101,26_101,0.519401,3.277728,0.593750,0.628906,0.461719,0.593750,0.554688,0.417188,0.628906,0.554688,0.460156,0.461719,0.417188,0.460156
101,26_110,0.489714,3.525491,0.394531,0.390625,0.395312,0.394531,0.549219,0.624219,0.390625,0.549219,0.584375,0.395312,0.624219,0.584375
101,26_codon,0.467448,3.639314,0.403125,0.397656,0.406250,0.403125,0.465625,0.671875,0.397656,0.465625,0.460156,0.406250,0.671875,0.460156
101,27,0.392057,3.847865,0.397656,0.431250,0.420312,0.397656,0.359375,0.349219,0.431250,0.359375,0.394531,0.420312,0.349219,0.394531
101,27_001,0.505339,3.343567,0.422656,0.403906,0.404687,0.422656,0.562500,0.572656,0.403906,0.562500,0.665625,0.404687,0.572656,0.665625
101,27_010,0.437500,3.816501,0.345313,0.425000,0.555469,0.345313,0.426562,0.400000,0.425000,0.426562,0.472656,0.555469,0.400000,0.472656
101,27_011,0.463542,3.584517,0.434375,0.400000,0.678906,0.434375,0.396875,0.454688,0.400000,0.396875,0.416406,0.678906,0.454688,0.416406
101,27_100,0.511068,3.354851,0.412500,0.560156,0.674219,0.412500,0.416406,0.434375,0.560156,0.416406,0.568750,0.674219,0.434375,0.568750
101,27_101,0.527214,3.276511,0.427344,0.663281,0.592187,0.427344,0.429688,0.455469,0.663281,0.429688,0.595313,0.592187,0.455469,0.595313
101,27_110,0.488151,3.537376,0.555469,0.385938,0.624219,0.555469,0.392188,0.575000,0.385938,0.392188,0.396094,0.624219,0.575000,0.396094
101,27_codon,0.450781,3.725060,0.417188,0.425781,0.380469,0.417188,0.450781,0.489062,0.425781,0.450781,0.541406,0.380469,0.489062,0.541406
101,28,0.391146,3.845760,0.368750,0.425000,0.399219,0.368750,0.385156,0.353906,0.425000,0.385156,0.414844,0.399219,0.353906,0.414844
101,28_001,0.512760,3.353235,0.417188,0.584375,0.582812,0.417188,0.400781,0.409375,0.584375,0.400781,0.682031,0.582812,0.409375,0.682031
101,28_010,0.444401,3.780246,0.432813,0.467187,0.414062,0.432813,0.418750,0.369531,0.467187,0.418750,0.564063,0.414062,0.369531,0.564063
101,28_011,0.464583,3.603320,0.412500,0.672656,0.439063,0.412500,0.417969,0.400781,0.672656,0.417969,0.444531,0.439063,0.400781,0.444531
101,28_100,0.502604,3.359354,0.403125,0.673438,0.574219,0.403125,0.400781,0.403125,0.673438,0.400781,0.560937,0.574219,0.403125,0.560937
101,28_101,0.509375,3.284121,0.467187,0.471875,0.595313,0.467187,0.430469,0.501563,0.471875,0.430469,0.589844,0.595313,0.501563,0.589844
101,28_110,0.481380,3.554726,0.373437,0.587500,0.635156,0.373437,0.367188,0.364062,0.587500,0.367188,0.560937,0.635156,0.364062,0.560937
101,28_codon,0.453385,3.720231,0.438281,0.414844,0.398438,0.438281,0.463281,0.446094,0.414844,0.463281,0.559375,0.398438,0.446094,0.559375
101,29,0.390104,3.823339,0.406250,0.401563,0.395312,0.406250,0.382812,0.375781,0.401563,0.382812,0.378906,0.395312,0.375781,0.378906
101,29_001,0.510547,3.354067,0.412500,0.425000,0.401563,0.412500,0.582031,0.671875,0.425000,0.582031,0.570312,0.401563,0.671875,0.570312
101,29_010,0.441146,3.809999,0.485156,0.515625,0.411719,0.485156,0.471094,0.331250,0.515625,0.471094,0.432031,0.411719,0.331250,0.432031
101,29_011,0.468359,3.557896,0.455469,0.400000,0.428906,0.455469,0.435937,0.679688,0.400000,0.435937,0.410156,0.428906,0.679688,0.410156
101,29_100,0.497005,3.391770,0.398438,0.557031,0.675781,0.398438,0.394531,0.392969,0.557031,0.394531,0.563281,0.675781,0.392969,0.563281
101,29_101,0.523177,3.261291,0.628906,0.439844,0.629687,0.628906,0.400000,0.586719,0.439844,0.400000,0.453906,0.629687,0.586719,0.453906
101,29_110,0.439193,3.803080,0.435156,0.408594,0.574219,0.435156,0.396875,0.446094,0.408594,0.396875,0.374219,0.574219,0.446094,0.374219
101,29_codon,0.442839,3.802786,0.360156,0.466406,0.400781,0.360156,0.418750,0.550781,0.466406,0.418750,0.460156,0.400781,0.550781,0.460156
101,2_001,0.503906,3.350646,0.400781,0.574219,0.692187,0.400781,0.386719,0.395312,0.574219,0.386719,0.574219,0.692187,0.395312,0.574219
101,2_010,0.442057,3.809588,0.564063,0.414062,0.475000,0.564063,0.346094,0.416406,0.414062,0.346094,0.436719,0.475000,0.416406,0.436719
101,2_011,0.470964,3.582434,0.410937,0.517188,0.560156,0.410937,0.396094,0.371094,0.517188,0.396094,0.570312,0.560156,0.371094,0.570312
101,2_100,0.504818,3.357712,0.557031,0.405469,0.568750,0.557031,0.407031,0.680469,0.405469,0.407031,0.410156,0.568750,0.680469,0.410156
101,2_101,0.506771,3.335527,0.388281,0.574219,0.693750,0.388281,0.367188,0.416406,0.574219,0.367188,0.600781,0.693750,0.416406,0.600781
101,2_110,0.497656,3.434121,0.565625,0.393750,0.667188,0.565625,0.393750,0.575000,0.393750,0.393750,0.390625,0.667188,0.575000,0.390625
101,2_codon,0.451042,3.734654,0.389062,0.416406,0.439063,0.389062,0.416406,0.576562,0.416406,0.416406,0.468750,0.439063,0.576562,0.468750
101,3,0.407161,3.719808,0.435156,0.456250,0.382812,0.435156,0.422656,0.356250,0.456250,0.422656,0.389844,0.382812,0.356250,0.389844
101,30,0.408073,3.735877,0.387500,0.455469,0.468750,0.387500,0.351562,0.392969,0.455469,0.351562,0.392188,0.468750,0.392969,0.392188
101,30_001,0.501042,3.366540,0.396875,0.578906,0.675000,0.396875,0.399219,0.391406,0.578906,0.399219,0.564844,0.675000,0.391406,0.564844
101,30_010,0.442448,3.784819,0.350000,0.564844,0.425781,0.350000,0.402344,0.435156,0.564844,0.402344,0.476562,0.425781,0.435156,0.476562
101,30_011,0.474219,3.550459,0.399219,0.473437,0.680469,0.399219,0.432813,0.392188,0.473437,0.432813,0.467187,0.680469,0.392188,0.467187
101,30_100,0.494010,3.392657,0.471094,0.684375,0.478906,0.471094,0.482812,0.367969,0.684375,0.482812,0.478906,0.478906,0.367969,0.478906
101,30_101,0.517318,3.334459,0.507031,0.609375,0.553125,0.507031,0.475781,0.410937,0.609375,0.475781,0.547656,0.553125,0.410937,0.547656
101,30_110,0.461198,3.619828,0.478125,0.584375,0.480469,0.478125,0.401563,0.383594,0.584375,0.401563,0.439063,0.480469,0.383594,0.439063
101,30_codon,0.453125,3.740781,0.378906,0.420312,0.429688,0.378906,0.476562,0.516406,0.420312,0.476562,0.496875,0.429688,0.516406,0.496875
101,31,0.404818,3.799057,0.450781,0.448438,0.427344,0.450781,0.396094,0.342969,0.448438,0.396094,0.363281,0.427344,0.342969,0.363281
101,31_001,0.502474,3.360548,0.385938,0.582031,0.684375,0.385938,0.399219,0.390625,0.582031,0.399219,0.572656,0.684375,0.390625,0.572656
101,31_010,0.445052,3.770695,0.353906,0.582812,0.421094,0.353906,0.401563,0.432031,0.582812,0.401563,0.478906,0.421094,0.432031,0.478906
101,31_011,0.455078,3.731878,0.389844,0.566406,0.481250,0.389844,0.396094,0.369531,0.566406,0.396094,0.527344,0.481250,0.369531,0.527344
101,31_100,0.509505,3.372739,0.658594,0.562500,0.409375,0.658594,0.571094,0.428125,0.562500,0.571094,0.427344,0.409375,0.428125,0.427344
101,31_101,0.518880,3.273288,0.560937,0.436719,0.671094,0.560937,0.432813,0.559375,0.436719,0.432813,0.452344,0.671094,0.559375,0.452344
101,31_110,0.475781,3.547948,0.700000,0.402344,0.490625,0.700000,0.388281,0.471094,0.402344,0.388281,0.402344,0.490625,0.471094,0.402344
101,31_codon,0.448177,3.726055,0.420312,0.397656,0.419531,0.420312,0.406250,0.566406,0.397656,0.406250,0.478906,0.419531,0.566406,0.478906
101,32,0.404167,3.744935,0.442969,0.431250,0.361719,0.442969,0.425781,0.396875,0.431250,0.425781,0.366406,0.361719,0.396875,0.366406
101,32_001,0.509505,3.356208,0.413281,0.591406,0.641406,0.413281,0.439063,0.405469,0.591406,0.439063,0.566406,0.641406,0.405469,0.566406
101,32_010,0.443880,3.767007,0.436719,0.584375,0.346875,0.436719,0.477344,0.423438,0.584375,0.477344,0.394531,0.346875,0.423438,0.394531
101,32_011,0.450391,3.710896,0.545312,0.439844,0.407813,0.545312,0.492188,0.413281,0.439844,0.492188,0.403906,0.407813,0.413281,0.403906
101,32_100,0.498958,3.365736,0.696875,0.550781,0.390625,0.696875,0.563281,0.405469,0.550781,0.563281,0.386719,0.390625,0.405469,0.386719
101,32_101,0.524609,3.280551,0.646875,0.600781,0.427344,0.646875,0.596094,0.422656,0.600781,0.596094,0.453906,0.427344,0.422656,0.453906
101,32_110,0.470703,3.675079,0.535937,0.550000,0.406250,0.535937,0.527344,0.411719,0.550000,0.527344,0.392969,0.406250,0.411719,0.392969
101,32_codon,0.446615,3.745813,0.390625,0.402344,0.417969,0.390625,0.616406,0.410156,0.402344,0.616406,0.442187,0.417969,0.410156,0.442187
101,33,0.383073,3.895076,0.320312,0.352344,0.396094,0.320312,0.423438,0.368750,0.352344,0.423438,0.437500,0.396094,0.368750,0.437500
101,33_001,0.503516,3.347703,0.396094,0.567187,0.564063,0.396094,0.396094,0.403906,0.567187,0.396094,0.693750,0.564063,0.403906,0.693750
101,33_010,0.434766,3.806193,0.410156,0.413281,0.478125,0.410156,0.346094,0.398438,0.413281,0.346094,0.562500,0.478125,0.398438,0.562500
101,33_011,0.457552,3.680319,0.402344,0.453906,0.428906,0.402344,0.436719,0.403125,0.453906,0.436719,0.620313,0.428906,0.403125,0.620313
101,33_100,0.507682,3.330995,0.413281,0.404687,0.407031,0.413281,0.582031,0.571094,0.404687,0.582031,0.667969,0.407031,0.571094,0.667969
101,33_101,0.525260,3.256072,0.462500,0.617188,0.591406,0.462500,0.426562,0.415625,0.617188,0.426562,0.638281,0.591406,0.415625,0.638281
101,33_110,0.486849,3.510456,0.371875,0.389844,0.387500,0.371875,0.551562,0.655469,0.389844,0.551562,0.564844,0.387500,0.655469,0.564844
101,33_codon,0.460417,3.642186,0.394531,0.394531,0.410156,0.394531,0.464844,0.484375,0.394531,0.464844,0.614062,0.410156,0.484375,0.614062
101,34,0.381120,3.926638,0.353125,0.410156,0.374219,0.353125,0.353906,0.425781,0.410156,0.353906,0.369531,0.374219,0.425781,0.369531
101,34_001,0.498307,3.402642,0.561719,0.659375,0.397656,0.561719,0.571875,0.403906,0.659375,0.571875,0.395312,0.397656,0.403906,0.395312
101,34_010,0.440104,3.788514,0.405469,0.426562,0.352344,0.405469,0.473437,0.566406,0.426562,0.473437,0.416406,0.352344,0.566406,0.416406
101,34_011,0.438672,3.721370,0.550781,0.447656,0.485156,0.550781,0.397656,0.388281,0.447656,0.397656,0.362500,0.485156,0.388281,0.362500
101,34_100,0.498568,3.386394,0.553906,0.554688,0.389062,0.553906,0.701562,0.389062,0.554688,0.701562,0.403125,0.389062,0.389062,0.403125
101,34_101,0.489062,3.428785,0.435156,0.437500,0.660937,0.435156,0.407813,0.491406,0.437500,0.407813,0.501563,0.660937,0.491406,0.501563
101,34_110,0.445703,3.752560,0.430469,0.410156,0.407813,0.430469,0.471875,0.539062,0.410156,0.471875,0.414844,0.407813,0.539062,0.414844
101,34_codon,0.459245,3.691987,0.412500,0.439063,0.403125,0.412500,0.488281,0.445312,0.439063,0.488281,0.567187,0.403125,0.445312,0.567187
101,35,0.390365,3.782994,0.400781,0.307813,0.425000,0.400781,0.396094,0.450781,0.307813,0.396094,0.361719,0.425000,0.450781,0.361719
101,35_001,0.491146,3.432719,0.597656,0.557813,0.375000,0.597656,0.626563,0.389062,0.557813,0.626563,0.400781,0.375000,0.389062,0.400781
101,35_010,0.439453,3.816046,0.343750,0.429688,0.401563,0.343750,0.425000,0.557031,0.429688,0.425000,0.479688,0.401563,0.557031,0.479688
101,35_011,0.427604,3.818661,0.404687,0.449219,0.359375,0.404687,0.500000,0.446094,0.449219,0.500000,0.406250,0.359375,0.446094,0.406250
101,35_100,0.509766,3.356390,0.676562,0.583594,0.403125,0.676562,0.578906,0.404687,0.583594,0.578906,0.411719,0.403125,0.404687,0.411719
101,35_101,0.524219,3.262204,0.653125,0.410156,0.596875,0.653125,0.469531,0.604688,0.410156,0.469531,0.410937,0.596875,0.604688,0.410937
101,35_110,0.463802,3.583879,0.386719,0.402344,0.393750,0.386719,0.536719,0.463281,0.402344,0.536719,0.600000,0.393750,0.463281,0.600000
101,35_codon,0.459245,3.753392,0.439063,0.454688,0.470313,0.439063,0.378906,0.596094,0.454688,0.378906,0.416406,0.470313,0.596094,0.416406
101,36,0.391276,3.833191,0.396094,0.400781,0.401563,0.396094,0.392188,0.376563,0.400781,0.392188,0.380469,0.401563,0.376563,0.380469
101,36_001,0.475130,3.514956,0.587500,0.567969,0.427344,0.587500,0.464063,0.375781,0.567969,0.464063,0.428125,0.427344,0.375781,0.428125
101,36_010,0.438542,3.781397,0.579688,0.401563,0.350781,0.579688,0.461719,0.410937,0.401563,0.461719,0.426562,0.350781,0.410937,0.426562
101,36_011,0.467187,3.540129,0.472656,0.685937,0.405469,0.472656,0.463281,0.346094,0.685937,0.463281,0.429688,0.405469,0.346094,0.429688
101,36_100,0.501953,3.347305,0.401563,0.406250,0.410156,0.401563,0.663281,0.563281,0.406250,0.663281,0.567187,0.410156,0.563281,0.567187
101,36_101,0.526563,3.266865,0.383594,0.453125,0.479688,0.383594,0.569531,0.614844,0.453125,0.569531,0.658594,0.479688,0.614844,0.658594
101,36_110,0.470964,3.539867,0.424219,0.429688,0.400000,0.424219,0.689063,0.436719,0.429688,0.689063,0.446094,0.400000,0.436719,0.446094
101,36_codon,0.447526,3.774014,0.370313,0.414844,0.445312,0.370313,0.566406,0.421875,0.414844,0.566406,0.466406,0.445312,0.421875,0.466406
101,37,0.414844,3.719595,0.353125,0.430469,0.375000,0.353125,0.482031,0.409375,0.430469,0.482031,0.439063,0.375000,0.409375,0.439063
101,37_001,0.501693,3.374122,0.392188,0.389062,0.401563,0.392188,0.675781,0.573438,0.389062,0.675781,0.578125,0.401563,0.573438,0.578125
101,37_010,0.427995,3.863322,0.393750,0.485938,0.440625,0.393750,0.514062,0.324219,0.485938,0.514062,0.409375,0.440625,0.324219,0.409375
101,37_011,0.465104,3.570552,0.432031,0.430469,0.410937,0.432031,0.692187,0.410156,0.430469,0.692187,0.414844,0.410937,0.410156,0.414844
101,37_100,0.500911,3.354226,0.408594,0.392188,0.389844,0.408594,0.567969,0.576562,0.392188,0.567969,0.670312,0.389844,0.576562,0.670312
101,37_101,0.514714,3.292201,0.457031,0.504687,0.428125,0.457031,0.606250,0.557813,0.504687,0.606250,0.534375,0.428125,0.557813,0.534375
101,37_110,0.464583,3.722584,0.440625,0.359375,0.446094,0.440625,0.471094,0.542188,0.359375,0.471094,0.528125,0.446094,0.542188,0.528125
101,37_codon,0.450391,3.761587,0.377344,0.414844,0.446875,0.377344,0.551562,0.444531,0.414844,0.551562,0.467187,0.446875,0.444531,0.467187
101,38,0.384375,3.861499,0.335938,0.343750,0.330469,0.335938,0.448438,0.425000,0.343750,0.448438,0.422656,0.330469,0.425000,0.422656
101,38_001,0.487109,3.440106,0.482031,0.467187,0.385938,0.482031,0.696094,0.448438,0.467187,0.696094,0.442969,0.385938,0.448438,0.442969
101,38_010,0.444531,3.760546,0.341406,0.393750,0.416406,0.341406,0.581250,0.436719,0.393750,0.581250,0.497656,0.416406,0.436719,0.497656
101,38_011,0.475521,3.562871,0.353906,0.374219,0.385938,0.353906,0.621875,0.551562,0.374219,0.621875,0.565625,0.385938,0.551562,0.565625
101,38_100,0.500260,3.369797,0.396875,0.399219,0.396094,0.396875,0.668750,0.582031,0.399219,0.668750,0.558594,0.396094,0.582031,0.558594
101,38_101,0.521224,3.276270,0.475000,0.476562,0.439063,0.475000,0.573438,0.635938,0.476562,0.573438,0.527344,0.439063,0.635938,0.527344
101,38_110,0.469401,3.585064,0.426562,0.407813,0.395312,0.426562,0.471094,0.457031,0.407813,0.471094,0.658594,0.395312,0.457031,0.658594
101,38_codon,0.460156,3.726620,0.384375,0.405469,0.413281,0.384375,0.582812,0.504687,0.405469,0.582812,0.470313,0.413281,0.504687,0.470313
101,39,0.380208,3.881458,0.359375,0.344531,0.389844,0.359375,0.378906,0.435937,0.344531,0.378906,0.372656,0.389844,0.435937,0.372656
101,39_001,0.503125,3.340880,0.404687,0.400781,0.385156,0.404687,0.574219,0.583594,0.400781,0.574219,0.670312,0.385156,0.583594,0.670312
101,39_010,0.439714,3.794482,0.424219,0.351562,0.564063,0.424219,0.428906,0.471875,0.351562,0.428906,0.397656,0.564063,0.471875,0.397656
101,39_011,0.458594,3.676821,0.409375,0.454688,0.400000,0.409375,0.454688,0.574219,0.454688,0.454688,0.458594,0.400000,0.574219,0.458594
101,39_100,0.501042,3.367736,0.691406,0.403125,0.567969,0.691406,0.385938,0.554688,0.403125,0.385938,0.403125,0.567969,0.554688,0.403125
101,39_101,0.517578,3.327833,0.391406,0.592187,0.586719,0.391406,0.428125,0.444531,0.592187,0.428125,0.662500,0.586719,0.444531,0.662500
101,39_110,0.451042,3.741061,0.488281,0.444531,0.553906,0.488281,0.428125,0.412500,0.444531,0.428125,0.378906,0.553906,0.412500,0.378906
101,39_codon,0.459375,3.660708,0.429688,0.375000,0.421875,0.429688,0.460156,0.598437,0.375000,0.460156,0.471094,0.421875,0.598437,0.471094
101,3_001,0.503255,3.354047,0.591406,0.670312,0.391406,0.591406,0.571094,0.403125,0.670312,0.571094,0.392188,0.391406,0.403125,0.392188
101,3_010,0.439583,3.816158,0.542969,0.419531,0.359375,0.542969,0.469531,0.400781,0.419531,0.469531,0.445312,0.359375,0.400781,0.445312
101,3_011,0.492188,3.506575,0.566406,0.657031,0.390625,0.566406,0.552344,0.404687,0.657031,0.552344,0.382031,0.390625,0.404687,0.382031
101,3_100,0.498958,3.382736,0.400000,0.405469,0.392188,0.400000,0.558594,0.562500,0.405469,0.558594,0.675000,0.392188,0.562500,0.675000
101,3_101,0.523828,3.281582,0.609375,0.594531,0.404687,0.609375,0.621094,0.431250,0.594531,0.621094,0.482031,0.404687,0.431250,0.482031
101,3_110,0.448177,3.762680,0.569531,0.449219,0.473437,0.569531,0.372656,0.391406,0.449219,0.372656,0.432813,0.473437,0.391406,0.432813
101,3_codon,0.448307,3.835261,0.347656,0.433594,0.445312,0.347656,0.432813,0.516406,0.433594,0.432813,0.514062,0.445312,0.516406,0.514062
101,4,0.378906,3.914038,0.392969,0.375781,0.386719,0.392969,0.371094,0.387500,0.375781,0.371094,0.359375,0.386719,0.387500,0.359375
101,40,0.393099,3.793417,0.334375,0.370313,0.428906,0.334375,0.391406,0.396094,0.370313,0.391406,0.437500,0.428906,0.396094,0.437500
101,40_001,0.493099,3.381163,0.383594,0.664844,0.568750,0.383594,0.384375,0.396875,0.664844,0.384375,0.560156,0.568750,0.396875,0.560156
101,40_010,0.439844,3.769613,0.433594,0.354688,0.398438,0.433594,0.417969,0.469531,0.354688,0.417969,0.564844,0.398438,0.469531,0.564844
101,40_011,0.459766,3.667710,0.418750,0.389844,0.446094,0.418750,0.577344,0.480469,0.389844,0.577344,0.446094,0.446094,0.480469,0.446094
101,40_100,0.502344,3.410967,0.567969,0.399219,0.565625,0.567969,0.409375,0.675781,0.399219,0.409375,0.396094,0.565625,0.675781,0.396094
101,40_101,0.516406,3.346390,0.572656,0.435937,0.608594,0.572656,0.417188,0.619531,0.435937,0.417188,0.444531,0.608594,0.619531,0.444531
101,40_110,0.466927,3.657801,0.378906,0.370313,0.358594,0.378906,0.553125,0.541406,0.370313,0.553125,0.599219,0.358594,0.541406,0.599219
101,40_codon,0.446875,3.695362,0.398438,0.371094,0.381250,0.398438,0.464063,0.525781,0.371094,0.464063,0.540625,0.381250,0.525781,0.540625
101,41,0.397917,3.826734,0.363281,0.430469,0.421094,0.363281,0.391406,0.335156,0.430469,0.391406,0.446094,0.421094,0.335156,0.446094
101,41_001,0.501563,3.398781,0.655469,0.557813,0.413281,0.655469,0.562500,0.409375,0.557813,0.562500,0.410937,0.413281,0.409375,0.410937
101,41_010,0.440625,3.805198,0.393750,0.474219,0.560937,0.393750,0.428906,0.346875,0.474219,0.428906,0.439063,0.560937,0.346875,0.439063
101,41_011,0.437760,3.758709,0.471875,0.453125,0.520312,0.471875,0.371094,0.417188,0.453125,0.371094,0.392969,0.520312,0.417188,0.392969
101,41_100,0.505469,3.341354,0.404687,0.584375,0.676562,0.404687,0.400781,0.396875,0.584375,0.400781,0.569531,0.676562,0.396875,0.569531
101,41_101,0.527865,3.289479,0.445312,0.591406,0.597656,0.445312,0.428906,0.432031,0.591406,0.428906,0.671875,0.597656,0.432031,0.671875
101,41_110,0.492578,3.502159,0.406250,0.569531,0.562500,0.406250,0.391406,0.378125,0.569531,0.391406,0.647656,0.562500,0.378125,0.647656
101,41_codon,0.460807,3.653964,0.385938,0.398438,0.406250,0.385938,0.458594,0.514844,0.398438,0.458594,0.600781,0.406250,0.514844,0.600781
101,42,0.391146,3.869607,0.345313,0.368750,0.333594,0.345313,0.415625,0.489062,0.368750,0.415625,0.394531,0.333594,0.489062,0.394531
101,42_001,0.488542,3.433571,0.490625,0.375781,0.479688,0.490625,0.441406,0.703906,0.375781,0.441406,0.439844,0.479688,0.703906,0.439844
101,42_010,0.436458,3.835873,0.540625,0.398438,0.464063,0.540625,0.345313,0.409375,0.398438,0.345313,0.460938,0.464063,0.409375,0.460938
101,42_011,0.452083,3.740309,0.497656,0.385156,0.551562,0.497656,0.378906,0.534375,0.385156,0.378906,0.364844,0.551562,0.534375,0.364844
101,42_100,0.510156,3.330055,0.396875,0.673438,0.579688,0.396875,0.404687,0.413281,0.673438,0.404687,0.592969,0.579688,0.413281,0.592969
101,42_101,0.527083,3.283407,0.434375,0.453906,0.428906,0.434375,0.585156,0.675781,0.453906,0.585156,0.584375,0.428906,0.675781,0.584375
101,42_110,0.450260,3.742459,0.570312,0.405469,0.463281,0.570312,0.398438,0.493750,0.405469,0.398438,0.370313,0.463281,0.493750,0.370313
101,42_codon,0.447656,3.789561,0.374219,0.436719,0.410156,0.374219,0.425000,0.574219,0.436719,0.425000,0.465625,0.410156,0.574219,0.465625
101,43,0.394531,3.829649,0.361719,0.353125,0.371094,0.361719,0.417969,0.439063,0.353125,0.417969,0.424219,0.371094,0.439063,0.424219
101,43_001,0.499349,3.395517,0.676562,0.403906,0.551562,0.676562,0.414062,0.551562,0.403906,0.414062,0.398438,0.551562,0.551562,0.398438
101,43_010,0.442839,3.797679,0.421094,0.348437,0.410156,0.421094,0.421875,0.489062,0.348437,0.421875,0.566406,0.410156,0.489062,0.566406
101,43_011,0.467318,3.529270,0.661719,0.416406,0.475781,0.661719,0.379687,0.435937,0.416406,0.379687,0.434375,0.475781,0.435937,0.434375
101,43_100,0.502734,3.361458,0.398438,0.389844,0.403125,0.398438,0.556250,0.570312,0.389844,0.556250,0.698438,0.403125,0.570312,0.698438
101,43_101,0.524349,3.243112,0.500781,0.482812,0.632812,0.500781,0.535937,0.503906,0.482812,0.535937,0.489844,0.632812,0.503906,0.489844
101,43_110,0.471875,3.609313,0.399219,0.391406,0.434375,0.399219,0.678125,0.471094,0.391406,0.678125,0.457031,0.434375,0.471094,0.457031
101,43_codon,0.454557,3.716558,0.371875,0.398438,0.397656,0.371875,0.521094,0.519531,0.398438,0.521094,0.518750,0.397656,0.519531,0.518750
101,44,0.404167,3.789549,0.442187,0.380469,0.476562,0.442187,0.357031,0.396875,0.380469,0.357031,0.371875,0.476562,0.396875,0.371875
101,44_001,0.510026,3.355664,0.590625,0.398438,0.705469,0.590625,0.397656,0.575781,0.398438,0.397656,0.392188,0.705469,0.575781,0.392188
101,44_010,0.440495,3.786960,0.564063,0.343750,0.430469,0.564063,0.395312,0.484375,0.343750,0.395312,0.425000,0.430469,0.484375,0.425000
101,44_011,0.450521,3.717667,0.567969,0.403906,0.396875,0.567969,0.460156,0.450000,0.403906,0.460156,0.424219,0.396875,0.450000,0.424219
101,44_100,0.503646,3.371597,0.668750,0.557813,0.421875,0.668750,0.555469,0.410156,0.557813,0.555469,0.407813,0.421875,0.410156,0.407813
101,44_101,0.519010,3.310315,0.647656,0.582812,0.428906,0.647656,0.583594,0.472656,0.582812,0.583594,0.398438,0.428906,0.472656,0.398438
101,44_110,0.469141,3.658044,0.530469,0.375781,0.478125,0.530469,0.436719,0.553125,0.375781,0.436719,0.440625,0.478125,0.553125,0.440625
101,44_codon,0.451302,3.756703,0.453125,0.417188,0.472656,0.453125,0.367188,0.602344,0.417188,0.367188,0.395312,0.472656,0.602344,0.395312
101,45,0.396224,3.845409,0.452344,0.370313,0.374219,0.452344,0.422656,0.427344,0.370313,0.422656,0.330469,0.374219,0.427344,0.330469
101,45_001,0.504687,3.363890,0.568750,0.401563,0.670312,0.568750,0.408594,0.578125,0.401563,0.408594,0.400781,0.670312,0.578125,0.400781
101,45_010,0.436719,3.777143,0.593750,0.433594,0.357031,0.593750,0.460938,0.363281,0.433594,0.460938,0.411719,0.357031,0.363281,0.411719
101,45_011,0.458854,3.747264,0.470313,0.385938,0.546094,0.470313,0.387500,0.554688,0.385938,0.387500,0.408594,0.546094,0.554688,0.408594
101,45_100,0.510156,3.340416,0.676562,0.559375,0.420312,0.676562,0.560937,0.422656,0.559375,0.560937,0.421094,0.420312,0.422656,0.421094
101,45_101,0.514974,3.262125,0.649219,0.513281,0.475000,0.649219,0.575000,0.500000,0.513281,0.575000,0.377344,0.475000,0.500000,0.377344
101,45_110,0.448307,3.761656,0.573438,0.396094,0.405469,0.573438,0.445312,0.453125,0.396094,0.445312,0.416406,0.405469,0.453125,0.416406
101,45_codon,0.441927,3.804790,0.446875,0.440625,0.422656,0.446875,0.526563,0.416406,0.440625,0.526563,0.398438,0.422656,0.416406,0.398438
101,46,0.384375,3.830533,0.400781,0.371094,0.358594,0.400781,0.389062,0.382031,0.371094,0.389062,0.404687,0.358594,0.382031,0.404687
101,46_001,0.494141,3.421732,0.410937,0.621875,0.594531,0.410937,0.416406,0.390625,0.621875,0.416406,0.530469,0.594531,0.390625,0.530469
101,46_010,0.439583,3.805043,0.353125,0.556250,0.428906,0.353125,0.394531,0.434375,0.556250,0.394531,0.470313,0.428906,0.434375,0.470313
101,46_011,0.480729,3.522004,0.700000,0.428906,0.461719,0.700000,0.432031,0.462500,0.428906,0.432031,0.399219,0.461719,0.462500,0.399219
101,46_100,0.507682,3.368448,0.407031,0.564063,0.562500,0.407031,0.422656,0.410156,0.564063,0.422656,0.679688,0.562500,0.410156,0.679688
101,46_101,0.511979,3.282188,0.433594,0.477344,0.585938,0.433594,0.475781,0.564063,0.477344,0.475781,0.535156,0.585938,0.564063,0.535156
101,46_110,0.464844,3.638468,0.371094,0.422656,0.436719,0.371094,0.535937,0.484375,0.422656,0.535937,0.538281,0.436719,0.484375,0.538281
101,46_codon,0.458594,3.693224,0.412500,0.413281,0.389062,0.412500,0.492969,0.457812,0.413281,0.492969,0.585938,0.389062,0.457812,0.585938
101,47,0.387109,3.894246,0.379687,0.428906,0.364844,0.379687,0.366406,0.359375,0.428906,0.366406,0.423438,0.364844,0.359375,0.423438
101,47_001,0.490104,3.383575,0.373437,0.439063,0.428125,0.373437,0.507812,0.502344,0.439063,0.507812,0.689844,0.428125,0.502344,0.689844
101,47_010,0.442187,3.735671,0.408594,0.608594,0.460156,0.408594,0.350781,0.418750,0.608594,0.350781,0.406250,0.460156,0.418750,0.406250
101,47_011,0.420052,3.893937,0.369531,0.484375,0.400000,0.369531,0.421875,0.400000,0.484375,0.421875,0.444531,0.400000,0.400000,0.444531
101,47_100,0.494401,3.397045,0.538281,0.578125,0.382031,0.538281,0.652344,0.408594,0.578125,0.652344,0.407031,0.382031,0.408594,0.407031
101,47_101,0.525391,3.273817,0.450000,0.643750,0.614062,0.450000,0.457812,0.398438,0.643750,0.457812,0.588281,0.614062,0.398438,0.588281
101,47_110,0.429036,3.906584,0.346094,0.491406,0.367969,0.346094,0.435156,0.438281,0.491406,0.435156,0.495313,0.367969,0.438281,0.495313
101,47_codon,0.442448,3.775300,0.450000,0.453125,0.414844,0.450000,0.592969,0.374219,0.453125,0.592969,0.369531,0.414844,0.374219,0.369531
101,48,0.402604,3.820818,0.388281,0.392188,0.345313,0.388281,0.457812,0.407813,0.392188,0.457812,0.424219,0.345313,0.407813,0.424219
101,48_001,0.507812,3.354364,0.422656,0.407031,0.405469,0.422656,0.578906,0.567187,0.407031,0.578906,0.665625,0.405469,0.567187,0.665625
101,48_010,0.439193,3.782124,0.421094,0.347656,0.389062,0.421094,0.432813,0.478125,0.347656,0.432813,0.566406,0.389062,0.478125,0.566406
101,48_011,0.479818,3.553161,0.373437,0.365625,0.379687,0.373437,0.550781,0.589063,0.365625,0.550781,0.620313,0.379687,0.589063,0.620313
101,48_100,0.504687,3.347385,0.578906,0.571875,0.402344,0.578906,0.677344,0.392188,0.571875,0.677344,0.405469,0.402344,0.392188,0.405469
101,48_101,0.518099,3.315864,0.578906,0.596094,0.403125,0.578906,0.722656,0.395312,0.596094,0.722656,0.412500,0.403125,0.395312,0.412500
101,48_110,0.453776,3.722125,0.475781,0.573438,0.430469,0.475781,0.417969,0.452344,0.573438,0.417969,0.372656,0.430469,0.452344,0.372656
101,48_codon,0.467708,3.633271,0.389844,0.405469,0.435937,0.389844,0.454688,0.494531,0.405469,0.454688,0.625781,0.435937,0.494531,0.625781
101,49,0.391146,3.801185,0.417969,0.400781,0.385938,0.417969,0.423438,0.398438,0.400781,0.423438,0.320312,0.385938,0.398438,0.320312
101,49_001,0.508594,3.335658,0.578906,0.403125,0.687500,0.578906,0.405469,0.578906,0.403125,0.405469,0.397656,0.687500,0.578906,0.397656
101,49_010,0.446094,3.806806,0.486719,0.433594,0.424219,0.486719,0.411719,0.569531,0.433594,0.411719,0.350781,0.424219,0.569531,0.350781
101,49_011,0.428255,3.785997,0.474219,0.369531,0.387500,0.474219,0.465625,0.448438,0.369531,0.465625,0.424219,0.387500,0.448438,0.424219
101,49_100,0.509635,3.326154,0.583594,0.575000,0.423438,0.583594,0.660156,0.410937,0.575000,0.660156,0.404687,0.423438,0.410937,0.404687
101,49_101,0.509896,3.304894,0.595313,0.582812,0.432813,0.595313,0.554688,0.465625,0.582812,0.554688,0.428125,0.432813,0.465625,0.428125
101,49_110,0.466276,3.651619,0.567969,0.533594,0.382812,0.567969,0.508594,0.407813,0.533594,0.508594,0.396875,0.382812,0.407813,0.396875
101,49_codon,0.457552,3.740636,0.495313,0.484375,0.467969,0.495313,0.480469,0.388281,0.484375,0.480469,0.428906,0.467969,0.388281,0.428906
101,4_001,0.490365,3.411513,0.384375,0.472656,0.470313,0.384375,0.458594,0.457812,0.472656,0.458594,0.698438,0.470313,0.457812,0.698438
101,4_010,0.439583,3.788645,0.341406,0.392969,0.421094,0.341406,0.570312,0.424219,0.392969,0.570312,0.487500,0.421094,0.424219,0.487500
101,4_011,0.463672,3.661057,0.443750,0.372656,0.421094,0.443750,0.474219,0.526563,0.372656,0.474219,0.543750,0.421094,0.526563,0.543750
101,4_100,0.495573,3.376726,0.562500,0.392969,0.575000,0.562500,0.378125,0.681250,0.392969,0.378125,0.383594,0.575000,0.681250,0.383594
101,4_101,0.514062,3.334640,0.576562,0.411719,0.582812,0.576562,0.439844,0.611719,0.411719,0.439844,0.461719,0.582812,0.611719,0.461719
101,4_110,0.456771,3.649591,0.483594,0.385938,0.441406,0.483594,0.435937,0.570312,0.385938,0.435937,0.423438,0.441406,0.570312,0.423438
101,4_codon,0.454688,3.751358,0.378906,0.402344,0.446094,0.378906,0.608594,0.438281,0.402344,0.608594,0.453906,0.446094,0.438281,0.453906
101,5,0.380599,3.856305,0.371094,0.423438,0.376563,0.371094,0.386719,0.370313,0.423438,0.386719,0.355469,0.376563,0.370313,0.355469
101,50,0.383854,3.860428,0.366406,0.385156,0.401563,0.366406,0.389062,0.367188,0.385156,0.389062,0.393750,0.401563,0.367188,0.393750
101,50_001,0.507031,3.377445,0.676562,0.398438,0.592969,0.676562,0.403125,0.571875,0.398438,0.403125,0.399219,0.592969,0.571875,0.399219
101,50_010,0.445703,3.807858,0.554688,0.414844,0.478125,0.554688,0.353906,0.420312,0.414844,0.353906,0.452344,0.478125,0.420312,0.452344
101,50_011,0.473307,3.566007,0.400781,0.414844,0.426562,0.400781,0.681250,0.451562,0.414844,0.681250,0.464844,0.426562,0.451562,0.464844
101,50_100,0.500391,3.400196,0.570312,0.674219,0.400781,0.570312,0.564063,0.399219,0.674219,0.564063,0.393750,0.400781,0.399219,0.393750
101,50_101,0.518620,3.272798,0.532031,0.532031,0.625781,0.532031,0.385156,0.498437,0.532031,0.385156,0.538281,0.625781,0.498437,0.538281
101,50_110,0.464583,3.619778,0.381250,0.375781,0.436719,0.381250,0.526563,0.587500,0.375781,0.526563,0.479688,0.436719,0.587500,0.479688
101,50_codon,0.479036,3.510729,0.399219,0.571094,0.563281,0.399219,0.375781,0.432031,0.571094,0.375781,0.532813,0.563281,0.432031,0.532813
101,51,0.383203,3.843270,0.338281,0.364844,0.387500,0.338281,0.385156,0.387500,0.364844,0.385156,0.435937,0.387500,0.387500,0.435937
101,51_001,0.505208,3.360613,0.403906,0.564063,0.685937,0.403906,0.400781,0.414844,0.564063,0.400781,0.561719,0.685937,0.414844,0.561719
101,51_010,0.441927,3.805844,0.405469,0.353125,0.439844,0.405469,0.558594,0.471875,0.353125,0.558594,0.422656,0.439844,0.471875,0.422656
101,51_011,0.470313,3.584418,0.425000,0.396875,0.410156,0.425000,0.450781,0.460938,0.396875,0.450781,0.678125,0.410156,0.460938,0.678125
101,51_100,0.511849,3.344624,0.573438,0.428906,0.580469,0.573438,0.414062,0.662500,0.428906,0.414062,0.411719,0.580469,0.662500,0.411719
101,51_101,0.522266,3.258629,0.429688,0.600000,0.592187,0.429688,0.466406,0.407813,0.600000,0.466406,0.637500,0.592187,0.407813,0.637500
101,51_110,0.485156,3.586502,0.541406,0.607031,0.400781,0.541406,0.565625,0.400781,0.607031,0.565625,0.395312,0.400781,0.400781,0.395312
101,51_codon,0.453516,3.766514,0.375000,0.449219,0.414844,0.375000,0.428906,0.582031,0.449219,0.428906,0.471094,0.414844,0.582031,0.471094
101,52,0.384635,3.875223,0.401563,0.332812,0.452344,0.401563,0.326562,0.396094,0.332812,0.326562,0.398438,0.452344,0.396094,0.398438
101,52_001,0.495182,3.409840,0.603125,0.616406,0.410937,0.603125,0.549219,0.389844,0.616406,0.549219,0.401563,0.410937,0.389844,0.401563
101,52_010,0.437891,3.793202,0.347656,0.425781,0.555469,0.347656,0.446875,0.387500,0.425781,0.446875,0.464063,0.555469,0.387500,0.464063
101,52_011,0.465365,3.674676,0.543750,0.524219,0.437500,0.543750,0.470313,0.436719,0.524219,0.470313,0.379687,0.437500,0.436719,0.379687
101,52_100,0.506380,3.364548,0.555469,0.414844,0.695312,0.555469,0.404687,0.550781,0.414844,0.404687,0.417188,0.695312,0.550781,0.417188
101,52_101,0.526172,3.254416,0.594531,0.582031,0.373437,0.594531,0.674219,0.463281,0.582031,0.674219,0.469531,0.373437,0.463281,0.469531
101,52_110,0.445182,3.749952,0.503125,0.381250,0.414062,0.503125,0.419531,0.543750,0.381250,0.419531,0.409375,0.414062,0.543750,0.409375
101,52_codon,0.464714,3.655004,0.523438,0.414062,0.534375,0.523438,0.358594,0.551562,0.414062,0.358594,0.406250,0.534375,0.551562,0.406250
101,53,0.389062,3.787196,0.449219,0.371875,0.397656,0.449219,0.348437,0.438281,0.371875,0.348437,0.328906,0.397656,0.438281,0.328906
101,53_001,0.489323,3.410595,0.689844,0.441406,0.476562,0.689844,0.456250,0.485156,0.441406,0.456250,0.386719,0.476562,0.485156,0.386719
101,53_010,0.433203,3.792721,0.557813,0.466406,0.402344,0.557813,0.416406,0.334375,0.466406,0.416406,0.421875,0.402344,0.334375,0.421875
101,53_011,0.475911,3.584909,0.689844,0.453906,0.398438,0.689844,0.464063,0.411719,0.453906,0.464063,0.437500,0.398438,0.411719,0.437500
101,53_100,0.506771,3.360788,0.561719,0.410937,0.560937,0.561719,0.411719,0.675781,0.410937,0.411719,0.419531,0.560937,0.675781,0.419531
101,53_101,0.507031,3.395369,0.483594,0.580469,0.564063,0.483594,0.461719,0.416406,0.580469,0.461719,0.535937,0.564063,0.416406,0.535937
101,53_110,0.442708,3.737550,0.508594,0.428906,0.456250,0.508594,0.403125,0.456250,0.428906,0.403125,0.403125,0.456250,0.456250,0.403125
101,53_codon,0.448958,3.784533,0.385938,0.402344,0.452344,0.385938,0.449219,0.550781,0.402344,0.449219,0.453125,0.452344,0.550781,0.453125
101,54,0.394922,3.858193,0.400000,0.420312,0.349219,0.400000,0.426562,0.383594,0.420312,0.426562,0.389844,0.349219,0.383594,0.389844
101,54_001,0.494922,3.390840,0.404687,0.476562,0.494531,0.404687,0.450000,0.457031,0.476562,0.450000,0.686719,0.494531,0.457031,0.686719
101,54_010,0.437891,3.775037,0.418750,0.475781,0.434375,0.418750,0.388281,0.339844,0.475781,0.388281,0.570312,0.434375,0.339844,0.570312
101,54_011,0.442448,3.728901,0.378906,0.429688,0.432813,0.378906,0.400000,0.459375,0.429688,0.400000,0.553906,0.432813,0.459375,0.553906
101,54_100,0.510026,3.342342,0.683594,0.593750,0.397656,0.683594,0.589844,0.389844,0.593750,0.589844,0.405469,0.397656,0.389844,0.405469
101,54_101,0.525911,3.270797,0.454688,0.675000,0.580469,0.454688,0.471875,0.375000,0.675000,0.471875,0.598437,0.580469,0.375000,0.598437
101,54_110,0.447917,3.773281,0.402344,0.454688,0.433594,0.402344,0.416406,0.418750,0.454688,0.416406,0.561719,0.433594,0.418750,0.561719
101,54_codon,0.454818,3.710354,0.432813,0.424219,0.376563,0.432813,0.486719,0.439844,0.424219,0.486719,0.568750,0.376563,0.439844,0.568750
101,55,0.391667,3.766109,0.442187,0.400781,0.375781,0.442187,0.427344,0.355469,0.400781,0.427344,0.348437,0.375781,0.355469,0.348437
101,55_001,0.516146,3.335943,0.427344,0.413281,0.430469,0.427344,0.563281,0.573438,0.413281,0.563281,0.689063,0.430469,0.573438,0.689063
101,55_010,0.440495,3.802254,0.564844,0.425781,0.357812,0.564844,0.470313,0.399219,0.425781,0.470313,0.425000,0.357812,0.399219,0.425000
101,55_011,0.461719,3.619557,0.413281,0.474219,0.428125,0.413281,0.442187,0.396094,0.474219,0.442187,0.616406,0.428125,0.396094,0.616406
101,55_100,0.500521,3.351872,0.681250,0.567187,0.389062,0.681250,0.569531,0.403906,0.567187,0.569531,0.392188,0.389062,0.403906,0.392188
101,55_101,0.520833,3.246053,0.457812,0.478125,0.550781,0.457812,0.625000,0.496094,0.478125,0.625000,0.517188,0.550781,0.496094,0.517188
101,55_110,0.486719,3.479724,0.383594,0.673438,0.559375,0.383594,0.364844,0.384375,0.673438,0.364844,0.554688,0.559375,0.384375,0.554688
101,55_codon,0.454557,3.707338,0.425781,0.408594,0.407031,0.425781,0.461719,0.449219,0.408594,0.461719,0.575000,0.407031,0.449219,0.575000
101,56,0.381771,3.862414,0.361719,0.377344,0.311719,0.361719,0.450000,0.402344,0.377344,0.450000,0.387500,0.311719,0.402344,0.387500
101,56_001,0.508594,3.340033,0.403125,0.560156,0.689844,0.403125,0.415625,0.408594,0.560156,0.415625,0.574219,0.689844,0.408594,0.574219
101,56_010,0.438542,3.843255,0.438281,0.355469,0.408594,0.438281,0.418750,0.459375,0.355469,0.418750,0.550781,0.408594,0.459375,0.550781
101,56_011,0.471224,3.597168,0.376563,0.367188,0.372656,0.376563,0.529687,0.608594,0.367188,0.529687,0.572656,0.372656,0.608594,0.572656
101,56_100,0.508854,3.333960,0.419531,0.422656,0.410156,0.419531,0.560937,0.559375,0.422656,0.560937,0.680469,0.410156,0.559375,0.680469
101,56_101,0.518229,3.254660,0.578125,0.549219,0.390625,0.578125,0.629687,0.482812,0.549219,0.629687,0.478906,0.390625,0.482812,0.478906
101,56_110,0.496354,3.462586,0.378906,0.378125,0.401563,0.378906,0.692969,0.564844,0.378125,0.692969,0.561719,0.401563,0.564844,0.561719
101,56_codon,0.449870,3.728897,0.385938,0.409375,0.392969,0.385938,0.456250,0.457812,0.409375,0.456250,0.596875,0.392969,0.457812,0.596875
101,57,0.387760,3.807988,0.399219,0.412500,0.354688,0.399219,0.411719,0.376563,0.412500,0.411719,0.371875,0.354688,0.376563,0.371875
101,57_001,0.507943,3.352265,0.416406,0.412500,0.409375,0.416406,0.569531,0.681250,0.412500,0.569531,0.558594,0.409375,0.681250,0.558594
101,57_010,0.442448,3.793892,0.404687,0.433594,0.346875,0.404687,0.482812,0.558594,0.433594,0.482812,0.428125,0.346875,0.558594,0.428125
101,57_011,0.477083,3.534305,0.425000,0.406250,0.403125,0.425000,0.694531,0.476562,0.406250,0.694531,0.457031,0.403125,0.476562,0.457031
101,57_100,0.497396,3.393155,0.405469,0.551562,0.573438,0.405469,0.389844,0.397656,0.551562,0.389844,0.666406,0.573438,0.397656,0.666406
101,57_101,0.516667,3.271862,0.550000,0.568750,0.450000,0.550000,0.625781,0.429688,0.568750,0.625781,0.475781,0.450000,0.429688,0.475781
101,57_110,0.458984,3.703584,0.394531,0.417969,0.614062,0.394531,0.435937,0.435937,0.417969,0.435937,0.455469,0.614062,0.435937,0.455469
101,57_codon,0.460677,3.679302,0.514844,0.412500,0.498437,0.514844,0.389844,0.560156,0.412500,0.389844,0.388281,0.498437,0.560156,0.388281
101,58,0.407552,3.741001,0.427344,0.443750,0.320312,0.427344,0.471094,0.382031,0.443750,0.471094,0.400781,0.320312,0.382031,0.400781
101,58_001,0.497656,3.368003,0.578906,0.555469,0.389062,0.578906,0.684375,0.389062,0.555469,0.684375,0.389062,0.389062,0.389062,0.389062
101,58_010,0.440755,3.783149,0.464063,0.568750,0.420312,0.464063,0.405469,0.421094,0.568750,0.405469,0.364844,0.420312,0.421094,0.364844
101,58_011,0.488802,3.501217,0.560156,0.558594,0.391406,0.560156,0.670312,0.379687,0.558594,0.670312,0.372656,0.391406,0.379687,0.372656
101,58_100,0.488281,3.417707,0.672656,0.493750,0.439844,0.672656,0.483594,0.449219,0.493750,0.483594,0.390625,0.439844,0.449219,0.390625
101,58_101,0.521745,3.240292,0.500000,0.546094,0.466406,0.500000,0.520312,0.607812,0.546094,0.520312,0.489844,0.466406,0.607812,0.489844
101,58_110,0.469922,3.568090,0.480469,0.437500,0.430469,0.480469,0.658594,0.425000,0.437500,0.658594,0.387500,0.430469,0.425000,0.387500
101,58_codon,0.453906,3.731660,0.416406,0.389062,0.387500,0.416406,0.449219,0.460938,0.389062,0.449219,0.620313,0.387500,0.460938,0.620313
101,59,0.382552,3.886403,0.347656,0.370313,0.423438,0.347656,0.350781,0.428125,0.370313,0.350781,0.375000,0.423438,0.428125,0.375000
101,59_001,0.500260,3.405799,0.404687,0.392969,0.402344,0.404687,0.573438,0.663281,0.392969,0.573438,0.564844,0.402344,0.663281,0.564844
101,59_010,0.440625,3.792056,0.425781,0.391406,0.350000,0.425781,0.478125,0.434375,0.391406,0.478125,0.564063,0.350000,0.434375,0.564063
101,59_011,0.467057,3.602138,0.492188,0.396094,0.522656,0.492188,0.418750,0.589063,0.396094,0.418750,0.383594,0.522656,0.589063,0.383594
101,59_100,0.508333,3.329347,0.581250,0.408594,0.589844,0.581250,0.385938,0.686719,0.408594,0.385938,0.397656,0.589844,0.686719,0.397656
101,59_101,0.525521,3.275165,0.431250,0.450781,0.403906,0.431250,0.618750,0.660937,0.450781,0.618750,0.587500,0.403906,0.660937,0.587500
101,59_110,0.459375,3.698582,0.428906,0.456250,0.375000,0.428906,0.489062,0.570312,0.456250,0.489062,0.436719,0.375000,0.570312,0.436719
101,59_codon,0.444401,3.818932,0.387500,0.437500,0.409375,0.387500,0.431250,0.564844,0.437500,0.431250,0.435937,0.409375,0.564844,0.435937
101,5_001,0.499479,3.368433,0.391406,0.576562,0.670312,0.391406,0.397656,0.394531,0.576562,0.397656,0.566406,0.670312,0.394531,0.566406
101,5_010,0.440365,3.787777,0.429688,0.470313,0.414844,0.429688,0.403125,0.354688,0.470313,0.403125,0.569531,0.414844,0.354688,0.569531
101,5_011,0.486458,3.520184,0.367969,0.550781,0.666406,0.367969,0.392969,0.382812,0.550781,0.392969,0.557813,0.666406,0.382812,0.557813
101,5_100,0.508724,3.349252,0.554688,0.427344,0.573438,0.554688,0.407031,0.669531,0.427344,0.407031,0.420312,0.573438,0.669531,0.420312
101,5_101,0.522266,3.274123,0.482031,0.546094,0.612500,0.482031,0.414062,0.541406,0.546094,0.414062,0.537500,0.612500,0.541406,0.537500
101,5_110,0.454557,3.692997,0.421094,0.505469,0.486719,0.421094,0.429688,0.365625,0.505469,0.429688,0.518750,0.486719,0.365625,0.518750
101,5_codon,0.462240,3.661471,0.422656,0.410937,0.396094,0.422656,0.457812,0.446875,0.410937,0.457812,0.639062,0.396094,0.446875,0.639062
101,6,0.388281,3.789644,0.363281,0.377344,0.333594,0.363281,0.400000,0.456250,0.377344,0.400000,0.399219,0.333594,0.456250,0.399219
101,60,0.386328,3.866883,0.390625,0.463281,0.372656,0.390625,0.388281,0.345313,0.463281,0.388281,0.357812,0.372656,0.345313,0.357812
101,60_001,0.503516,3.355229,0.552344,0.678906,0.398438,0.552344,0.564844,0.408594,0.678906,0.564844,0.417969,0.398438,0.408594,0.417969
101,60_010,0.443620,3.788056,0.441406,0.559375,0.358594,0.441406,0.464844,0.436719,0.559375,0.464844,0.400781,0.358594,0.436719,0.400781
101,60_011,0.454688,3.669948,0.464063,0.535937,0.397656,0.464063,0.554688,0.400781,0.535937,0.554688,0.375000,0.397656,0.400781,0.375000
101,60_100,0.501302,3.356747,0.691406,0.575000,0.380469,0.691406,0.592969,0.382031,0.575000,0.592969,0.385938,0.380469,0.382031,0.385938
101,60_101,0.522266,3.240405,0.496094,0.483594,0.537500,0.496094,0.627344,0.502344,0.483594,0.627344,0.486719,0.537500,0.502344,0.486719
101,60_110,0.482812,3.513416,0.469531,0.668750,0.392969,0.469531,0.507031,0.430469,0.668750,0.507031,0.428125,0.392969,0.430469,0.428125
101,60_codon,0.411198,3.920536,0.425000,0.407031,0.413281,0.425000,0.405469,0.409375,0.407031,0.405469,0.407031,0.413281,0.409375,0.407031
101,61,0.384766,3.809353,0.414844,0.343750,0.369531,0.414844,0.421094,0.429688,0.343750,0.421094,0.329688,0.369531,0.429688,0.329688
101,61_001,0.501042,3.358548,0.678125,0.401563,0.562500,0.678125,0.392969,0.568750,0.401563,0.392969,0.402344,0.562500,0.568750,0.402344
101,61_010,0.440885,3.809526,0.408594,0.557813,0.352344,0.408594,0.465625,0.439844,0.557813,0.465625,0.421094,0.352344,0.439844,0.421094
101,61_011,0.445443,3.742874,0.585156,0.426562,0.468750,0.585156,0.400781,0.397656,0.426562,0.400781,0.393750,0.468750,0.397656,0.393750
101,61_100,0.500651,3.363985,0.393750,0.403906,0.392969,0.393750,0.566406,0.671094,0.403906,0.566406,0.575781,0.392969,0.671094,0.575781
101,61_101,0.519792,3.271340,0.631250,0.468750,0.468750,0.631250,0.516406,0.509375,0.468750,0.516406,0.524219,0.468750,0.509375,0.524219
101,61_110,0.469141,3.616634,0.397656,0.439844,0.402344,0.397656,0.447656,0.675000,0.439844,0.447656,0.452344,0.402344,0.675000,0.452344
101,61_codon,0.466276,3.675433,0.399219,0.439844,0.405469,0.399219,0.434375,0.673438,0.439844,0.434375,0.445312,0.405469,0.673438,0.445312
101,62,0.384505,3.825402,0.374219,0.453906,0.360938,0.374219,0.373437,0.345313,0.453906,0.373437,0.399219,0.360938,0.345313,0.399219
101,62_001,0.508594,3.352042,0.395312,0.576562,0.675000,0.395312,0.410156,0.401563,0.576562,0.410156,0.592969,0.675000,0.401563,0.592969
101,62_010,0.440755,3.790866,0.396875,0.558594,0.457812,0.396875,0.364844,0.438281,0.558594,0.364844,0.428125,0.457812,0.438281,0.428125
101,62_011,0.477865,3.566099,0.463281,0.400781,0.696875,0.463281,0.439063,0.464063,0.400781,0.439063,0.403125,0.696875,0.464063,0.403125
101,62_100,0.503516,3.353395,0.565625,0.571875,0.399219,0.565625,0.676562,0.391406,0.571875,0.676562,0.416406,0.399219,0.391406,0.416406
101,62_101,0.522656,3.261741,0.569531,0.620313,0.453125,0.569531,0.634375,0.415625,0.620313,0.634375,0.442969,0.453125,0.415625,0.442969
101,62_110,0.441927,3.679532,0.335156,0.446094,0.364062,0.335156,0.433594,0.446875,0.446094,0.433594,0.625781,0.364062,0.446875,0.625781
101,62_codon,0.448047,3.740044,0.391406,0.392969,0.409375,0.391406,0.439063,0.458594,0.392969,0.439063,0.596875,0.409375,0.458594,0.596875
101,63,0.364714,3.924950,0.363281,0.375781,0.357812,0.363281,0.418750,0.320312,0.375781,0.418750,0.352344,0.357812,0.320312,0.352344
101,63_001,0.503776,3.361274,0.382031,0.399219,0.400000,0.382031,0.687500,0.563281,0.399219,0.687500,0.590625,0.400000,0.563281,0.590625
101,63_010,0.439453,3.784463,0.360938,0.564844,0.421875,0.360938,0.400781,0.422656,0.564844,0.400781,0.465625,0.421875,0.422656,0.465625
101,63_011,0.465234,3.615528,0.428125,0.486719,0.536719,0.428125,0.364844,0.427344,0.486719,0.364844,0.547656,0.536719,0.427344,0.547656
101,63_100,0.504297,3.362815,0.556250,0.550781,0.398438,0.556250,0.701562,0.413281,0.550781,0.701562,0.405469,0.398438,0.413281,0.405469
101,63_101,0.526953,3.259293,0.621875,0.590625,0.465625,0.621875,0.639844,0.433594,0.590625,0.639844,0.410156,0.465625,0.433594,0.410156
101,63_110,0.477995,3.577250,0.555469,0.594531,0.386719,0.555469,0.552344,0.379687,0.594531,0.552344,0.399219,0.386719,0.379687,0.399219
101,63_codon,0.460417,3.712911,0.367969,0.394531,0.384375,0.367969,0.550000,0.517969,0.394531,0.550000,0.547656,0.384375,0.517969,0.547656
101,64,0.385677,3.851472,0.405469,0.395312,0.408594,0.405469,0.385156,0.383594,0.395312,0.385156,0.335938,0.408594,0.383594,0.335938
101,64_001,0.505078,3.352673,0.559375,0.408594,0.565625,0.559375,0.407813,0.680469,0.408594,0.407813,0.408594,0.565625,0.680469,0.408594
101,64_010,0.439063,3.808036,0.410156,0.429688,0.367188,0.410156,0.463281,0.554688,0.429688,0.463281,0.409375,0.367188,0.554688,0.409375
101,64_011,0.460547,3.619470,0.508594,0.446094,0.382812,0.508594,0.595313,0.417188,0.446094,0.595313,0.413281,0.382812,0.417188,0.413281
101,64_100,0.501172,3.375524,0.549219,0.678906,0.406250,0.549219,0.554688,0.400000,0.678906,0.554688,0.417969,0.406250,0.400000,0.417969
101,64_101,0.525781,3.278209,0.588281,0.673438,0.441406,0.588281,0.573438,0.440625,0.673438,0.573438,0.437500,0.441406,0.440625,0.437500
101,64_110,0.468229,3.651777,0.373437,0.477344,0.535937,0.373437,0.437500,0.432813,0.477344,0.437500,0.552344,0.535937,0.432813,0.552344
101,64_codon,0.448828,3.760765,0.510938,0.446094,0.449219,0.510938,0.400781,0.442969,0.446094,0.400781,0.442969,0.449219,0.442969,0.442969
101,65,0.418229,3.677280,0.394531,0.452344,0.398438,0.394531,0.400781,0.396094,0.452344,0.400781,0.467187,0.398438,0.396094,0.467187
101,65_001,0.517578,3.331811,0.428125,0.438281,0.421875,0.428125,0.687500,0.560937,0.438281,0.687500,0.568750,0.421875,0.560937,0.568750
101,65_010,0.435677,3.850846,0.424219,0.477344,0.414844,0.424219,0.404687,0.342187,0.477344,0.404687,0.550781,0.414844,0.342187,0.550781
101,65_011,0.441927,3.782467,0.452344,0.364844,0.367188,0.452344,0.463281,0.485938,0.364844,0.463281,0.517969,0.367188,0.485938,0.517969
101,65_100,0.485938,3.426097,0.396875,0.482812,0.473437,0.396875,0.441406,0.431250,0.482812,0.441406,0.689844,0.473437,0.431250,0.689844
101,65_101,0.509375,3.379576,0.432031,0.467969,0.477344,0.432031,0.475781,0.484375,0.467969,0.475781,0.718750,0.477344,0.484375,0.718750
101,65_110,0.494010,3.487979,0.390625,0.573438,0.588281,0.390625,0.373437,0.390625,0.573438,0.373437,0.647656,0.588281,0.390625,0.647656
101,65_codon,0.451823,3.723652,0.423438,0.407031,0.393750,0.423438,0.453906,0.455469,0.407031,0.453906,0.577344,0.393750,0.455469,0.577344
101,66,0.380469,3.878396,0.414062,0.397656,0.353906,0.414062,0.410156,0.378125,0.397656,0.410156,0.328906,0.353906,0.378125,0.328906
101,66_001,0.503516,3.349167,0.392188,0.564063,0.690625,0.392188,0.403125,0.396875,0.564063,0.403125,0.574219,0.690625,0.396875,0.574219
101,66_010,0.438932,3.803322,0.404687,0.424219,0.457031,0.404687,0.363281,0.562500,0.424219,0.363281,0.421875,0.457031,0.562500,0.421875
101,66_011,0.472526,3.605388,0.375781,0.575781,0.542188,0.375781,0.403125,0.404687,0.575781,0.403125,0.533594,0.542188,0.404687,0.533594
101,66_100,0.506771,3.360514,0.678906,0.575781,0.401563,0.678906,0.574219,0.406250,0.575781,0.574219,0.403906,0.401563,0.406250,0.403906
101,66_101,0.525911,3.264843,0.623437,0.603125,0.475781,0.623437,0.625781,0.421875,0.603125,0.625781,0.405469,0.475781,0.421875,0.405469
101,66_110,0.444271,3.703587,0.446875,0.403906,0.426562,0.446875,0.421094,0.581250,0.403906,0.421094,0.385938,0.426562,0.581250,0.385938
101,66_codon,0.445964,3.738104,0.372656,0.390625,0.432031,0.372656,0.579688,0.453125,0.390625,0.579688,0.447656,0.432031,0.453125,0.447656
101,67,0.389323,3.844043,0.401563,0.339844,0.405469,0.401563,0.372656,0.403125,0.339844,0.372656,0.413281,0.405469,0.403125,0.413281
101,67_001,0.506771,3.338425,0.417969,0.410156,0.414844,0.417969,0.676562,0.567969,0.410156,0.676562,0.553125,0.414844,0.567969,0.553125
101,67_010,0.446745,3.770344,0.436719,0.414062,0.358594,0.436719,0.476562,0.428125,0.414062,0.476562,0.566406,0.358594,0.428125,0.566406
101,67_011,0.475651,3.531244,0.682031,0.396094,0.457812,0.682031,0.414062,0.480469,0.396094,0.414062,0.423438,0.457812,0.480469,0.423438
101,67_100,0.517578,3.319697,0.567187,0.427344,0.689063,0.567187,0.439063,0.563281,0.427344,0.439063,0.419531,0.689063,0.563281,0.419531
101,67_101,0.515495,3.314137,0.481250,0.569531,0.591406,0.481250,0.420312,0.439844,0.569531,0.420312,0.590625,0.591406,0.439844,0.590625
101,67_110,0.445312,3.740519,0.474219,0.567187,0.450000,0.474219,0.442969,0.344531,0.567187,0.442969,0.392969,0.450000,0.344531,0.392969
101,67_codon,0.437891,3.766069,0.382812,0.402344,0.425000,0.382812,0.450781,0.518750,0.402344,0.450781,0.447656,0.425000,0.518750,0.447656
101,68,0.411458,3.756060,0.388281,0.373437,0.371094,0.388281,0.458594,0.437500,0.373437,0.458594,0.439844,0.371094,0.437500,0.439844
101,68_001,0.488151,3.435441,0.435937,0.449219,0.398438,0.435937,0.683594,0.464844,0.449219,0.683594,0.496875,0.398438,0.464844,0.496875
101,68_010,0.438411,3.800319,0.345313,0.409375,0.397656,0.345313,0.427344,0.563281,0.409375,0.427344,0.487500,0.397656,0.563281,0.487500
101,68_011,0.447526,3.734327,0.400000,0.539844,0.464063,0.400000,0.417188,0.432031,0.539844,0.417188,0.432031,0.464063,0.432031,0.432031
101,68_100,0.496224,3.396146,0.410156,0.488281,0.491406,0.410156,0.439063,0.443750,0.488281,0.439063,0.704688,0.491406,0.443750,0.704688
101,68_101,0.523568,3.272231,0.462500,0.437500,0.403906,0.462500,0.617969,0.601562,0.437500,0.617969,0.617969,0.403906,0.601562,0.617969
101,68_110,0.486458,3.515388,0.382031,0.381250,0.385156,0.382031,0.614062,0.563281,0.381250,0.614062,0.592969,0.385156,0.563281,0.592969
101,68_codon,0.455599,3.732749,0.379687,0.414844,0.425000,0.379687,0.438281,0.490625,0.414844,0.438281,0.585156,0.425000,0.490625,0.585156
101,69,0.383464,3.878372,0.367969,0.350781,0.316406,0.367969,0.485938,0.367969,0.350781,0.485938,0.411719,0.316406,0.367969,0.411719
101,69_001,0.483984,3.454959,0.380469,0.395312,0.381250,0.380469,0.594531,0.542188,0.395312,0.594531,0.610156,0.381250,0.542188,0.610156
101,69_010,0.442318,3.821610,0.348437,0.564844,0.427344,0.348437,0.403906,0.435937,0.564844,0.403906,0.473437,0.427344,0.435937,0.473437
101,69_011,0.455208,3.720401,0.552344,0.533594,0.353906,0.552344,0.500781,0.385938,0.533594,0.500781,0.404687,0.353906,0.385938,0.404687
101,69_100,0.501172,3.370925,0.391406,0.392188,0.377344,0.391406,0.600000,0.576562,0.392188,0.600000,0.669531,0.377344,0.576562,0.669531
101,69_101,0.516406,3.289727,0.515625,0.604688,0.428125,0.515625,0.564063,0.497656,0.604688,0.564063,0.488281,0.428125,0.497656,0.488281
101,69_110,0.456510,3.695812,0.370313,0.539062,0.522656,0.370313,0.401563,0.397656,0.539062,0.401563,0.507812,0.522656,0.397656,0.507812
101,69_codon,0.469922,3.561419,0.392969,0.367969,0.403125,0.392969,0.496875,0.525000,0.367969,0.496875,0.633594,0.403125,0.525000,0.633594
101,6_001,0.505208,3.348935,0.414844,0.565625,0.561719,0.414844,0.412500,0.412500,0.565625,0.412500,0.664062,0.561719,0.412500,0.664062
101,6_010,0.445182,3.773211,0.441406,0.430469,0.479688,0.441406,0.357031,0.551562,0.430469,0.357031,0.410937,0.479688,0.551562,0.410937
101,6_011,0.449479,3.702007,0.417969,0.407813,0.591406,0.417969,0.375781,0.439063,0.407813,0.375781,0.464844,0.591406,0.439063,0.464844
101,6_100,0.491927,3.389413,0.369531,0.385156,0.380469,0.369531,0.578125,0.663281,0.385156,0.578125,0.575000,0.380469,0.663281,0.575000
101,6_101,0.498698,3.413688,0.704688,0.417188,0.541406,0.704688,0.411719,0.535937,0.417188,0.411719,0.381250,0.541406,0.535937,0.381250
101,6_110,0.485417,3.478497,0.556250,0.552344,0.380469,0.556250,0.671875,0.370313,0.552344,0.671875,0.381250,0.380469,0.370313,0.381250
101,6_codon,0.453646,3.781551,0.416406,0.450781,0.375781,0.416406,0.473437,0.564844,0.450781,0.473437,0.440625,0.375781,0.564844,0.440625
101,7,0.377995,3.869840,0.385938,0.373437,0.407813,0.385938,0.309375,0.370313,0.373437,0.309375,0.421094,0.407813,0.370313,0.421094
101,70,0.388932,3.861483,0.414844,0.454688,0.390625,0.414844,0.345313,0.376563,0.454688,0.345313,0.351562,0.390625,0.376563,0.351562
101,70_001,0.503516,3.380095,0.567187,0.683594,0.403125,0.567187,0.557031,0.408594,0.683594,0.557031,0.401563,0.403125,0.408594,0.401563
101,70_010,0.441667,3.758154,0.397656,0.608594,0.461719,0.397656,0.350781,0.417188,0.608594,0.350781,0.414062,0.461719,0.417188,0.414062
101,70_011,0.433464,3.763150,0.384375,0.579688,0.432813,0.384375,0.412500,0.348437,0.579688,0.412500,0.442969,0.432813,0.348437,0.442969
101,70_100,0.485417,3.435084,0.443750,0.700781,0.468750,0.443750,0.444531,0.388281,0.700781,0.444531,0.466406,0.468750,0.388281,0.466406
101,70_101,0.523698,3.261391,0.625781,0.635938,0.475000,0.625781,0.564063,0.442187,0.635938,0.564063,0.399219,0.475000,0.442187,0.399219
101,70_110,0.473047,3.598425,0.423438,0.660937,0.482031,0.423438,0.391406,0.429688,0.660937,0.391406,0.450781,0.482031,0.429688,0.450781
101,70_codon,0.468359,3.616628,0.396875,0.380469,0.428125,0.396875,0.494531,0.557031,0.380469,0.494531,0.553125,0.428125,0.557031,0.553125
101,71,0.381510,3.797455,0.425000,0.384375,0.350781,0.425000,0.392969,0.393750,0.384375,0.392969,0.342187,0.350781,0.393750,0.342187
101,71_001,0.508464,3.375418,0.578906,0.422656,0.663281,0.578906,0.417188,0.559375,0.422656,0.417188,0.409375,0.663281,0.559375,0.409375
101,71_010,0.441797,3.782691,0.571875,0.347656,0.427344,0.571875,0.400000,0.482031,0.347656,0.400000,0.421875,0.427344,0.482031,0.421875
101,71_011,0.454036,3.713783,0.485938,0.419531,0.489062,0.485938,0.415625,0.545312,0.419531,0.415625,0.368750,0.489062,0.545312,0.368750
101,71_100,0.502344,3.352131,0.392188,0.410156,0.396094,0.392188,0.560156,0.691406,0.410156,0.560156,0.564063,0.396094,0.691406,0.564063
101,71_101,0.525651,3.260104,0.579688,0.385938,0.607812,0.579688,0.460938,0.663281,0.385938,0.460938,0.456250,0.607812,0.663281,0.456250
101,71_110,0.465625,3.568887,0.439063,0.658594,0.385156,0.439063,0.468750,0.427344,0.658594,0.468750,0.414844,0.385156,0.427344,0.414844
101,71_codon,0.458203,3.709794,0.437500,0.432813,0.503906,0.437500,0.374219,0.568750,0.432813,0.374219,0.432031,0.503906,0.568750,0.432031
101,72,0.391667,3.794679,0.406250,0.364062,0.417188,0.406250,0.382812,0.414062,0.364062,0.382812,0.365625,0.417188,0.414062,0.365625
101,72_001,0.507812,3.360554,0.577344,0.419531,0.579688,0.577344,0.412500,0.659375,0.419531,0.412500,0.398438,0.579688,0.659375,0.398438
101,72_010,0.442318,3.795602,0.424219,0.457031,0.453125,0.424219,0.363281,0.555469,0.457031,0.363281,0.400781,0.453125,0.555469,0.400781
101,72_011,0.472917,3.572212,0.471094,0.431250,0.467187,0.471094,0.395312,0.681250,0.431250,0.395312,0.391406,0.467187,0.681250,0.391406
101,72_100,0.508203,3.362612,0.396094,0.575781,0.660937,0.396094,0.422656,0.398438,0.575781,0.422656,0.595313,0.660937,0.398438,0.595313
101,72_101,0.529557,3.284799,0.595313,0.448438,0.592969,0.595313,0.432031,0.679688,0.448438,0.432031,0.428906,0.592969,0.679688,0.428906
101,72_110,0.470964,3.548726,0.670312,0.471094,0.403906,0.670312,0.456250,0.390625,0.471094,0.456250,0.433594,0.403906,0.390625,0.433594
101,72_codon,0.453255,3.784431,0.417969,0.437500,0.489844,0.417969,0.369531,0.567969,0.437500,0.369531,0.436719,0.489844,0.567969,0.436719
101,73,0.386458,3.830830,0.330469,0.402344,0.384375,0.330469,0.397656,0.393750,0.402344,0.397656,0.410156,0.384375,0.393750,0.410156
101,73_001,0.506510,3.347195,0.400000,0.574219,0.676562,0.400000,0.407813,0.412500,0.574219,0.407813,0.567969,0.676562,0.412500,0.567969
101,73_010,0.436719,3.830464,0.428125,0.403906,0.347656,0.428125,0.463281,0.409375,0.403906,0.463281,0.567969,0.347656,0.409375,0.567969
101,73_011,0.478646,3.581028,0.423438,0.463281,0.444531,0.423438,0.434375,0.420312,0.463281,0.434375,0.685937,0.444531,0.420312,0.685937
101,73_100,0.501172,3.375113,0.575000,0.661719,0.387500,0.575000,0.582812,0.404687,0.661719,0.582812,0.395312,0.387500,0.404687,0.395312
101,73_101,0.514193,3.320154,0.452344,0.459375,0.448438,0.452344,0.668750,0.525000,0.459375,0.668750,0.531250,0.448438,0.525000,0.531250
101,73_110,0.451302,3.703510,0.429688,0.428125,0.378125,0.429688,0.480469,0.427344,0.428125,0.480469,0.564063,0.378125,0.427344,0.564063
101,73_codon,0.445182,3.764437,0.427344,0.422656,0.373437,0.427344,0.443750,0.459375,0.422656,0.443750,0.544531,0.373437,0.459375,0.544531
101,74,0.378125,3.910151,0.380469,0.390625,0.425781,0.380469,0.375000,0.329688,0.390625,0.375000,0.367188,0.425781,0.329688,0.367188
101,74_001,0.499349,3.383376,0.578125,0.560937,0.389062,0.578125,0.670312,0.403906,0.560937,0.670312,0.393750,0.389062,0.403906,0.393750
101,74_010,0.434766,3.842492,0.400781,0.544531,0.453906,0.400781,0.353125,0.437500,0.544531,0.353125,0.418750,0.453906,0.437500,0.418750
101,74_011,0.458854,3.640781,0.399219,0.654687,0.439844,0.399219,0.407813,0.407813,0.654687,0.407813,0.443750,0.439844,0.407813,0.443750
101,74_100,0.507031,3.340391,0.425000,0.562500,0.567187,0.425000,0.401563,0.414062,0.562500,0.401563,0.671875,0.567187,0.414062,0.671875
101,74_101,0.520182,3.305065,0.466406,0.598437,0.633594,0.466406,0.427344,0.417188,0.598437,0.427344,0.578125,0.633594,0.417188,0.578125
101,74_110,0.478776,3.591195,0.438281,0.451562,0.466406,0.438281,0.409375,0.422656,0.451562,0.409375,0.684375,0.466406,0.422656,0.684375
101,74_codon,0.432943,3.876309,0.374219,0.380469,0.430469,0.374219,0.471094,0.439063,0.380469,0.471094,0.502344,0.430469,0.439063,0.502344
101,75,0.384766,3.868324,0.389844,0.364844,0.411719,0.389844,0.354688,0.412500,0.364844,0.354688,0.375000,0.411719,0.412500,0.375000
101,75_001,0.504948,3.385902,0.567969,0.407813,0.594531,0.567969,0.390625,0.667969,0.407813,0.390625,0.400781,0.594531,0.667969,0.400781
101,75_010,0.435417,3.832464,0.417188,0.547656,0.354688,0.417188,0.470313,0.434375,0.547656,0.470313,0.388281,0.354688,0.434375,0.388281
101,75_011,0.472786,3.609107,0.529687,0.382031,0.607031,0.529687,0.383594,0.558594,0.382031,0.383594,0.375781,0.607031,0.558594,0.375781
101,75_100,0.504818,3.357964,0.414844,0.404687,0.403125,0.414844,0.674219,0.574219,0.404687,0.674219,0.557813,0.403125,0.574219,0.557813
101,75_101,0.524609,3.247487,0.498437,0.510938,0.621094,0.498437,0.539062,0.485156,0.510938,0.539062,0.492969,0.621094,0.485156,0.492969
101,75_110,0.493620,3.487833,0.384375,0.553906,0.683594,0.384375,0.391406,0.386719,0.553906,0.391406,0.561719,0.683594,0.386719,0.561719
101,75_codon,0.444010,3.710062,0.461719,0.406250,0.428125,0.461719,0.410937,0.492969,0.406250,0.410937,0.464063,0.428125,0.492969,0.464063
101,76,0.374349,3.902664,0.361719,0.367969,0.404687,0.361719,0.374219,0.379687,0.367969,0.374219,0.357812,0.404687,0.379687,0.357812
101,76_001,0.516276,3.331398,0.421875,0.426562,0.431250,0.421875,0.561719,0.687500,0.426562,0.561719,0.568750,0.431250,0.687500,0.568750
101,76_010,0.441146,3.776688,0.571094,0.428906,0.339844,0.571094,0.492969,0.393750,0.428906,0.492969,0.420312,0.339844,0.393750,0.420312
101,76_011,0.461979,3.606907,0.407813,0.665625,0.451562,0.407813,0.396094,0.410937,0.665625,0.396094,0.439844,0.451562,0.410937,0.439844
101,76_100,0.501693,3.381077,0.582031,0.565625,0.403906,0.582031,0.681250,0.394531,0.565625,0.681250,0.382812,0.403906,0.394531,0.382812
101,76_101,0.520312,3.235687,0.550000,0.499219,0.452344,0.550000,0.533594,0.490625,0.499219,0.533594,0.596094,0.452344,0.490625,0.596094
101,76_110,0.488932,3.514937,0.390625,0.578125,0.578906,0.390625,0.402344,0.373437,0.578125,0.402344,0.610156,0.578906,0.373437,0.610156
101,76_codon,0.458333,3.685671,0.396875,0.402344,0.410156,0.396875,0.464063,0.496094,0.402344,0.464063,0.580469,0.410156,0.496094,0.580469
101,77,0.370964,3.920902,0.407813,0.379687,0.369531,0.407813,0.400781,0.326562,0.379687,0.400781,0.341406,0.369531,0.326562,0.341406
101,77_001,0.503906,3.384477,0.560156,0.406250,0.575000,0.560156,0.395312,0.678906,0.406250,0.395312,0.407813,0.575000,0.678906,0.407813
101,77_010,0.439323,3.795852,0.417188,0.360156,0.574219,0.417188,0.414062,0.459375,0.360156,0.414062,0.410937,0.574219,0.459375,0.410937
101,77_011,0.469661,3.602332,0.452344,0.469531,0.436719,0.452344,0.661719,0.390625,0.469531,0.661719,0.407031,0.436719,0.390625,0.407031
101,77_100,0.489323,3.393011,0.684375,0.461719,0.475781,0.684375,0.467969,0.466406,0.461719,0.467969,0.379687,0.475781,0.466406,0.379687
101,77_101,0.521875,3.284087,0.430469,0.656250,0.578125,0.430469,0.429688,0.457031,0.656250,0.429688,0.579688,0.578125,0.457031,0.579688
101,77_110,0.407813,3.918213,0.432813,0.417188,0.403906,0.432813,0.324219,0.526563,0.417188,0.324219,0.342187,0.403906,0.526563,0.342187
101,77_codon,0.478776,3.612495,0.420312,0.471875,0.406250,0.420312,0.501563,0.593750,0.471875,0.501563,0.478906,0.406250,0.593750,0.478906
101,78,0.402995,3.770229,0.420312,0.447656,0.402344,0.420312,0.403125,0.419531,0.447656,0.403125,0.325000,0.402344,0.419531,0.325000
101,78_001,0.508724,3.329925,0.571875,0.665625,0.409375,0.571875,0.571875,0.424219,0.665625,0.571875,0.409375,0.409375,0.424219,0.409375
101,78_010,0.439193,3.785064,0.554688,0.347656,0.442969,0.554688,0.392188,0.473437,0.347656,0.392188,0.424219,0.442969,0.473437,0.424219
101,78_011,0.467318,3.588501,0.501563,0.624219,0.364062,0.501563,0.527344,0.402344,0.624219,0.527344,0.384375,0.364062,0.402344,0.384375
101,78_100,0.502995,3.381479,0.571094,0.410937,0.690625,0.571094,0.402344,0.553906,0.410937,0.402344,0.389062,0.690625,0.553906,0.389062
101,78_101,0.522656,3.266011,0.580469,0.566406,0.446094,0.580469,0.666406,0.438281,0.566406,0.666406,0.438281,0.446094,0.438281,0.438281
101,78_110,0.476562,3.584912,0.508594,0.374219,0.578125,0.508594,0.414844,0.573438,0.374219,0.414844,0.410156,0.578125,0.573438,0.410156
101,78_codon,0.445443,3.736634,0.400781,0.403125,0.418750,0.400781,0.411719,0.564063,0.403125,0.411719,0.474219,0.418750,0.564063,0.474219
101,79,0.383333,3.878798,0.338281,0.400781,0.401563,0.338281,0.406250,0.315625,0.400781,0.406250,0.437500,0.401563,0.315625,0.437500
101,79_001,0.494661,3.422571,0.657813,0.550781,0.397656,0.657813,0.573438,0.391406,0.550781,0.573438,0.396875,0.397656,0.391406,0.396875
101,79_010,0.436458,3.814313,0.405469,0.567187,0.461719,0.405469,0.355469,0.420312,0.567187,0.355469,0.408594,0.461719,0.420312,0.408594
101,79_011,0.456120,3.711327,0.493750,0.561719,0.432031,0.493750,0.428906,0.453906,0.561719,0.428906,0.366406,0.432031,0.453906,0.366406
101,79_100,0.501042,3.353171,0.403906,0.567187,0.558594,0.403906,0.401563,0.392969,0.567187,0.401563,0.682031,0.558594,0.392969,0.682031
101,79_101,0.523568,3.264433,0.499219,0.577344,0.450781,0.499219,0.550781,0.561719,0.577344,0.550781,0.501563,0.450781,0.561719,0.501563
101,79_110,0.452995,3.680816,0.428906,0.557031,0.460156,0.428906,0.398438,0.371094,0.557031,0.398438,0.502344,0.460156,0.371094,0.502344
101,79_codon,0.457031,3.706236,0.387500,0.357031,0.397656,0.387500,0.481250,0.571094,0.357031,0.481250,0.547656,0.397656,0.571094,0.547656
101,7_001,0.497526,3.396349,0.620313,0.403906,0.594531,0.620313,0.410156,0.548438,0.403906,0.410156,0.407813,0.594531,0.548438,0.407813
101,7_010,0.436979,3.781672,0.389062,0.460156,0.512500,0.389062,0.429688,0.365625,0.460156,0.429688,0.464844,0.512500,0.365625,0.464844
101,7_011,0.447526,3.654162,0.432031,0.450781,0.528906,0.432031,0.395312,0.415625,0.450781,0.395312,0.462500,0.528906,0.415625,0.462500
101,7_100,0.508203,3.346333,0.671094,0.574219,0.410156,0.671094,0.584375,0.397656,0.574219,0.584375,0.411719,0.410156,0.397656,0.411719
101,7_101,0.519401,3.248538,0.564063,0.464063,0.477344,0.564063,0.514062,0.528906,0.464063,0.514062,0.567969,0.477344,0.528906,0.567969
101,7_110,0.453385,3.714100,0.432813,0.505469,0.478125,0.432813,0.425000,0.364062,0.505469,0.425000,0.514844,0.478125,0.364062,0.514844
101,7_codon,0.451042,3.780879,0.442969,0.433594,0.378906,0.442969,0.469531,0.571875,0.433594,0.469531,0.409375,0.378906,0.571875,0.409375
101,8,0.388932,3.824857,0.342969,0.364844,0.371875,0.342969,0.378906,0.450781,0.364844,0.378906,0.424219,0.371875,0.450781,0.424219
101,80,0.383854,3.858121,0.355469,0.377344,0.443750,0.355469,0.366406,0.387500,0.377344,0.366406,0.372656,0.443750,0.387500,0.372656
101,80_001,0.514323,3.329000,0.572656,0.412500,0.662500,0.572656,0.443750,0.574219,0.412500,0.443750,0.420312,0.662500,0.574219,0.420312
101,80_010,0.440234,3.771489,0.488281,0.393750,0.565625,0.488281,0.411719,0.435937,0.393750,0.411719,0.346094,0.565625,0.435937,0.346094
101,80_011,0.472917,3.547169,0.456250,0.428125,0.473437,0.456250,0.394531,0.672656,0.428125,0.394531,0.412500,0.473437,0.672656,0.412500
101,80_100,0.485807,3.411868,0.435156,0.472656,0.700000,0.435156,0.394531,0.442187,0.472656,0.394531,0.470313,0.700000,0.442187,0.470313
101,80_101,0.526563,3.261813,0.421875,0.643750,0.599219,0.421875,0.425781,0.455469,0.643750,0.425781,0.613281,0.599219,0.455469,0.613281
101,80_110,0.467448,3.638152,0.388281,0.538281,0.583594,0.388281,0.369531,0.392188,0.538281,0.369531,0.532813,0.583594,0.392188,0.532813
101,80_codon,0.457422,3.714558,0.485938,0.448438,0.442187,0.485938,0.420312,0.578906,0.448438,0.420312,0.368750,0.442187,0.578906,0.368750
101,81,0.384115,3.874658,0.389844,0.425000,0.374219,0.389844,0.432031,0.344531,0.425000,0.432031,0.339063,0.374219,0.344531,0.339063
101,81_001,0.499609,3.362315,0.403125,0.569531,0.667969,0.403125,0.396094,0.382031,0.569531,0.396094,0.578906,0.667969,0.382031,0.578906
101,81_010,0.435026,3.806547,0.549219,0.423438,0.369531,0.549219,0.449219,0.391406,0.423438,0.449219,0.427344,0.369531,0.391406,0.427344
101,81_011,0.460417,3.720940,0.536719,0.356250,0.468750,0.536719,0.423438,0.537500,0.356250,0.423438,0.439844,0.468750,0.537500,0.439844
101,81_100,0.481771,3.470672,0.699219,0.454688,0.462500,0.699219,0.457031,0.458594,0.454688,0.457031,0.358594,0.462500,0.458594,0.358594
101,81_101,0.507292,3.342760,0.541406,0.578125,0.439844,0.541406,0.628906,0.408594,0.578125,0.628906,0.446875,0.439844,0.408594,0.446875
101,81_110,0.483203,3.502457,0.475781,0.475000,0.393750,0.475781,0.705469,0.424219,0.475000,0.705469,0.425000,0.393750,0.424219,0.425000
101,81_codon,0.437891,3.796140,0.431250,0.453906,0.419531,0.431250,0.533594,0.379687,0.453906,0.533594,0.409375,0.419531,0.379687,0.409375
101,82,0.406250,3.745065,0.392969,0.361719,0.475000,0.392969,0.361719,0.432031,0.361719,0.361719,0.414062,0.475000,0.432031,0.414062
101,82_001,0.502604,3.356664,0.404687,0.552344,0.687500,0.404687,0.400781,0.413281,0.552344,0.400781,0.557031,0.687500,0.413281,0.557031
101,82_010,0.433333,3.790466,0.403906,0.440625,0.571094,0.403906,0.423438,0.362500,0.440625,0.423438,0.398438,0.571094,0.362500,0.398438
101,82_011,0.467057,3.581558,0.405469,0.450781,0.655469,0.405469,0.414844,0.416406,0.450781,0.414844,0.459375,0.655469,0.416406,0.459375
101,82_100,0.503516,3.364273,0.396875,0.405469,0.417188,0.396875,0.552344,0.553906,0.405469,0.552344,0.695312,0.417188,0.553906,0.695312
101,82_101,0.522005,3.299477,0.505469,0.485938,0.713281,0.505469,0.425781,0.515625,0.485938,0.425781,0.485938,0.713281,0.515625,0.485938
101,82_110,0.467057,3.605251,0.458594,0.414062,0.681250,0.458594,0.408594,0.440625,0.414062,0.408594,0.399219,0.681250,0.440625,0.399219
101,82_codon,0.447656,3.749375,0.461719,0.425781,0.422656,0.461719,0.417969,0.548438,0.425781,0.417969,0.409375,0.422656,0.548438,0.409375
101,83,0.384896,3.844694,0.346875,0.453125,0.407813,0.346875,0.353125,0.346875,0.453125,0.353125,0.401563,0.407813,0.346875,0.401563
101,83_001,0.505599,3.357386,0.405469,0.408594,0.414844,0.405469,0.681250,0.561719,0.408594,0.681250,0.561719,0.414844,0.561719,0.561719
101,83_010,0.438021,3.818679,0.349219,0.568750,0.414844,0.349219,0.407031,0.417188,0.568750,0.407031,0.471094,0.414844,0.417188,0.471094
101,83_011,0.439323,3.782546,0.424219,0.428906,0.407813,0.424219,0.452344,0.450000,0.428906,0.452344,0.472656,0.407813,0.450000,0.472656
101,83_100,0.493490,3.429827,0.415625,0.623437,0.560937,0.415625,0.392969,0.393750,0.623437,0.392969,0.574219,0.560937,0.393750,0.574219
101,83_101,0.518750,3.336076,0.524219,0.646875,0.532813,0.524219,0.529687,0.388281,0.646875,0.529687,0.490625,0.532813,0.388281,0.490625
101,83_110,0.471484,3.605943,0.450000,0.682813,0.379687,0.450000,0.477344,0.435156,0.682813,0.477344,0.403906,0.379687,0.435156,0.403906
101,83_codon,0.435547,3.872885,0.478125,0.434375,0.448438,0.478125,0.510938,0.404687,0.434375,0.510938,0.336719,0.448438,0.404687,0.336719
101,84,0.381641,3.887384,0.321875,0.410156,0.353125,0.321875,0.367188,0.396094,0.410156,0.367188,0.441406,0.353125,0.396094,0.441406
101,84_001,0.501563,3.356877,0.401563,0.408594,0.407031,0.401563,0.568750,0.553906,0.408594,0.568750,0.669531,0.407031,0.553906,0.669531
101,84_010,0.438802,3.808270,0.402344,0.374219,0.422656,0.402344,0.567969,0.454688,0.374219,0.567969,0.410937,0.422656,0.454688,0.410937
101,84_011,0.451042,3.754502,0.437500,0.367969,0.444531,0.437500,0.557031,0.483594,0.367969,0.557031,0.415625,0.444531,0.483594,0.415625
101,84_100,0.499609,3.382088,0.557813,0.407031,0.562500,0.557813,0.390625,0.683594,0.407031,0.390625,0.396094,0.562500,0.683594,0.396094
101,84_101,0.517578,3.271597,0.638281,0.436719,0.543750,0.638281,0.466406,0.569531,0.436719,0.466406,0.450781,0.543750,0.569531,0.450781
101,84_110,0.451953,3.653940,0.452344,0.401563,0.451562,0.452344,0.443750,0.560156,0.401563,0.443750,0.402344,0.451562,0.560156,0.402344
101,84_codon,0.457552,3.693587,0.388281,0.407031,0.437500,0.388281,0.428125,0.622656,0.407031,0.428125,0.461719,0.437500,0.622656,0.461719
101,85,0.414583,3.727769,0.435156,0.372656,0.412500,0.435156,0.396875,0.468750,0.372656,0.396875,0.401563,0.412500,0.468750,0.401563
101,85_001,0.511849,3.326091,0.679688,0.415625,0.575781,0.679688,0.415625,0.567969,0.415625,0.415625,0.416406,0.575781,0.567969,0.416406
101,85_010,0.446224,3.797074,0.565625,0.487500,0.406250,0.565625,0.428125,0.349219,0.487500,0.428125,0.440625,0.406250,0.349219,0.440625
101,85_011,0.466536,3.681406,0.477344,0.371875,0.532031,0.477344,0.442969,0.536719,0.371875,0.442969,0.438281,0.532031,0.536719,0.438281
101,85_100,0.500651,3.386782,0.582031,0.663281,0.403906,0.582031,0.555469,0.401563,0.663281,0.555469,0.397656,0.403906,0.401563,0.397656
101,85_101,0.513672,3.297491,0.542188,0.463281,0.584375,0.542188,0.410156,0.642188,0.463281,0.410156,0.439844,0.584375,0.642188,0.439844
101,85_110,0.470443,3.586835,0.403906,0.447656,0.670312,0.403906,0.424219,0.416406,0.447656,0.424219,0.460156,0.670312,0.416406,0.460156
101,85_codon,0.455599,3.720922,0.447656,0.440625,0.417969,0.447656,0.430469,0.596875,0.440625,0.430469,0.400000,0.417969,0.596875,0.400000
101,86,0.392708,3.824197,0.372656,0.399219,0.376563,0.372656,0.411719,0.407813,0.399219,0.411719,0.388281,0.376563,0.407813,0.388281
101,86_001,0.502474,3.355410,0.403125,0.397656,0.397656,0.403125,0.570312,0.573438,0.397656,0.570312,0.672656,0.397656,0.573438,0.672656
101,86_010,0.441016,3.775364,0.350000,0.574219,0.418750,0.350000,0.400000,0.435937,0.574219,0.400000,0.467187,0.418750,0.435937,0.467187
101,86_011,0.459766,3.610350,0.394531,0.394531,0.417188,0.394531,0.447656,0.649219,0.394531,0.447656,0.455469,0.417188,0.649219,0.455469
101,86_100,0.494922,3.422217,0.432813,0.707031,0.500781,0.432813,0.426562,0.396875,0.707031,0.426562,0.505469,0.500781,0.396875,0.505469
101,86_101,0.523958,3.266235,0.420312,0.458594,0.420312,0.420312,0.596094,0.653125,0.458594,0.596094,0.595313,0.420312,0.653125,0.595313
101,86_110,0.478776,3.579232,0.575000,0.614062,0.364062,0.575000,0.572656,0.374219,0.614062,0.572656,0.372656,0.364062,0.374219,0.372656
101,86_codon,0.465495,3.578744,0.419531,0.496094,0.526563,0.419531,0.397656,0.429688,0.496094,0.397656,0.523438,0.526563,0.429688,0.523438
101,87,0.390625,3.825677,0.364844,0.399219,0.382031,0.364844,0.372656,0.369531,0.399219,0.372656,0.455469,0.382031,0.369531,0.455469
101,87_001,0.486849,3.438658,0.451562,0.673438,0.493750,0.451562,0.439844,0.381250,0.673438,0.439844,0.481250,0.493750,0.381250,0.481250
101,87_010,0.434375,3.801936,0.417969,0.469531,0.418750,0.417969,0.393750,0.349219,0.469531,0.393750,0.557031,0.418750,0.349219,0.557031
101,87_011,0.480078,3.567939,0.372656,0.576562,0.596875,0.372656,0.386719,0.394531,0.576562,0.386719,0.553125,0.596875,0.394531,0.553125
101,87_100,0.504427,3.332600,0.404687,0.417188,0.398438,0.404687,0.577344,0.667188,0.417188,0.577344,0.561719,0.398438,0.667188,0.561719
101,87_101,0.509505,3.369950,0.453906,0.733594,0.471094,0.453906,0.466406,0.448438,0.733594,0.466406,0.483594,0.471094,0.448438,0.483594
101,87_110,0.487500,3.513561,0.382812,0.388281,0.388281,0.382812,0.617969,0.573438,0.388281,0.617969,0.574219,0.388281,0.573438,0.574219
101,87_codon,0.442318,3.744844,0.409375,0.386719,0.436719,0.409375,0.578125,0.444531,0.386719,0.578125,0.398438,0.436719,0.444531,0.398438
101,88,0.397656,3.737763,0.415625,0.414844,0.393750,0.415625,0.404687,0.376563,0.414844,0.404687,0.380469,0.393750,0.376563,0.380469
101,88_001,0.493880,3.396431,0.410156,0.623437,0.590625,0.410156,0.403906,0.407031,0.623437,0.403906,0.528125,0.590625,0.407031,0.528125
101,88_010,0.438542,3.818228,0.564844,0.409375,0.348437,0.564844,0.471094,0.423438,0.409375,0.471094,0.414062,0.348437,0.423438,0.414062
101,88_011,0.455208,3.696743,0.406250,0.426562,0.438281,0.406250,0.430469,0.539062,0.426562,0.430469,0.490625,0.438281,0.539062,0.490625
101,88_100,0.503776,3.351715,0.690625,0.560937,0.408594,0.690625,0.552344,0.405469,0.560937,0.552344,0.404687,0.408594,0.405469,0.404687
101,88_101,0.520833,3.281416,0.509375,0.517188,0.527344,0.509375,0.621875,0.470313,0.517188,0.621875,0.478906,0.527344,0.470313,0.478906
101,88_110,0.458073,3.737220,0.517969,0.467187,0.378906,0.517969,0.548438,0.413281,0.467187,0.548438,0.422656,0.378906,0.413281,0.422656
101,88_codon,0.458594,3.682158,0.425781,0.496094,0.467969,0.425781,0.424219,0.402344,0.496094,0.424219,0.535156,0.467969,0.402344,0.535156
101,89,0.384245,3.865184,0.325781,0.427344,0.364844,0.325781,0.371094,0.377344,0.427344,0.371094,0.439063,0.364844,0.377344,0.439063
101,89_001,0.510677,3.347429,0.424219,0.567187,0.582031,0.424219,0.400781,0.425000,0.567187,0.400781,0.664844,0.582031,0.425000,0.664844
101,89_010,0.437370,3.793444,0.415625,0.359375,0.425000,0.415625,0.564844,0.452344,0.359375,0.564844,0.407031,0.425000,0.452344,0.407031
101,89_011,0.455990,3.700962,0.398438,0.389844,0.451562,0.398438,0.453125,0.478906,0.389844,0.453125,0.564063,0.451562,0.478906,0.564063
101,89_100,0.503646,3.350382,0.400000,0.414062,0.411719,0.400000,0.670312,0.554688,0.414062,0.670312,0.571094,0.411719,0.554688,0.571094
101,89_101,0.521094,3.251798,0.430469,0.598437,0.539062,0.430469,0.448438,0.550000,0.598437,0.448438,0.560156,0.539062,0.550000,0.560156
101,89_110,0.459766,3.646222,0.425000,0.383594,0.443750,0.425000,0.578906,0.482031,0.383594,0.578906,0.445312,0.443750,0.482031,0.445312
101,89_codon,0.482552,3.491108,0.396875,0.603125,0.547656,0.396875,0.388281,0.414062,0.603125,0.388281,0.545312,0.547656,0.414062,0.545312
101,8_001,0.488021,3.396056,0.383594,0.404687,0.401563,0.383594,0.525781,0.536719,0.404687,0.525781,0.675781,0.401563,0.536719,0.675781
101,8_010,0.437630,3.850242,0.547656,0.410937,0.474219,0.547656,0.345313,0.410156,0.410937,0.345313,0.437500,0.474219,0.410156,0.437500
101,8_011,0.450260,3.703467,0.453125,0.442969,0.519531,0.453125,0.396875,0.500000,0.442969,0.396875,0.389062,0.519531,0.500000,0.389062
101,8_100,0.501432,3.371008,0.395312,0.393750,0.407813,0.395312,0.666406,0.579688,0.393750,0.666406,0.565625,0.407813,0.579688,0.565625
101,8_101,0.520182,3.315099,0.603125,0.424219,0.587500,0.603125,0.429688,0.657031,0.424219,0.429688,0.419531,0.587500,0.657031,0.419531
101,8_110,0.475911,3.539009,0.463281,0.403125,0.460938,0.463281,0.415625,0.698438,0.403125,0.415625,0.414062,0.460938,0.698438,0.414062
101,8_codon,0.448568,3.732239,0.399219,0.414844,0.385156,0.399219,0.452344,0.462500,0.414844,0.452344,0.577344,0.385156,0.462500,0.577344
101,9,0.398438,3.793299,0.455469,0.440625,0.339844,0.455469,0.438281,0.337500,0.440625,0.438281,0.378906,0.339844,0.337500,0.378906
101,90,0.394141,3.817263,0.410937,0.350781,0.488281,0.410937,0.329688,0.393750,0.350781,0.329688,0.391406,0.488281,0.393750,0.391406
101,90_001,0.508333,3.328784,0.411719,0.576562,0.682813,0.411719,0.407813,0.403125,0.576562,0.407813,0.567969,0.682813,0.403125,0.567969
101,90_010,0.440365,3.818321,0.348437,0.403906,0.556250,0.348437,0.430469,0.430469,0.403906,0.430469,0.472656,0.556250,0.430469,0.472656
101,90_011,0.457682,3.748254,0.376563,0.564063,0.423438,0.376563,0.434375,0.463281,0.564063,0.434375,0.484375,0.423438,0.463281,0.484375
101,90_100,0.501432,3.367786,0.575000,0.558594,0.401563,0.575000,0.681250,0.407031,0.558594,0.681250,0.385156,0.401563,0.407031,0.385156
101,90_101,0.527734,3.275240,0.448438,0.629687,0.632812,0.448438,0.405469,0.460156,0.629687,0.405469,0.589844,0.632812,0.460156,0.589844
101,90_110,0.460286,3.630512,0.422656,0.444531,0.467187,0.422656,0.383594,0.400781,0.444531,0.383594,0.642969,0.467187,0.400781,0.642969
101,90_codon,0.445312,3.775842,0.361719,0.399219,0.457812,0.361719,0.479688,0.509375,0.399219,0.479688,0.464063,0.457812,0.509375,0.464063
101,91,0.393490,3.821329,0.373437,0.367188,0.374219,0.373437,0.394531,0.428906,0.367188,0.394531,0.422656,0.374219,0.428906,0.422656
101,91_001,0.499089,3.383280,0.562500,0.394531,0.687500,0.562500,0.386719,0.568750,0.394531,0.386719,0.394531,0.687500,0.568750,0.394531
101,91_010,0.440365,3.791669,0.360156,0.405469,0.422656,0.360156,0.559375,0.418750,0.405469,0.559375,0.475781,0.422656,0.418750,0.475781
101,91_011,0.442318,3.752366,0.422656,0.416406,0.402344,0.422656,0.517969,0.455469,0.416406,0.517969,0.439063,0.402344,0.455469,0.439063
101,91_100,0.485286,3.428801,0.489062,0.384375,0.472656,0.489062,0.430469,0.685156,0.384375,0.430469,0.450000,0.472656,0.685156,0.450000
101,91_101,0.510156,3.412000,0.500781,0.408594,0.498437,0.500781,0.483594,0.688281,0.408594,0.483594,0.481250,0.498437,0.688281,0.481250
101,91_110,0.484635,3.543660,0.385938,0.377344,0.368750,0.385938,0.591406,0.562500,0.377344,0.591406,0.621875,0.368750,0.562500,0.621875
101,91_codon,0.459115,3.667762,0.407031,0.410156,0.399219,0.407031,0.460938,0.445312,0.410156,0.460938,0.632031,0.399219,0.445312,0.632031
101,92,0.390885,3.829311,0.374219,0.396094,0.357031,0.374219,0.413281,0.397656,0.396094,0.413281,0.407031,0.357031,0.397656,0.407031
101,92_001,0.498437,3.390995,0.399219,0.392188,0.400781,0.399219,0.556250,0.681250,0.392188,0.556250,0.560937,0.400781,0.681250,0.560937
101,92_010,0.440755,3.798658,0.352344,0.442969,0.393750,0.352344,0.432813,0.552344,0.442969,0.432813,0.470313,0.393750,0.552344,0.470313
101,92_011,0.487370,3.562276,0.560937,0.402344,0.610938,0.560937,0.407813,0.558594,0.402344,0.407813,0.383594,0.610938,0.558594,0.383594
101,92_100,0.505339,3.362211,0.417969,0.409375,0.419531,0.417969,0.550000,0.680469,0.409375,0.550000,0.554688,0.419531,0.680469,0.554688
101,92_101,0.524479,3.275368,0.397656,0.450000,0.417188,0.397656,0.614062,0.634375,0.450000,0.614062,0.633594,0.417188,0.634375,0.633594
101,92_110,0.472266,3.628253,0.425781,0.400781,0.364844,0.425781,0.540625,0.534375,0.400781,0.540625,0.567187,0.364844,0.534375,0.567187
101,92_codon,0.454818,3.750825,0.433594,0.417188,0.366406,0.433594,0.492188,0.439063,0.417188,0.492188,0.580469,0.366406,0.439063,0.580469
101,93,0.383854,3.878430,0.371094,0.412500,0.401563,0.371094,0.359375,0.371875,0.412500,0.359375,0.386719,0.401563,0.371875,0.386719
101,93_001,0.498958,3.381225,0.565625,0.411719,0.571875,0.565625,0.400781,0.648438,0.411719,0.400781,0.395312,0.571875,0.648438,0.395312
101,93_010,0.435677,3.831407,0.552344,0.437500,0.396875,0.552344,0.404687,0.368750,0.437500,0.404687,0.453906,0.396875,0.368750,0.453906
101,93_011,0.461198,3.706015,0.443750,0.438281,0.371875,0.443750,0.522656,0.514062,0.438281,0.522656,0.476562,0.371875,0.514062,0.476562
101,93_100,0.500911,3.384598,0.574219,0.692187,0.389844,0.574219,0.576562,0.389062,0.692187,0.576562,0.383594,0.389844,0.389062,0.383594
101,93_101,0.522917,3.299750,0.476562,0.635938,0.550000,0.476562,0.462500,0.478906,0.635938,0.462500,0.533594,0.550000,0.478906,0.533594
101,93_110,0.465234,3.589954,0.424219,0.683594,0.407813,0.424219,0.443750,0.402344,0.683594,0.443750,0.429688,0.407813,0.402344,0.429688
101,93_codon,0.461068,3.696213,0.386719,0.400781,0.430469,0.386719,0.475781,0.562500,0.400781,0.475781,0.510156,0.430469,0.562500,0.510156
101,94,0.400651,3.756750,0.409375,0.407813,0.410156,0.409375,0.389062,0.407813,0.407813,0.389062,0.379687,0.410156,0.407813,0.379687
101,94_001,0.501693,3.374382,0.406250,0.395312,0.403125,0.406250,0.556250,0.699219,0.395312,0.556250,0.550000,0.403125,0.699219,0.550000
101,94_010,0.437760,3.782923,0.566406,0.417188,0.456250,0.566406,0.358594,0.413281,0.417188,0.358594,0.414844,0.456250,0.413281,0.414844
101,94_011,0.423438,3.858878,0.455469,0.410937,0.434375,0.455469,0.418750,0.425000,0.410937,0.418750,0.396094,0.434375,0.425000,0.396094
101,94_100,0.498958,3.393191,0.558594,0.666406,0.405469,0.558594,0.550781,0.409375,0.666406,0.550781,0.403125,0.405469,0.409375,0.403125
101,94_101,0.522396,3.293633,0.440625,0.451562,0.405469,0.440625,0.649219,0.599219,0.451562,0.649219,0.588281,0.405469,0.599219,0.588281
101,94_110,0.495833,3.481065,0.553125,0.677344,0.386719,0.553125,0.567969,0.393750,0.677344,0.567969,0.396094,0.386719,0.393750,0.396094
101,94_codon,0.436068,3.856851,0.396094,0.409375,0.388281,0.396094,0.467187,0.496875,0.409375,0.467187,0.458594,0.388281,0.496875,0.458594
101,95,0.375000,3.868023,0.323438,0.367188,0.367969,0.323438,0.385938,0.391406,0.367188,0.385938,0.414062,0.367969,0.391406,0.414062
101,95_001,0.488802,3.407713,0.500781,0.369531,0.492188,0.500781,0.437500,0.700000,0.369531,0.437500,0.432813,0.492188,0.700000,0.432813
101,95_010,0.433594,3.838994,0.343750,0.442969,0.396875,0.343750,0.416406,0.531250,0.442969,0.416406,0.470313,0.396875,0.531250,0.470313
101,95_011,0.463802,3.648666,0.372656,0.371094,0.378906,0.372656,0.540625,0.520312,0.371094,0.540625,0.599219,0.378906,0.520312,0.599219
101,95_100,0.511198,3.358150,0.553125,0.694531,0.428906,0.553125,0.554688,0.407813,0.694531,0.554688,0.428125,0.428906,0.407813,0.428125
101,95_101,0.524740,3.275391,0.575000,0.576562,0.456250,0.575000,0.670312,0.434375,0.576562,0.670312,0.435937,0.456250,0.434375,0.435937
101,95_110,0.477344,3.537604,0.583594,0.518750,0.404687,0.583594,0.567187,0.390625,0.518750,0.567187,0.399219,0.404687,0.390625,0.399219
101,95_codon,0.423177,3.906001,0.377344,0.378906,0.439844,0.377344,0.377344,0.526563,0.378906,0.377344,0.439063,0.439844,0.526563,0.439063
101,96,0.383073,3.820767,0.400781,0.365625,0.426562,0.400781,0.317969,0.376563,0.365625,0.317969,0.410937,0.426562,0.376563,0.410937
101,96_001,0.502604,3.374818,0.412500,0.565625,0.559375,0.412500,0.407813,0.414844,0.565625,0.407813,0.655469,0.559375,0.414844,0.655469
101,96_010,0.442448,3.801459,0.426562,0.483594,0.437500,0.426562,0.557031,0.345313,0.483594,0.557031,0.404687,0.437500,0.345313,0.404687
101,96_011,0.458333,3.700113,0.406250,0.385156,0.398438,0.406250,0.543750,0.507031,0.385156,0.543750,0.509375,0.398438,0.507031,0.509375
101,96_100,0.490625,3.405687,0.409375,0.372656,0.413281,0.409375,0.526563,0.698438,0.372656,0.526563,0.523438,0.413281,0.698438,0.523438
101,96_101,0.520703,3.343517,0.635156,0.464063,0.593750,0.635156,0.450781,0.582812,0.464063,0.450781,0.397656,0.593750,0.582812,0.397656
101,96_110,0.466667,3.634934,0.392969,0.447656,0.682813,0.392969,0.418750,0.401563,0.447656,0.418750,0.456250,0.682813,0.401563,0.456250
101,96_codon,0.459635,3.661043,0.385156,0.449219,0.418750,0.385156,0.439844,0.593750,0.449219,0.439844,0.471094,0.418750,0.593750,0.471094
101,97,0.382422,3.839982,0.368750,0.364062,0.344531,0.368750,0.407031,0.408594,0.364062,0.407031,0.401563,0.344531,0.408594,0.401563
101,97_001,0.507292,3.335058,0.411719,0.414844,0.417969,0.411719,0.687500,0.554688,0.414844,0.687500,0.557031,0.417969,0.554688,0.557031
101,97_010,0.435286,3.808358,0.335156,0.403125,0.422656,0.335156,0.558594,0.412500,0.403125,0.558594,0.479688,0.422656,0.412500,0.479688
101,97_011,0.467708,3.609177,0.405469,0.407813,0.430469,0.405469,0.427344,0.680469,0.407813,0.427344,0.454688,0.430469,0.680469,0.454688
101,97_100,0.500911,3.375048,0.557813,0.568750,0.404687,0.557813,0.682813,0.394531,0.568750,0.682813,0.396875,0.404687,0.394531,0.396875
101,97_101,0.522786,3.268353,0.586719,0.401563,0.625781,0.586719,0.487500,0.611719,0.401563,0.487500,0.423438,0.625781,0.611719,0.423438
101,97_110,0.464844,3.690915,0.542188,0.541406,0.432031,0.542188,0.471875,0.364062,0.541406,0.471875,0.437500,0.432031,0.364062,0.437500
101,97_codon,0.453125,3.763450,0.370313,0.448438,0.417188,0.370313,0.425000,0.581250,0.448438,0.425000,0.476562,0.417188,0.581250,0.476562
101,98,0.375521,3.918714,0.369531,0.381250,0.325781,0.369531,0.435156,0.353906,0.381250,0.435156,0.387500,0.325781,0.353906,0.387500
101,98_001,0.496745,3.393875,0.464844,0.392969,0.456250,0.464844,0.483594,0.708594,0.392969,0.483594,0.474219,0.456250,0.708594,0.474219
101,98_010,0.440625,3.699789,0.358594,0.470313,0.498437,0.358594,0.388281,0.376563,0.470313,0.388281,0.551562,0.498437,0.376563,0.551562
101,98_011,0.470052,3.525833,0.388281,0.403125,0.438281,0.388281,0.679688,0.448438,0.403125,0.679688,0.462500,0.438281,0.448438,0.462500
101,98_100,0.503255,3.362790,0.402344,0.403906,0.414062,0.402344,0.668750,0.563281,0.403906,0.668750,0.567187,0.414062,0.563281,0.567187
101,98_101,0.522917,3.287244,0.626563,0.470313,0.475000,0.626563,0.508594,0.514844,0.470313,0.508594,0.542188,0.475000,0.514844,0.542188
101,98_110,0.426693,3.870631,0.331250,0.343750,0.325781,0.331250,0.567969,0.482812,0.343750,0.567969,0.508594,0.325781,0.482812,0.508594
101,98_codon,0.456901,3.640781,0.383594,0.379687,0.427344,0.383594,0.446875,0.517188,0.379687,0.446875,0.586719,0.427344,0.517188,0.586719
101,99,0.385417,3.842933,0.386719,0.377344,0.327344,0.386719,0.442187,0.375781,0.377344,0.442187,0.403125,0.327344,0.375781,0.403125
101,99_001,0.490104,3.414511,0.496875,0.375000,0.492969,0.496875,0.455469,0.676562,0.375000,0.455469,0.443750,0.492969,0.676562,0.443750
101,99_010,0.439844,3.809428,0.360938,0.430469,0.407031,0.360938,0.414844,0.554688,0.430469,0.414844,0.471094,0.407031,0.554688,0.471094
101,99_011,0.459375,3.659154,0.400781,0.425000,0.450000,0.400781,0.432031,0.566406,0.425000,0.432031,0.482031,0.450000,0.566406,0.482031
101,99_100,0.507422,3.357654,0.399219,0.400000,0.400000,0.399219,0.571094,0.695312,0.400000,0.571094,0.578906,0.400000,0.695312,0.578906
101,99_101,0.497135,3.434612,0.415625,0.422656,0.416406,0.415625,0.647656,0.528125,0.422656,0.647656,0.552344,0.416406,0.528125,0.552344
101,99_110,0.451693,3.720620,0.396094,0.482812,0.423438,0.396094,0.435156,0.425000,0.482812,0.435156,0.547656,0.423438,0.425000,0.547656
101,99_codon,0.443880,3.809847,0.391406,0.480469,0.428125,0.391406,0.515625,0.407813,0.480469,0.515625,0.439844,0.428125,0.407813,0.439844
101,9_001,0.508073,3.337718,0.404687,0.575000,0.682031,0.404687,0.414062,0.400781,0.575000,0.414062,0.571875,0.682031,0.400781,0.571875
101,9_010,0.434896,3.798926,0.446094,0.412500,0.418750,0.446094,0.560937,0.392188,0.412500,0.560937,0.378906,0.418750,0.392188,0.378906
101,9_011,0.467187,3.628860,0.461719,0.575000,0.371875,0.461719,0.550000,0.438281,0.575000,0.550000,0.406250,0.371875,0.438281,0.406250
101,9_100,0.505599,3.352543,0.571875,0.677344,0.399219,0.571875,0.574219,0.407813,0.677344,0.574219,0.403125,0.399219,0.407813,0.403125
101,9_101,0.520052,3.230593,0.539844,0.460938,0.559375,0.539844,0.596875,0.520312,0.460938,0.596875,0.442969,0.559375,0.520312,0.442969
101,9_110,0.465885,3.604756,0.532031,0.492188,0.407813,0.532031,0.600781,0.395312,0.492188,0.600781,0.367188,0.407813,0.395312,0.367188
101,9_codon,0.439844,3.805712,0.374219,0.392969,0.424219,0.374219,0.535937,0.463281,0.392969,0.535937,0.448438,0.424219,0.463281,0.448438
101,k3_alphabetical,0.504557,3.383257,0.405469,0.395312,0.384375,0.405469,0.582031,0.568750,0.395312,0.582031,0.691406,0.384375,0.568750,0.691406
110,0,0.396615,3.824088,0.352344,0.375781,0.446875,0.352344,0.354688,0.432813,0.375781,0.354688,0.417188,0.446875,0.432813,0.417188
110,0_001,0.423568,3.832333,0.435156,0.390625,0.323438,0.435156,0.464063,0.389844,0.390625,0.464063,0.538281,0.323438,0.389844,0.538281
110,0_010,0.521615,3.266526,0.449219,0.567187,0.664062,0.449219,0.460938,0.432031,0.567187,0.460938,0.556250,0.664062,0.432031,0.556250
110,0_011,0.447266,3.708909,0.441406,0.495313,0.535156,0.441406,0.390625,0.368750,0.495313,0.390625,0.452344,0.535156,0.368750,0.452344
110,0_100,0.529297,3.259777,0.450000,0.446094,0.450000,0.450000,0.650781,0.585156,0.446094,0.650781,0.593750,0.450000,0.585156,0.593750
110,0_101,0.501432,3.412951,0.401563,0.407813,0.388281,0.401563,0.591406,0.653906,0.407813,0.591406,0.565625,0.388281,0.653906,0.565625
110,0_110,0.560156,3.090490,0.486719,0.601562,0.629687,0.486719,0.530469,0.494531,0.601562,0.530469,0.617969,0.629687,0.494531,0.617969
110,0_codon,0.551042,3.172796,0.477344,0.588281,0.625781,0.477344,0.502344,0.503906,0.588281,0.502344,0.608594,0.625781,0.503906,0.608594
110,1,0.387370,3.864878,0.368750,0.407813,0.410156,0.368750,0.359375,0.399219,0.407813,0.359375,0.378906,0.410156,0.399219,0.378906
110,10,0.387760,3.829998,0.378906,0.403906,0.364062,0.378906,0.327344,0.417188,0.403906,0.327344,0.435156,0.364062,0.417188,0.435156
110,10_001,0.436328,3.828180,0.464844,0.460938,0.388281,0.464844,0.413281,0.549219,0.460938,0.413281,0.341406,0.388281,0.549219,0.341406
110,10_010,0.522526,3.263094,0.610156,0.418750,0.600781,0.610156,0.422656,0.659375,0.418750,0.422656,0.423438,0.600781,0.659375,0.423438
110,10_011,0.469401,3.550215,0.477344,0.399219,0.677344,0.477344,0.403125,0.471094,0.399219,0.403125,0.388281,0.677344,0.471094,0.388281
110,10_100,0.537500,3.233008,0.471875,0.578906,0.646094,0.471875,0.475000,0.478906,0.578906,0.475000,0.574219,0.646094,0.478906,0.574219
110,10_101,0.459245,3.649166,0.396094,0.418750,0.443750,0.396094,0.442187,0.438281,0.418750,0.442187,0.616406,0.443750,0.438281,0.616406
110,10_110,0.559896,3.094800,0.607812,0.504687,0.618750,0.607812,0.494531,0.635156,0.504687,0.494531,0.498437,0.618750,0.635156,0.498437
110,10_codon,0.560156,3.083267,0.553125,0.588281,0.599219,0.553125,0.499219,0.590625,0.588281,0.499219,0.530469,0.599219,0.590625,0.530469
110,11,0.407161,3.780333,0.417188,0.378906,0.428125,0.417188,0.382031,0.421094,0.378906,0.382031,0.415625,0.428125,0.421094,0.415625
110,11_001,0.428776,3.860878,0.535156,0.399219,0.475000,0.535156,0.317969,0.394531,0.399219,0.317969,0.450781,0.475000,0.394531,0.450781
110,11_010,0.516797,3.270919,0.675000,0.433594,0.565625,0.675000,0.429688,0.548438,0.433594,0.429688,0.448438,0.565625,0.548438,0.448438
110,11_011,0.467578,3.562383,0.671875,0.391406,0.445312,0.671875,0.410156,0.467969,0.391406,0.410156,0.418750,0.445312,0.467969,0.418750
110,11_100,0.527995,3.241551,0.452344,0.450000,0.448438,0.452344,0.573438,0.578125,0.450000,0.573438,0.665625,0.448438,0.578125,0.665625
110,11_101,0.474089,3.610641,0.360938,0.417188,0.453906,0.360938,0.576562,0.476562,0.417188,0.576562,0.559375,0.453906,0.476562,0.559375
110,11_110,0.564583,3.065370,0.562500,0.535937,0.615625,0.562500,0.571875,0.565625,0.535937,0.571875,0.535937,0.615625,0.565625,0.535937
110,11_codon,0.523047,3.231206,0.648438,0.457812,0.596094,0.648438,0.446875,0.563281,0.457812,0.446875,0.425781,0.596094,0.563281,0.425781
110,12,0.407031,3.819046,0.362500,0.395312,0.417188,0.362500,0.419531,0.417969,0.395312,0.419531,0.429688,0.417188,0.417969,0.429688
110,12_001,0.418099,3.882765,0.364062,0.454688,0.468750,0.364062,0.298438,0.516406,0.454688,0.298438,0.406250,0.468750,0.516406,0.406250
110,12_010,0.521354,3.274693,0.572656,0.439844,0.604688,0.572656,0.442187,0.634375,0.439844,0.442187,0.434375,0.604688,0.634375,0.434375
110,12_011,0.455469,3.698253,0.392969,0.462500,0.467187,0.392969,0.400781,0.547656,0.462500,0.400781,0.461719,0.467187,0.547656,0.461719
110,12_100,0.525781,3.259775,0.563281,0.458594,0.533594,0.563281,0.484375,0.617188,0.458594,0.484375,0.497656,0.533594,0.617188,0.497656
110,12_101,0.440625,3.802534,0.351562,0.457031,0.447656,0.351562,0.376563,0.540625,0.457031,0.376563,0.470313,0.447656,0.540625,0.470313
110,12_110,0.560677,3.097669,0.532813,0.593750,0.560937,0.532813,0.535937,0.576562,0.593750,0.535937,0.564063,0.560937,0.576562,0.564063
110,12_codon,0.522917,3.248146,0.560937,0.486719,0.646094,0.560937,0.432813,0.546094,0.486719,0.432813,0.464844,0.646094,0.546094,0.464844
110,13,0.412500,3.720327,0.425000,0.353906,0.429688,0.425000,0.382031,0.478906,0.353906,0.382031,0.405469,0.429688,0.478906,0.405469
110,13_001,0.432161,3.827528,0.403906,0.462500,0.460938,0.403906,0.329688,0.542188,0.462500,0.329688,0.393750,0.460938,0.542188,0.393750
110,13_010,0.541927,3.208659,0.587500,0.460156,0.652344,0.587500,0.478125,0.604688,0.460156,0.478125,0.468750,0.652344,0.604688,0.468750
110,13_011,0.494922,3.436236,0.607812,0.399219,0.567969,0.607812,0.382812,0.612500,0.399219,0.382812,0.399219,0.567969,0.612500,0.399219
110,13_100,0.514193,3.270118,0.495313,0.502344,0.435156,0.495313,0.610938,0.514062,0.502344,0.610938,0.527344,0.435156,0.514062,0.527344
110,13_101,0.490495,3.482495,0.367188,0.411719,0.425000,0.367188,0.550781,0.596094,0.411719,0.550781,0.592187,0.425000,0.596094,0.592187
110,13_110,0.558724,3.093381,0.557813,0.476562,0.543750,0.557813,0.571875,0.636719,0.476562,0.571875,0.565625,0.543750,0.636719,0.565625
110,13_codon,0.535026,3.173680,0.577344,0.476562,0.595313,0.577344,0.474219,0.573438,0.476562,0.474219,0.513281,0.595313,0.573438,0.513281
110,14,0.393880,3.823416,0.403125,0.419531,0.382812,0.403125,0.400781,0.384375,0.419531,0.400781,0.372656,0.382812,0.384375,0.372656
110,14_001,0.424089,3.876313,0.412500,0.459375,0.533594,0.412500,0.440625,0.326562,0.459375,0.440625,0.371875,0.533594,0.326562,0.371875
110,14_010,0.513672,3.288527,0.547656,0.427344,0.696094,0.547656,0.426562,0.552344,0.427344,0.426562,0.432031,0.696094,0.552344,0.432031
110,14_011,0.466797,3.541950,0.450000,0.426562,0.664844,0.450000,0.399219,0.439844,0.426562,0.399219,0.420312,0.664844,0.439844,0.420312
110,14_100,0.525781,3.256647,0.449219,0.454688,0.450781,0.449219,0.629687,0.583594,0.454688,0.629687,0.586719,0.450781,0.583594,0.586719
110,14_101,0.447005,3.776633,0.475781,0.429688,0.378125,0.475781,0.453125,0.405469,0.429688,0.453125,0.539844,0.378125,0.405469,0.539844
110,14_110,0.546484,3.164455,0.549219,0.494531,0.564063,0.549219,0.528125,0.581250,0.494531,0.528125,0.561719,0.564063,0.581250,0.561719
110,14_codon,0.552083,3.152429,0.525781,0.573438,0.619531,0.525781,0.485156,0.547656,0.573438,0.485156,0.560937,0.619531,0.547656,0.560937
110,15,0.402865,3.786088,0.417188,0.332812,0.466406,0.417188,0.371094,0.457031,0.332812,0.371094,0.372656,0.466406,0.457031,0.372656
110,15_001,0.438802,3.792677,0.446875,0.445312,0.381250,0.446875,0.428906,0.568750,0.445312,0.428906,0.361719,0.381250,0.568750,0.361719
110,15_010,0.525391,3.240914,0.455469,0.591406,0.604688,0.455469,0.425000,0.432813,0.591406,0.425000,0.642969,0.604688,0.432813,0.642969
110,15_011,0.485417,3.498156,0.405469,0.396094,0.375781,0.405469,0.566406,0.580469,0.396094,0.566406,0.588281,0.375781,0.580469,0.588281
110,15_100,0.521745,3.233174,0.568750,0.444531,0.589844,0.568750,0.435156,0.658594,0.444531,0.435156,0.433594,0.589844,0.658594,0.433594
110,15_101,0.457422,3.738268,0.527344,0.435156,0.518750,0.527344,0.422656,0.509375,0.435156,0.422656,0.331250,0.518750,0.509375,0.331250
110,15_110,0.560417,3.109283,0.621094,0.506250,0.607031,0.621094,0.497656,0.639062,0.506250,0.497656,0.491406,0.607031,0.639062,0.491406
110,15_codon,0.554818,3.091257,0.492188,0.635938,0.611719,0.492188,0.478906,0.522656,0.635938,0.478906,0.587500,0.611719,0.522656,0.587500
110,16,0.396354,3.795654,0.394531,0.375000,0.440625,0.394531,0.363281,0.398438,0.375000,0.363281,0.406250,0.440625,0.398438,0.406250
110,16_001,0.429688,3.843023,0.321094,0.392188,0.535156,0.321094,0.461719,0.400000,0.392188,0.461719,0.467969,0.535156,0.400000,0.467969
110,16_010,0.515365,3.289524,0.697656,0.414062,0.570312,0.697656,0.422656,0.577344,0.414062,0.422656,0.410156,0.570312,0.577344,0.410156
110,16_011,0.488281,3.452022,0.402344,0.549219,0.614062,0.402344,0.391406,0.390625,0.549219,0.391406,0.582031,0.614062,0.390625,0.582031
110,16_100,0.521354,3.264709,0.562500,0.442187,0.569531,0.562500,0.440625,0.673438,0.442187,0.440625,0.439844,0.569531,0.673438,0.439844
110,16_101,0.497005,3.466745,0.522656,0.405469,0.673438,0.522656,0.424219,0.545312,0.405469,0.424219,0.410937,0.673438,0.545312,0.410937
110,16_110,0.564323,3.052600,0.516406,0.535156,0.610938,0.516406,0.596875,0.550781,0.535156,0.596875,0.575781,0.610938,0.550781,0.575781
110,16_codon,0.542839,3.171391,0.601562,0.603125,0.491406,0.601562,0.567969,0.486719,0.603125,0.567969,0.506250,0.491406,0.486719,0.506250
110,17,0.389844,3.839353,0.385938,0.369531,0.423438,0.385938,0.386719,0.348437,0.369531,0.386719,0.425000,0.423438,0.348437,0.425000
110,17_001,0.433333,3.775296,0.357031,0.433594,0.575000,0.357031,0.423438,0.372656,0.433594,0.423438,0.438281,0.575000,0.372656,0.438281
110,17_010,0.512760,3.296814,0.424219,0.425000,0.421875,0.424219,0.642188,0.579688,0.425000,0.642188,0.583594,0.421875,0.579688,0.583594
110,17_011,0.489974,3.444548,0.552344,0.391406,0.561719,0.552344,0.400781,0.658594,0.391406,0.400781,0.375000,0.561719,0.658594,0.375000
110,17_100,0.515625,3.293535,0.439063,0.567969,0.639844,0.439063,0.436719,0.439063,0.567969,0.436719,0.571094,0.639844,0.439063,0.571094
110,17_101,0.438542,3.807465,0.339063,0.447656,0.511719,0.339063,0.459375,0.407813,0.447656,0.459375,0.465625,0.511719,0.407813,0.465625
110,17_110,0.549349,3.190350,0.598437,0.483594,0.610156,0.598437,0.502344,0.598437,0.483594,0.502344,0.503125,0.610156,0.598437,0.503125
110,17_codon,0.533984,3.245796,0.514062,0.589844,0.595313,0.514062,0.477344,0.510938,0.589844,0.477344,0.516406,0.595313,0.510938,0.516406
110,18,0.428776,3.651784,0.443750,0.403906,0.465625,0.443750,0.388281,0.450781,0.403906,0.388281,0.420312,0.465625,0.450781,0.420312
110,18_001,0.417448,3.870007,0.531250,0.436719,0.378125,0.531250,0.379687,0.332812,0.436719,0.379687,0.446094,0.378125,0.332812,0.446094
110,18_010,0.520312,3.278354,0.456250,0.457812,0.444531,0.456250,0.675781,0.540625,0.457812,0.675781,0.546875,0.444531,0.540625,0.546875
110,18_011,0.450781,3.646037,0.463281,0.389062,0.432031,0.463281,0.466406,0.556250,0.389062,0.466406,0.397656,0.432031,0.556250,0.397656
110,18_100,0.524609,3.256577,0.461719,0.659375,0.567969,0.461719,0.457031,0.457812,0.659375,0.457031,0.543750,0.567969,0.457812,0.543750
110,18_101,0.454036,3.629070,0.505469,0.443750,0.546875,0.505469,0.339063,0.497656,0.443750,0.339063,0.391406,0.546875,0.497656,0.391406
110,18_110,0.548958,3.130645,0.498437,0.510938,0.498437,0.498437,0.632031,0.562500,0.510938,0.632031,0.591406,0.498437,0.562500,0.591406
110,18_codon,0.531771,3.220357,0.592187,0.567969,0.521094,0.592187,0.537500,0.516406,0.567969,0.537500,0.455469,0.521094,0.516406,0.455469
110,19,0.407943,3.750019,0.342187,0.398438,0.377344,0.342187,0.432031,0.390625,0.398438,0.432031,0.507031,0.377344,0.390625,0.507031
110,19_001,0.431771,3.816472,0.430469,0.453125,0.366406,0.430469,0.425781,0.550781,0.453125,0.425781,0.364062,0.366406,0.550781,0.364062
110,19_010,0.513672,3.279747,0.434375,0.428906,0.410937,0.434375,0.582031,0.580469,0.428906,0.582031,0.645312,0.410937,0.580469,0.645312
110,19_011,0.480078,3.471647,0.425000,0.419531,0.423438,0.425000,0.457812,0.460938,0.419531,0.457812,0.693750,0.423438,0.460938,0.693750
110,19_100,0.513542,3.273450,0.564063,0.649219,0.435937,0.564063,0.576562,0.429688,0.649219,0.576562,0.425781,0.435937,0.429688,0.425781
110,19_101,0.441667,3.770417,0.367969,0.425781,0.449219,0.367969,0.596094,0.375000,0.425781,0.596094,0.435937,0.449219,0.375000,0.435937
110,19_110,0.559505,3.110780,0.617188,0.623437,0.491406,0.617188,0.628125,0.493750,0.623437,0.628125,0.503125,0.491406,0.493750,0.503125
110,19_codon,0.539193,3.198423,0.540625,0.594531,0.578125,0.540625,0.522656,0.476562,0.594531,0.522656,0.522656,0.578125,0.476562,0.522656
110,1_001,0.427344,3.847204,0.394531,0.328125,0.543750,0.394531,0.446875,0.462500,0.328125,0.446875,0.388281,0.543750,0.462500,0.388281
110,1_010,0.510938,3.294651,0.589844,0.412500,0.665625,0.589844,0.419531,0.566406,0.412500,0.419531,0.411719,0.665625,0.566406,0.411719
110,1_011,0.465104,3.593056,0.492188,0.404687,0.636719,0.492188,0.414062,0.467187,0.404687,0.414062,0.375781,0.636719,0.467187,0.375781
110,1_100,0.529687,3.239439,0.482812,0.567187,0.564063,0.482812,0.478906,0.462500,0.567187,0.478906,0.622656,0.564063,0.462500,0.622656
110,1_101,0.450130,3.785219,0.327344,0.486719,0.425000,0.327344,0.453906,0.463281,0.486719,0.453906,0.544531,0.425000,0.463281,0.544531
110,1_110,0.564193,3.076297,0.615625,0.493750,0.652344,0.615625,0.525000,0.608594,0.493750,0.525000,0.489844,0.652344,0.608594,0.489844
110,1_codon,0.533594,3.186860,0.518750,0.516406,0.614844,0.518750,0.481250,0.554688,0.516406,0.481250,0.515625,0.614844,0.554688,0.515625
110,2,0.385547,3.869894,0.400781,0.403906,0.378906,0.400781,0.387500,0.380469,0.403906,0.387500,0.361719,0.378906,0.380469,0.361719
110,20,0.416016,3.746221,0.417188,0.428906,0.469531,0.417188,0.371875,0.388281,0.428906,0.371875,0.420312,0.469531,0.388281,0.420312
110,20_001,0.427083,3.872780,0.540625,0.329688,0.396875,0.540625,0.380469,0.452344,0.329688,0.380469,0.462500,0.396875,0.452344,0.462500
110,20_010,0.523828,3.253979,0.562500,0.657813,0.451562,0.562500,0.560937,0.446875,0.657813,0.560937,0.463281,0.451562,0.446875,0.463281
110,20_011,0.463542,3.581902,0.571875,0.487500,0.400000,0.571875,0.475781,0.438281,0.487500,0.475781,0.407813,0.400000,0.438281,0.407813
110,20_100,0.520443,3.267945,0.472656,0.555469,0.623437,0.472656,0.452344,0.459375,0.555469,0.452344,0.559375,0.623437,0.459375,0.559375
110,20_101,0.454167,3.748550,0.403125,0.466406,0.492969,0.403125,0.368750,0.533594,0.466406,0.368750,0.460156,0.492969,0.533594,0.460156
110,20_110,0.544531,3.092782,0.581250,0.546094,0.486719,0.581250,0.589844,0.532031,0.546094,0.589844,0.531250,0.486719,0.532031,0.531250
110,20_codon,0.542318,3.212771,0.575781,0.625000,0.495313,0.575781,0.563281,0.495313,0.625000,0.563281,0.499219,0.495313,0.495313,0.499219
110,21,0.406901,3.765612,0.479688,0.432813,0.375781,0.479688,0.422656,0.385156,0.432813,0.422656,0.345313,0.375781,0.385156,0.345313
110,21_001,0.431510,3.799835,0.538281,0.427344,0.378906,0.538281,0.427344,0.373437,0.427344,0.427344,0.443750,0.378906,0.373437,0.443750
110,21_010,0.524609,3.255443,0.599219,0.666406,0.430469,0.599219,0.586719,0.437500,0.666406,0.586719,0.427344,0.430469,0.437500,0.427344
110,21_011,0.476432,3.559527,0.566406,0.585156,0.392188,0.566406,0.571875,0.385156,0.585156,0.571875,0.357812,0.392188,0.385156,0.357812
110,21_100,0.534375,3.261699,0.470313,0.664062,0.560937,0.470313,0.471094,0.477344,0.664062,0.471094,0.562500,0.560937,0.477344,0.562500
110,21_101,0.482292,3.459211,0.415625,0.435156,0.465625,0.415625,0.510156,0.582812,0.435156,0.510156,0.484375,0.465625,0.582812,0.484375
110,21_110,0.563411,3.060965,0.580469,0.589063,0.530469,0.580469,0.562500,0.596094,0.589063,0.562500,0.521875,0.530469,0.596094,0.521875
110,21_codon,0.547656,3.170427,0.600781,0.626563,0.477344,0.600781,0.608594,0.494531,0.626563,0.608594,0.478125,0.477344,0.494531,0.478125
110,22,0.402344,3.819610,0.456250,0.368750,0.418750,0.456250,0.400000,0.427344,0.368750,0.400000,0.342969,0.418750,0.427344,0.342969
110,22_001,0.419141,3.869052,0.417188,0.292188,0.427344,0.417188,0.453906,0.498437,0.292188,0.453906,0.425781,0.427344,0.498437,0.425781
110,22_010,0.536849,3.215299,0.592187,0.646875,0.461719,0.592187,0.591406,0.465625,0.646875,0.591406,0.463281,0.461719,0.465625,0.463281
110,22_011,0.453646,3.633246,0.368750,0.564844,0.550000,0.368750,0.391406,0.394531,0.564844,0.391406,0.452344,0.550000,0.394531,0.452344
110,22_100,0.526823,3.262430,0.454688,0.471094,0.455469,0.454688,0.577344,0.633594,0.471094,0.577344,0.568750,0.455469,0.633594,0.568750
110,22_101,0.469141,3.652918,0.367188,0.392188,0.460156,0.367188,0.534375,0.531250,0.392188,0.534375,0.529687,0.460156,0.531250,0.529687
110,22_110,0.548958,3.166359,0.549219,0.545312,0.486719,0.549219,0.614062,0.531250,0.545312,0.614062,0.567187,0.486719,0.531250,0.567187
110,22_codon,0.511328,3.318453,0.475000,0.687500,0.521094,0.475000,0.467187,0.405469,0.687500,0.467187,0.511719,0.521094,0.405469,0.511719
110,23,0.382943,3.873207,0.383594,0.389844,0.378906,0.383594,0.364844,0.439844,0.389844,0.364844,0.340625,0.378906,0.439844,0.340625
110,23_001,0.432422,3.794496,0.382031,0.557031,0.446875,0.382031,0.353906,0.433594,0.557031,0.353906,0.421094,0.446875,0.433594,0.421094
110,23_010,0.514193,3.296425,0.420312,0.405469,0.414844,0.420312,0.653125,0.597656,0.405469,0.653125,0.593750,0.414844,0.597656,0.593750
110,23_011,0.473828,3.500077,0.710156,0.411719,0.455469,0.710156,0.414844,0.457031,0.411719,0.414844,0.393750,0.455469,0.457031,0.393750
110,23_100,0.525521,3.256319,0.579688,0.453125,0.586719,0.579688,0.444531,0.642188,0.453125,0.444531,0.446875,0.586719,0.642188,0.446875
110,23_101,0.434766,3.828082,0.369531,0.444531,0.453906,0.369531,0.546875,0.361719,0.444531,0.546875,0.432031,0.453906,0.361719,0.432031
110,23_110,0.548438,3.151244,0.597656,0.560156,0.563281,0.597656,0.557031,0.529687,0.560156,0.557031,0.482812,0.563281,0.529687,0.482812
110,23_codon,0.542448,3.154618,0.577344,0.554688,0.508594,0.577344,0.537500,0.517188,0.554688,0.537500,0.559375,0.508594,0.517188,0.559375
110,24,0.409115,3.767374,0.387500,0.440625,0.382812,0.387500,0.425781,0.439063,0.440625,0.425781,0.378906,0.382812,0.439063,0.378906
110,24_001,0.433724,3.846269,0.342187,0.404687,0.554688,0.342187,0.443750,0.392969,0.404687,0.443750,0.464063,0.554688,0.392969,0.464063
110,24_010,0.518620,3.267030,0.428906,0.430469,0.437500,0.428906,0.652344,0.582812,0.430469,0.652344,0.579688,0.437500,0.582812,0.579688
110,24_011,0.451953,3.695118,0.417969,0.414844,0.460156,0.417969,0.394531,0.434375,0.414844,0.394531,0.589844,0.460156,0.434375,0.589844
110,24_100,0.519792,3.239134,0.571094,0.433594,0.566406,0.571094,0.432813,0.685156,0.433594,0.432813,0.429688,0.566406,0.685156,0.429688
110,24_101,0.482812,3.498922,0.631250,0.384375,0.510938,0.631250,0.421094,0.534375,0.384375,0.421094,0.414844,0.510938,0.534375,0.414844
110,24_110,0.554818,3.117685,0.636719,0.500000,0.595313,0.636719,0.525781,0.589063,0.500000,0.525781,0.482031,0.595313,0.589063,0.482031
110,24_codon,0.526953,3.273956,0.561719,0.617969,0.498437,0.561719,0.534375,0.473437,0.617969,0.534375,0.475781,0.498437,0.473437,0.475781
110,25,0.399740,3.807775,0.446875,0.459375,0.369531,0.446875,0.391406,0.367969,0.459375,0.391406,0.363281,0.369531,0.367969,0.363281
110,25_001,0.432813,3.825751,0.549219,0.402344,0.475000,0.549219,0.332812,0.397656,0.402344,0.332812,0.439844,0.475000,0.397656,0.439844
110,25_010,0.517708,3.273554,0.598437,0.685937,0.413281,0.598437,0.593750,0.408594,0.685937,0.593750,0.406250,0.413281,0.408594,0.406250
110,25_011,0.466927,3.584189,0.467969,0.466406,0.427344,0.467969,0.678125,0.375000,0.466406,0.678125,0.386719,0.427344,0.375000,0.386719
110,25_100,0.523177,3.253236,0.592187,0.435937,0.582031,0.592187,0.440625,0.653125,0.435937,0.440625,0.435156,0.582031,0.653125,0.435156
110,25_101,0.448828,3.762673,0.375000,0.428906,0.469531,0.375000,0.456250,0.472656,0.428906,0.456250,0.490625,0.469531,0.472656,0.490625
110,25_110,0.564063,3.073953,0.602344,0.514062,0.560156,0.602344,0.529687,0.583594,0.514062,0.529687,0.594531,0.560156,0.583594,0.594531
110,25_codon,0.535937,3.192383,0.561719,0.599219,0.556250,0.561719,0.496094,0.517969,0.599219,0.496094,0.484375,0.556250,0.517969,0.484375
110,26,0.381901,3.894855,0.380469,0.449219,0.395312,0.380469,0.328125,0.358594,0.449219,0.328125,0.379687,0.395312,0.358594,0.379687
110,26_001,0.432943,3.828717,0.407813,0.442969,0.336719,0.407813,0.473437,0.539062,0.442969,0.473437,0.397656,0.336719,0.539062,0.397656
110,26_010,0.516146,3.278983,0.445312,0.557813,0.655469,0.445312,0.434375,0.431250,0.557813,0.434375,0.572656,0.655469,0.431250,0.572656
110,26_011,0.439974,3.756248,0.476562,0.443750,0.462500,0.476562,0.354688,0.494531,0.443750,0.354688,0.407813,0.462500,0.494531,0.407813
110,26_100,0.534896,3.207056,0.596094,0.664062,0.450781,0.596094,0.597656,0.454688,0.664062,0.597656,0.446094,0.450781,0.454688,0.446094
110,26_101,0.434635,3.829417,0.414844,0.434375,0.367969,0.414844,0.450781,0.442969,0.434375,0.450781,0.496875,0.367969,0.442969,0.496875
110,26_110,0.552604,3.149158,0.501563,0.495313,0.510156,0.501563,0.568750,0.632812,0.495313,0.568750,0.607031,0.510156,0.632812,0.607031
110,26_codon,0.555339,3.127575,0.558594,0.565625,0.572656,0.558594,0.517969,0.589844,0.565625,0.517969,0.527344,0.572656,0.589844,0.527344
110,27,0.415234,3.680906,0.433594,0.412500,0.410937,0.433594,0.416406,0.400781,0.412500,0.416406,0.417188,0.410937,0.400781,0.417188
110,27_001,0.424609,3.884962,0.525781,0.379687,0.314063,0.525781,0.468750,0.405469,0.379687,0.468750,0.453906,0.314063,0.405469,0.453906
110,27_010,0.534635,3.218569,0.460156,0.456250,0.464063,0.460156,0.665625,0.574219,0.456250,0.665625,0.587500,0.464063,0.574219,0.587500
110,27_011,0.461719,3.575982,0.388281,0.378125,0.411719,0.388281,0.661719,0.475000,0.378125,0.661719,0.455469,0.411719,0.475000,0.455469
110,27_100,0.519661,3.248632,0.417188,0.592187,0.661719,0.417188,0.421875,0.437500,0.592187,0.421875,0.587500,0.661719,0.437500,0.587500
110,27_101,0.511849,3.349270,0.422656,0.656250,0.561719,0.422656,0.421094,0.438281,0.656250,0.421094,0.571094,0.561719,0.438281,0.571094
110,27_110,0.558984,3.125305,0.595313,0.475781,0.605469,0.595313,0.514062,0.655469,0.475781,0.514062,0.507812,0.605469,0.655469,0.507812
110,27_codon,0.542188,3.184330,0.600781,0.607812,0.495313,0.600781,0.556250,0.491406,0.607812,0.556250,0.501563,0.495313,0.491406,0.501563
110,28,0.401302,3.818324,0.409375,0.396875,0.436719,0.409375,0.382812,0.418750,0.396875,0.382812,0.363281,0.436719,0.418750,0.363281
110,28_001,0.435417,3.805434,0.561719,0.450781,0.396875,0.561719,0.397656,0.354688,0.450781,0.397656,0.450781,0.396875,0.354688,0.450781
110,28_010,0.515885,3.260140,0.667969,0.589844,0.408594,0.667969,0.593750,0.417188,0.589844,0.593750,0.417969,0.408594,0.417188,0.417969
110,28_011,0.467578,3.563862,0.450000,0.421094,0.449219,0.450000,0.408594,0.669531,0.421094,0.408594,0.407031,0.449219,0.669531,0.407031
110,28_100,0.524870,3.274494,0.457031,0.635938,0.567969,0.457031,0.457031,0.457812,0.635938,0.457031,0.573438,0.567969,0.457812,0.573438
110,28_101,0.453125,3.716859,0.570312,0.376563,0.542969,0.570312,0.342187,0.446875,0.376563,0.342187,0.439844,0.542969,0.446875,0.439844
110,28_110,0.559896,3.062257,0.515625,0.646875,0.610938,0.515625,0.524219,0.475000,0.646875,0.524219,0.586719,0.610938,0.475000,0.586719
110,28_codon,0.538932,3.196526,0.635938,0.556250,0.521875,0.635938,0.532813,0.492969,0.556250,0.532813,0.493750,0.521875,0.492969,0.493750
110,29,0.386458,3.866604,0.385156,0.411719,0.385938,0.385156,0.350000,0.364844,0.411719,0.350000,0.421094,0.385938,0.364844,0.421094
110,29_001,0.424349,3.851179,0.319531,0.535937,0.380469,0.319531,0.391406,0.458594,0.535937,0.391406,0.460156,0.380469,0.458594,0.460156
110,29_010,0.519661,3.266442,0.404687,0.616406,0.603125,0.404687,0.432031,0.412500,0.616406,0.432031,0.649219,0.603125,0.412500,0.649219
110,29_011,0.466406,3.568074,0.460938,0.672656,0.380469,0.460938,0.471094,0.424219,0.672656,0.471094,0.389062,0.380469,0.424219,0.389062
110,29_100,0.525391,3.252474,0.432031,0.599219,0.668750,0.432031,0.432813,0.430469,0.599219,0.432813,0.589063,0.668750,0.430469,0.589063
110,29_101,0.500651,3.447958,0.632812,0.427344,0.575781,0.632812,0.397656,0.540625,0.427344,0.397656,0.429688,0.575781,0.540625,0.429688
110,29_110,0.529036,3.174709,0.493750,0.497656,0.514844,0.493750,0.563281,0.571094,0.497656,0.563281,0.533594,0.514844,0.571094,0.533594
110,29_codon,0.513281,3.323289,0.496875,0.696094,0.471094,0.496875,0.503125,0.434375,0.696094,0.503125,0.478125,0.471094,0.434375,0.478125
110,2_001,0.426432,3.839123,0.326562,0.401563,0.448438,0.326562,0.529687,0.387500,0.401563,0.529687,0.464844,0.448438,0.387500,0.464844
110,2_010,0.528516,3.236788,0.472656,0.557031,0.553906,0.472656,0.460156,0.467187,0.557031,0.460156,0.660156,0.553906,0.467187,0.660156
110,2_011,0.462891,3.623928,0.546094,0.500781,0.435937,0.546094,0.514844,0.364844,0.500781,0.514844,0.414844,0.435937,0.364844,0.414844
110,2_100,0.524479,3.260123,0.586719,0.439844,0.579688,0.586719,0.443750,0.652344,0.439844,0.443750,0.444531,0.579688,0.652344,0.444531
110,2_101,0.444531,3.814175,0.393750,0.438281,0.504687,0.393750,0.452344,0.407031,0.438281,0.452344,0.471094,0.504687,0.407031,0.471094
110,2_110,0.551042,3.135494,0.567187,0.517188,0.663281,0.567187,0.498437,0.560156,0.517188,0.498437,0.500000,0.663281,0.560156,0.500000
110,2_codon,0.549219,3.164149,0.494531,0.631250,0.603125,0.494531,0.480469,0.501563,0.631250,0.480469,0.584375,0.603125,0.501563,0.584375
110,3,0.392188,3.872884,0.379687,0.382812,0.377344,0.379687,0.371094,0.416406,0.382812,0.371094,0.425781,0.377344,0.416406,0.425781
110,30,0.416797,3.739543,0.442187,0.480469,0.406250,0.442187,0.434375,0.388281,0.480469,0.434375,0.349219,0.406250,0.388281,0.349219
110,30_001,0.419401,3.868928,0.379687,0.465625,0.441406,0.379687,0.520312,0.309375,0.465625,0.520312,0.400000,0.441406,0.309375,0.400000
110,30_010,0.517578,3.261806,0.403125,0.417188,0.407813,0.403125,0.612500,0.657813,0.417188,0.612500,0.607031,0.407813,0.657813,0.607031
110,30_011,0.469271,3.556814,0.449219,0.462500,0.417969,0.449219,0.687500,0.391406,0.462500,0.687500,0.407031,0.417969,0.391406,0.407031
110,30_100,0.520052,3.286319,0.533594,0.636719,0.486719,0.533594,0.555469,0.429688,0.636719,0.555469,0.478125,0.486719,0.429688,0.478125
110,30_101,0.464453,3.644824,0.525781,0.541406,0.442187,0.525781,0.485156,0.350000,0.541406,0.485156,0.442187,0.442187,0.350000,0.442187
110,30_110,0.538802,3.215141,0.616406,0.552344,0.510156,0.616406,0.553125,0.504687,0.552344,0.553125,0.496094,0.510156,0.504687,0.496094
110,30_codon,0.533724,3.293212,0.486719,0.589063,0.599219,0.486719,0.474219,0.499219,0.589063,0.474219,0.553906,0.599219,0.499219,0.553906
110,31,0.413932,3.739601,0.436719,0.421875,0.378125,0.436719,0.431250,0.413281,0.421875,0.431250,0.402344,0.378125,0.413281,0.402344
110,31_001,0.421354,3.833645,0.309375,0.407031,0.438281,0.309375,0.535156,0.374219,0.407031,0.535156,0.464063,0.438281,0.374219,0.464063
110,31_010,0.519010,3.268156,0.442187,0.456250,0.439844,0.442187,0.535156,0.688281,0.456250,0.535156,0.552344,0.439844,0.688281,0.552344
110,31_011,0.439844,3.658873,0.514062,0.396875,0.374219,0.514062,0.447656,0.483594,0.396875,0.447656,0.422656,0.374219,0.483594,0.422656
110,31_100,0.516276,3.311431,0.648438,0.600000,0.421875,0.648438,0.582812,0.421094,0.600000,0.582812,0.423438,0.421875,0.421094,0.423438
110,31_101,0.491406,3.463552,0.586719,0.386719,0.623437,0.586719,0.379687,0.572656,0.386719,0.379687,0.399219,0.623437,0.572656,0.399219
110,31_110,0.563672,3.055178,0.620313,0.538281,0.579688,0.620313,0.510938,0.550781,0.538281,0.510938,0.582031,0.579688,0.550781,0.582031
110,31_codon,0.538542,3.218224,0.584375,0.594531,0.541406,0.584375,0.502344,0.510938,0.594531,0.502344,0.497656,0.541406,0.510938,0.497656
110,32,0.404167,3.785858,0.384375,0.424219,0.319531,0.384375,0.453125,0.439063,0.424219,0.453125,0.404687,0.319531,0.439063,0.404687
110,32_001,0.427344,3.863964,0.306250,0.421875,0.458594,0.306250,0.521875,0.380469,0.421875,0.521875,0.475000,0.458594,0.380469,0.475000
110,32_010,0.526432,3.242599,0.457812,0.467187,0.444531,0.457812,0.575781,0.650000,0.467187,0.575781,0.563281,0.444531,0.650000,0.563281
110,32_011,0.460807,3.638217,0.418750,0.401563,0.338281,0.418750,0.586719,0.482031,0.401563,0.586719,0.537500,0.338281,0.482031,0.537500
110,32_100,0.523568,3.250222,0.635938,0.584375,0.435156,0.635938,0.587500,0.447656,0.584375,0.587500,0.450781,0.435156,0.447656,0.450781
110,32_101,0.506120,3.396669,0.650000,0.571875,0.408594,0.650000,0.575000,0.403906,0.571875,0.575000,0.427344,0.408594,0.403906,0.427344
110,32_110,0.544401,3.185946,0.614062,0.557813,0.529687,0.614062,0.539062,0.532031,0.557813,0.539062,0.493750,0.529687,0.532031,0.493750
110,32_codon,0.538021,3.193351,0.528906,0.515625,0.612500,0.528906,0.525000,0.535937,0.515625,0.525000,0.510156,0.612500,0.535937,0.510156
110,33,0.392839,3.873348,0.365625,0.383594,0.365625,0.365625,0.463281,0.376563,0.383594,0.463281,0.402344,0.365625,0.376563,0.402344
110,33_001,0.429036,3.834587,0.534375,0.408594,0.467187,0.534375,0.321875,0.391406,0.408594,0.321875,0.450781,0.467187,0.391406,0.450781
110,33_010,0.491536,3.393313,0.645312,0.457812,0.500000,0.645312,0.460938,0.488281,0.457812,0.460938,0.396875,0.500000,0.488281,0.396875
110,33_011,0.473568,3.529284,0.628906,0.493750,0.380469,0.628906,0.526563,0.397656,0.493750,0.526563,0.414062,0.380469,0.397656,0.414062
110,33_100,0.524219,3.244122,0.453906,0.464063,0.457812,0.453906,0.557031,0.549219,0.464063,0.557031,0.663281,0.457812,0.549219,0.663281
110,33_101,0.439714,3.816836,0.530469,0.485938,0.450781,0.530469,0.372656,0.336719,0.485938,0.372656,0.461719,0.450781,0.336719,0.461719
110,33_110,0.561589,3.093894,0.485156,0.515625,0.503125,0.485156,0.606250,0.621094,0.515625,0.606250,0.638281,0.503125,0.621094,0.638281
110,33_codon,0.538542,3.219048,0.538281,0.585156,0.562500,0.538281,0.508594,0.494531,0.585156,0.508594,0.542188,0.562500,0.494531,0.542188
110,34,0.396094,3.799587,0.367969,0.403906,0.373437,0.367969,0.395312,0.419531,0.403906,0.395312,0.416406,0.373437,0.419531,0.416406
110,34_001,0.432161,3.807819,0.422656,0.447656,0.360156,0.422656,0.444531,0.545312,0.447656,0.444531,0.372656,0.360156,0.545312,0.372656
110,34_010,0.517188,3.275585,0.550000,0.649219,0.445312,0.550000,0.547656,0.457812,0.649219,0.547656,0.453125,0.445312,0.457812,0.453125
110,34_011,0.444010,3.703366,0.412500,0.423438,0.388281,0.412500,0.507812,0.428906,0.423438,0.507812,0.503125,0.388281,0.428906,0.503125
110,34_100,0.511849,3.276136,0.579688,0.577344,0.436719,0.579688,0.631250,0.418750,0.577344,0.631250,0.427344,0.436719,0.418750,0.427344
110,34_101,0.494271,3.463213,0.447656,0.465625,0.551562,0.447656,0.459375,0.503125,0.465625,0.459375,0.538281,0.551562,0.503125,0.538281
110,34_110,0.553646,3.122997,0.599219,0.609375,0.501563,0.599219,0.614062,0.505469,0.609375,0.614062,0.492188,0.501563,0.505469,0.492188
110,34_codon,0.551172,3.125051,0.592187,0.615625,0.525781,0.592187,0.575781,0.478125,0.615625,0.575781,0.519531,0.525781,0.478125,0.519531
110,35,0.392708,3.853744,0.360938,0.347656,0.434375,0.360938,0.414062,0.412500,0.347656,0.414062,0.386719,0.434375,0.412500,0.386719
110,35_001,0.427604,3.858570,0.439063,0.510156,0.434375,0.439063,0.407813,0.307031,0.510156,0.407813,0.467187,0.434375,0.307031,0.467187
110,35_010,0.525260,3.269180,0.450000,0.641406,0.571875,0.450000,0.453906,0.458594,0.641406,0.453906,0.575781,0.571875,0.458594,0.575781
110,35_011,0.443099,3.658202,0.457031,0.435937,0.503906,0.457031,0.367188,0.507031,0.435937,0.367188,0.387500,0.503906,0.507031,0.387500
110,35_100,0.543620,3.181344,0.673438,0.575000,0.476562,0.673438,0.576562,0.475781,0.575000,0.576562,0.484375,0.476562,0.475781,0.484375
110,35_101,0.450391,3.767000,0.471094,0.355469,0.442969,0.471094,0.482812,0.498437,0.355469,0.482812,0.451562,0.442969,0.498437,0.451562
110,35_110,0.541797,3.174341,0.511719,0.511719,0.541406,0.511719,0.560937,0.541406,0.511719,0.560937,0.583594,0.541406,0.541406,0.583594
110,35_codon,0.557161,3.108087,0.513281,0.663281,0.596875,0.513281,0.486719,0.507031,0.663281,0.486719,0.575781,0.596875,0.507031,0.575781
110,36,0.389062,3.877332,0.392188,0.371875,0.402344,0.392188,0.394531,0.383594,0.371875,0.394531,0.389844,0.402344,0.383594,0.389844
110,36_001,0.440234,3.742986,0.398438,0.417188,0.356250,0.398438,0.477344,0.495313,0.417188,0.477344,0.496875,0.356250,0.495313,0.496875
110,36_010,0.512500,3.290716,0.450781,0.419531,0.439063,0.450781,0.550000,0.567187,0.419531,0.550000,0.648438,0.439063,0.567187,0.648438
110,36_011,0.440755,3.722925,0.467187,0.453906,0.403906,0.467187,0.403125,0.554688,0.453906,0.403125,0.361719,0.403906,0.554688,0.361719
110,36_100,0.511849,3.261132,0.428125,0.425781,0.430469,0.428125,0.643750,0.571875,0.425781,0.643750,0.571094,0.430469,0.571875,0.571094
110,36_101,0.482031,3.520929,0.346094,0.397656,0.414844,0.346094,0.558594,0.582812,0.397656,0.558594,0.592187,0.414844,0.582812,0.592187
110,36_110,0.563151,3.063983,0.551562,0.564063,0.572656,0.551562,0.612500,0.531250,0.564063,0.612500,0.546875,0.572656,0.531250,0.546875
110,36_codon,0.547135,3.173357,0.485938,0.548438,0.672656,0.485938,0.504687,0.510156,0.548438,0.504687,0.560937,0.672656,0.510156,0.560937
110,37,0.407552,3.787889,0.379687,0.389844,0.449219,0.379687,0.410937,0.413281,0.389844,0.410937,0.402344,0.449219,0.413281,0.402344
110,37_001,0.435677,3.807962,0.392969,0.344531,0.552344,0.392969,0.459375,0.453906,0.344531,0.459375,0.410937,0.552344,0.453906,0.410937
110,37_010,0.496484,3.361027,0.454688,0.525000,0.664844,0.454688,0.381250,0.442187,0.525000,0.381250,0.510938,0.664844,0.442187,0.510938
110,37_011,0.461719,3.579345,0.457812,0.388281,0.673438,0.457812,0.396875,0.459375,0.388281,0.396875,0.394531,0.673438,0.459375,0.394531
110,37_100,0.526042,3.261273,0.465625,0.453125,0.457031,0.465625,0.564844,0.570312,0.453125,0.564844,0.645312,0.457031,0.570312,0.645312
110,37_101,0.454167,3.686015,0.428125,0.385938,0.447656,0.428125,0.462500,0.595313,0.385938,0.462500,0.405469,0.447656,0.595313,0.405469
110,37_110,0.563281,3.101480,0.621875,0.474219,0.610938,0.621875,0.509375,0.657813,0.474219,0.509375,0.505469,0.610938,0.657813,0.505469
110,37_codon,0.546745,3.177275,0.489844,0.554688,0.669531,0.489844,0.489844,0.516406,0.554688,0.489844,0.560156,0.669531,0.516406,0.560156
110,38,0.387630,3.825275,0.371094,0.370313,0.372656,0.371094,0.426562,0.389062,0.370313,0.426562,0.396094,0.372656,0.389062,0.396094
110,38_001,0.444792,3.730460,0.371875,0.437500,0.592969,0.371875,0.439063,0.379687,0.437500,0.439063,0.447656,0.592969,0.379687,0.447656
110,38_010,0.522396,3.233046,0.423438,0.566406,0.658594,0.423438,0.442969,0.436719,0.566406,0.442969,0.606250,0.658594,0.436719,0.606250
110,38_011,0.457031,3.639030,0.357812,0.469531,0.519531,0.357812,0.426562,0.432031,0.469531,0.426562,0.536719,0.519531,0.432031,0.536719
110,38_100,0.528125,3.222868,0.450000,0.446094,0.453125,0.450000,0.672656,0.578125,0.446094,0.672656,0.568750,0.453125,0.578125,0.568750
110,38_101,0.492188,3.448679,0.510938,0.421875,0.488281,0.510938,0.452344,0.655469,0.421875,0.452344,0.424219,0.488281,0.655469,0.424219
110,38_110,0.562240,3.083896,0.606250,0.542188,0.523438,0.606250,0.564844,0.558594,0.542188,0.564844,0.578125,0.523438,0.558594,0.578125
110,38_codon,0.530990,3.233649,0.484375,0.515625,0.608594,0.484375,0.513281,0.533594,0.515625,0.513281,0.530469,0.608594,0.533594,0.530469
110,39,0.404427,3.757176,0.418750,0.367188,0.401563,0.418750,0.440625,0.441406,0.367188,0.440625,0.357031,0.401563,0.441406,0.357031
110,39_001,0.428906,3.821974,0.546094,0.403906,0.321875,0.546094,0.467187,0.398438,0.403906,0.467187,0.435937,0.321875,0.398438,0.435937
110,39_010,0.520443,3.255156,0.422656,0.412500,0.422656,0.422656,0.664844,0.592187,0.412500,0.664844,0.607812,0.422656,0.592187,0.607812
110,39_011,0.486198,3.493613,0.531250,0.661719,0.393750,0.531250,0.537500,0.396094,0.661719,0.537500,0.396875,0.393750,0.396094,0.396875
110,39_100,0.534505,3.242033,0.647656,0.475000,0.574219,0.647656,0.466406,0.562500,0.475000,0.466406,0.481250,0.574219,0.562500,0.481250
110,39_101,0.453516,3.746878,0.471875,0.420312,0.489844,0.471875,0.388281,0.501563,0.420312,0.388281,0.449219,0.489844,0.501563,0.449219
110,39_110,0.560547,3.095663,0.622656,0.601562,0.511719,0.622656,0.629687,0.501563,0.601562,0.629687,0.496094,0.511719,0.501563,0.496094
110,39_codon,0.530859,3.236635,0.603906,0.516406,0.553125,0.603906,0.500000,0.542188,0.516406,0.500000,0.469531,0.553125,0.542188,0.469531
110,3_001,0.427604,3.857647,0.414844,0.461719,0.318750,0.414844,0.465625,0.528125,0.461719,0.465625,0.376563,0.318750,0.528125,0.376563
110,3_010,0.537240,3.228172,0.459375,0.476562,0.473437,0.459375,0.572656,0.570312,0.476562,0.572656,0.671094,0.473437,0.570312,0.671094
110,3_011,0.455339,3.695923,0.476562,0.447656,0.406250,0.476562,0.457031,0.550000,0.447656,0.457031,0.394531,0.406250,0.550000,0.394531
110,3_100,0.518750,3.283973,0.423438,0.416406,0.421094,0.423438,0.572656,0.608594,0.416406,0.572656,0.670312,0.421094,0.608594,0.670312
110,3_101,0.454818,3.731522,0.439844,0.433594,0.369531,0.439844,0.503906,0.446875,0.433594,0.503906,0.535156,0.369531,0.446875,0.535156
110,3_110,0.547917,3.149642,0.497656,0.596875,0.609375,0.497656,0.468750,0.476562,0.596875,0.468750,0.638281,0.609375,0.476562,0.638281
110,3_codon,0.544661,3.217773,0.461719,0.632031,0.624219,0.461719,0.472656,0.468750,0.632031,0.472656,0.608594,0.624219,0.468750,0.608594
110,4,0.401693,3.793828,0.440625,0.425781,0.426562,0.440625,0.359375,0.430469,0.425781,0.359375,0.327344,0.426562,0.430469,0.327344
110,40,0.390104,3.851673,0.398438,0.368750,0.460938,0.398438,0.324219,0.414062,0.368750,0.324219,0.374219,0.460938,0.414062,0.374219
110,40_001,0.416146,3.874017,0.306250,0.442187,0.392969,0.306250,0.375000,0.521875,0.442187,0.375000,0.458594,0.392969,0.521875,0.458594
110,40_010,0.499870,3.366366,0.669531,0.511719,0.453906,0.669531,0.510156,0.462500,0.511719,0.510156,0.391406,0.453906,0.462500,0.391406
110,40_011,0.490495,3.460158,0.554688,0.384375,0.673438,0.554688,0.388281,0.557813,0.384375,0.388281,0.384375,0.673438,0.557813,0.384375
110,40_100,0.544141,3.152673,0.602344,0.475781,0.584375,0.602344,0.477344,0.657813,0.475781,0.477344,0.467187,0.584375,0.657813,0.467187
110,40_101,0.504948,3.346528,0.565625,0.426562,0.595313,0.565625,0.404687,0.607031,0.426562,0.404687,0.430469,0.595313,0.607031,0.430469
110,40_110,0.546224,3.156168,0.535156,0.507812,0.481250,0.535156,0.614062,0.575000,0.507812,0.614062,0.564063,0.481250,0.575000,0.564063
110,40_codon,0.528125,3.181100,0.577344,0.539062,0.516406,0.577344,0.522656,0.513281,0.539062,0.522656,0.500000,0.516406,0.513281,0.500000
110,41,0.409635,3.748600,0.366406,0.446094,0.446875,0.366406,0.410156,0.366406,0.446094,0.410156,0.421875,0.446875,0.366406,0.421875
110,41_001,0.426693,3.866364,0.461719,0.404687,0.353906,0.461719,0.434375,0.372656,0.404687,0.434375,0.532813,0.353906,0.372656,0.532813
110,41_010,0.524870,3.251085,0.581250,0.578125,0.451562,0.581250,0.646875,0.433594,0.578125,0.646875,0.457812,0.451562,0.433594,0.457812
110,41_011,0.448307,3.661351,0.460156,0.423438,0.368750,0.460156,0.550781,0.469531,0.423438,0.550781,0.417188,0.368750,0.469531,0.417188
110,41_100,0.532813,3.231945,0.465625,0.565625,0.672656,0.465625,0.457812,0.471094,0.565625,0.457812,0.564063,0.672656,0.471094,0.564063
110,41_101,0.511979,3.306201,0.425781,0.551562,0.578906,0.425781,0.409375,0.426562,0.551562,0.409375,0.679688,0.578906,0.426562,0.679688
110,41_110,0.560417,3.092240,0.518750,0.625000,0.610156,0.518750,0.498437,0.485156,0.625000,0.498437,0.625000,0.610156,0.485156,0.625000
110,41_codon,0.518490,3.312233,0.503906,0.604688,0.530469,0.503906,0.475781,0.479688,0.604688,0.475781,0.516406,0.530469,0.479688,0.516406
110,42,0.420833,3.715937,0.397656,0.446875,0.374219,0.397656,0.464063,0.411719,0.446875,0.464063,0.430469,0.374219,0.411719,0.430469
110,42_001,0.443490,3.724311,0.377344,0.595313,0.435156,0.377344,0.385938,0.416406,0.595313,0.385938,0.450781,0.435156,0.416406,0.450781
110,42_010,0.516016,3.274624,0.409375,0.564844,0.576562,0.409375,0.416406,0.422656,0.564844,0.416406,0.706250,0.576562,0.422656,0.706250
110,42_011,0.460807,3.590228,0.421875,0.521875,0.446094,0.421875,0.479688,0.450000,0.521875,0.479688,0.445312,0.446094,0.450000,0.445312
110,42_100,0.520964,3.280745,0.446875,0.659375,0.557813,0.446875,0.455469,0.457812,0.659375,0.455469,0.548438,0.557813,0.457812,0.548438
110,42_101,0.442839,3.843124,0.381250,0.553906,0.357031,0.381250,0.450000,0.480469,0.553906,0.450000,0.434375,0.357031,0.480469,0.434375
110,42_110,0.535937,3.188980,0.596094,0.548438,0.525000,0.596094,0.536719,0.530469,0.548438,0.536719,0.478906,0.525000,0.530469,0.478906
110,42_codon,0.538932,3.210626,0.487500,0.668750,0.553125,0.487500,0.486719,0.480469,0.668750,0.486719,0.557031,0.553125,0.480469,0.557031
110,43,0.398438,3.834896,0.361719,0.399219,0.421094,0.361719,0.399219,0.400781,0.399219,0.399219,0.408594,0.421094,0.400781,0.408594
110,43_001,0.422917,3.864588,0.467187,0.318750,0.409375,0.467187,0.370313,0.453906,0.318750,0.370313,0.517969,0.409375,0.453906,0.517969
110,43_010,0.520182,3.238345,0.676562,0.421094,0.571875,0.676562,0.434375,0.579688,0.421094,0.434375,0.437500,0.571875,0.579688,0.437500
110,43_011,0.463932,3.578354,0.386719,0.402344,0.407031,0.386719,0.442187,0.446875,0.402344,0.442187,0.698438,0.407031,0.446875,0.698438
110,43_100,0.527214,3.244477,0.447656,0.437500,0.446094,0.447656,0.594531,0.591406,0.437500,0.594531,0.646094,0.446094,0.591406,0.646094
110,43_101,0.449479,3.762230,0.393750,0.367188,0.460156,0.393750,0.646875,0.428906,0.367188,0.646875,0.400000,0.460156,0.428906,0.400000
110,43_110,0.562630,3.077566,0.540625,0.532813,0.590625,0.540625,0.589844,0.567969,0.532813,0.589844,0.553906,0.590625,0.567969,0.553906
110,43_codon,0.535417,3.205328,0.489844,0.552344,0.553906,0.489844,0.539062,0.517969,0.552344,0.539062,0.559375,0.553906,0.517969,0.559375
110,44,0.404297,3.752598,0.410156,0.439844,0.397656,0.410156,0.441406,0.371875,0.439844,0.441406,0.364844,0.397656,0.371875,0.364844
110,44_001,0.437109,3.812463,0.485156,0.404687,0.455469,0.485156,0.544531,0.401563,0.404687,0.544531,0.331250,0.455469,0.401563,0.331250
110,44_010,0.520052,3.266589,0.446094,0.438281,0.451562,0.446094,0.571094,0.578906,0.438281,0.571094,0.634375,0.451562,0.578906,0.634375
110,44_011,0.489062,3.446664,0.393750,0.376563,0.383594,0.393750,0.567969,0.560156,0.376563,0.567969,0.652344,0.383594,0.560156,0.652344
110,44_100,0.513672,3.291679,0.666406,0.568750,0.421094,0.666406,0.585156,0.420312,0.568750,0.585156,0.420312,0.421094,0.420312,0.420312
110,44_101,0.488672,3.443959,0.581250,0.607031,0.394531,0.581250,0.539062,0.435156,0.607031,0.539062,0.375000,0.394531,0.435156,0.375000
110,44_110,0.563151,3.070419,0.515625,0.482812,0.515625,0.515625,0.593750,0.658594,0.482812,0.593750,0.612500,0.515625,0.658594,0.612500
110,44_codon,0.527344,3.213232,0.485938,0.632812,0.560937,0.485938,0.455469,0.492969,0.632812,0.455469,0.535937,0.560937,0.492969,0.535937
110,45,0.394661,3.832077,0.392188,0.372656,0.356250,0.392188,0.430469,0.426562,0.372656,0.430469,0.389844,0.356250,0.426562,0.389844
110,45_001,0.428255,3.837734,0.461719,0.395312,0.439063,0.461719,0.546094,0.392969,0.395312,0.546094,0.334375,0.439063,0.392969,0.334375
110,45_010,0.531771,3.223806,0.493750,0.503906,0.507031,0.493750,0.558594,0.522656,0.503906,0.558594,0.604688,0.507031,0.522656,0.604688
110,45_011,0.452083,3.636404,0.378125,0.492188,0.441406,0.378125,0.533594,0.410937,0.492188,0.533594,0.456250,0.441406,0.410937,0.456250
110,45_100,0.518359,3.264577,0.660937,0.574219,0.438281,0.660937,0.559375,0.434375,0.574219,0.559375,0.442969,0.438281,0.434375,0.442969
110,45_101,0.473698,3.615080,0.589063,0.532813,0.400781,0.589063,0.577344,0.407031,0.532813,0.577344,0.335156,0.400781,0.407031,0.335156
110,45_110,0.543490,3.201210,0.560156,0.572656,0.536719,0.560156,0.539062,0.498437,0.572656,0.539062,0.553906,0.536719,0.498437,0.553906
110,45_codon,0.512240,3.301087,0.463281,0.579688,0.642188,0.463281,0.428906,0.448438,0.579688,0.428906,0.510938,0.642188,0.448438,0.510938
110,46,0.383073,3.880624,0.353125,0.329688,0.314844,0.353125,0.428125,0.448438,0.329688,0.428125,0.424219,0.314844,0.448438,0.424219
110,46_001,0.421094,3.855609,0.314063,0.413281,0.426562,0.314063,0.478906,0.432031,0.413281,0.478906,0.461719,0.426562,0.432031,0.461719
110,46_010,0.530990,3.236056,0.445312,0.448438,0.445312,0.445312,0.586719,0.665625,0.448438,0.586719,0.594531,0.445312,0.665625,0.594531
110,46_011,0.467187,3.595708,0.438281,0.425000,0.390625,0.438281,0.459375,0.423438,0.425000,0.459375,0.666406,0.390625,0.423438,0.666406
110,46_100,0.521745,3.267022,0.439844,0.571094,0.582031,0.439844,0.451562,0.435937,0.571094,0.451562,0.650000,0.582031,0.435937,0.650000
110,46_101,0.451953,3.702626,0.357812,0.381250,0.435937,0.357812,0.546875,0.534375,0.381250,0.546875,0.455469,0.435937,0.534375,0.455469
110,46_110,0.561198,3.065175,0.475781,0.585938,0.613281,0.475781,0.518750,0.521094,0.585938,0.518750,0.652344,0.613281,0.521094,0.652344
110,46_codon,0.547396,3.150293,0.585156,0.604688,0.523438,0.585156,0.567187,0.480469,0.604688,0.567187,0.523438,0.523438,0.480469,0.523438
110,47,0.421745,3.670359,0.417969,0.405469,0.441406,0.417969,0.394531,0.419531,0.405469,0.394531,0.451562,0.441406,0.419531,0.451562
110,47_001,0.420052,3.849431,0.513281,0.329688,0.395312,0.513281,0.379687,0.456250,0.329688,0.379687,0.446094,0.395312,0.456250,0.446094
110,47_010,0.537630,3.184883,0.557031,0.504687,0.552344,0.557031,0.489844,0.625000,0.504687,0.489844,0.496875,0.552344,0.625000,0.496875
110,47_011,0.453385,3.610693,0.391406,0.417188,0.460156,0.391406,0.400000,0.510938,0.417188,0.400000,0.540625,0.460156,0.510938,0.540625
110,47_100,0.524349,3.244612,0.574219,0.609375,0.447656,0.574219,0.607031,0.453125,0.609375,0.607031,0.454688,0.447656,0.453125,0.454688
110,47_101,0.496224,3.485883,0.401563,0.596875,0.640625,0.401563,0.408594,0.371094,0.596875,0.408594,0.558594,0.640625,0.371094,0.558594
110,47_110,0.525911,3.247454,0.414844,0.495313,0.476562,0.414844,0.530469,0.581250,0.495313,0.530469,0.657031,0.476562,0.581250,0.657031
110,47_codon,0.541406,3.151099,0.579688,0.517188,0.621875,0.579688,0.515625,0.542188,0.517188,0.515625,0.471875,0.621875,0.542188,0.471875
110,48,0.420052,3.685185,0.407031,0.410156,0.396875,0.407031,0.477344,0.430469,0.410156,0.477344,0.398438,0.396875,0.430469,0.398438
110,48_001,0.430469,3.814855,0.560156,0.336719,0.395312,0.560156,0.395312,0.449219,0.336719,0.395312,0.446094,0.395312,0.449219,0.446094
110,48_010,0.524870,3.257267,0.642969,0.438281,0.586719,0.642969,0.435156,0.603906,0.438281,0.435156,0.442187,0.586719,0.603906,0.442187
110,48_011,0.455859,3.672366,0.506250,0.361719,0.453125,0.506250,0.426562,0.547656,0.361719,0.426562,0.439844,0.453125,0.547656,0.439844
110,48_100,0.532943,3.235808,0.546875,0.550000,0.471875,0.546875,0.672656,0.470313,0.550000,0.672656,0.485938,0.471875,0.470313,0.485938
110,48_101,0.537630,3.240904,0.553906,0.568750,0.478125,0.553906,0.663281,0.474219,0.568750,0.663281,0.487500,0.478125,0.474219,0.487500
110,48_110,0.559635,3.090456,0.606250,0.512500,0.610156,0.606250,0.485156,0.657031,0.512500,0.485156,0.486719,0.610156,0.657031,0.486719
110,48_codon,0.539844,3.192975,0.526563,0.573438,0.571875,0.526563,0.494531,0.518750,0.573438,0.494531,0.553906,0.571875,0.518750,0.553906
110,49,0.387891,3.888719,0.388281,0.386719,0.382812,0.388281,0.403906,0.403125,0.386719,0.403906,0.362500,0.382812,0.403125,0.362500
110,49_001,0.437240,3.807601,0.466406,0.420312,0.450781,0.466406,0.557813,0.389844,0.420312,0.557813,0.338281,0.450781,0.389844,0.338281
110,49_010,0.540234,3.236307,0.587500,0.645312,0.473437,0.587500,0.582812,0.483594,0.645312,0.582812,0.468750,0.473437,0.483594,0.468750
110,49_011,0.454818,3.619439,0.378125,0.425000,0.507812,0.378125,0.428906,0.409375,0.425000,0.428906,0.579688,0.507812,0.409375,0.579688
110,49_100,0.517188,3.248592,0.582812,0.585938,0.433594,0.582812,0.652344,0.425781,0.585938,0.652344,0.422656,0.433594,0.425781,0.422656
110,49_101,0.458464,3.657576,0.425781,0.429688,0.367188,0.425781,0.506250,0.548438,0.429688,0.506250,0.473437,0.367188,0.548438,0.473437
110,49_110,0.548307,3.179382,0.576562,0.561719,0.487500,0.576562,0.597656,0.533594,0.561719,0.597656,0.532813,0.487500,0.533594,0.532813
110,49_codon,0.548307,3.144184,0.496875,0.589844,0.629687,0.496875,0.493750,0.492969,0.589844,0.493750,0.586719,0.629687,0.492969,0.586719
110,4_001,0.431901,3.803207,0.565625,0.346875,0.421094,0.565625,0.371875,0.442187,0.346875,0.371875,0.443750,0.421094,0.442187,0.443750
110,4_010,0.514453,3.300439,0.425781,0.550000,0.664844,0.425781,0.436719,0.428906,0.550000,0.436719,0.580469,0.664844,0.428906,0.580469
110,4_011,0.491667,3.467238,0.628906,0.379687,0.564844,0.628906,0.400000,0.579688,0.379687,0.400000,0.396875,0.564844,0.579688,0.396875
110,4_100,0.522135,3.261175,0.567187,0.467187,0.567969,0.567187,0.435156,0.645312,0.467187,0.435156,0.450000,0.567969,0.645312,0.450000
110,4_101,0.490104,3.534506,0.613281,0.381250,0.569531,0.613281,0.394531,0.589063,0.381250,0.394531,0.392969,0.569531,0.589063,0.392969
110,4_110,0.547917,3.100434,0.646875,0.561719,0.526563,0.646875,0.542969,0.539844,0.561719,0.542969,0.469531,0.526563,0.539844,0.469531
110,4_codon,0.542969,3.192071,0.538281,0.493750,0.646094,0.538281,0.495313,0.573438,0.493750,0.495313,0.510938,0.646094,0.573438,0.510938
110,5,0.394661,3.824370,0.361719,0.395312,0.353125,0.361719,0.460938,0.405469,0.395312,0.460938,0.391406,0.353125,0.405469,0.391406
110,50,0.387500,3.886051,0.342187,0.455469,0.424219,0.342187,0.351562,0.344531,0.455469,0.351562,0.407031,0.424219,0.344531,0.407031
110,50_001,0.433464,3.829749,0.446875,0.331250,0.414062,0.446875,0.400781,0.471875,0.331250,0.400781,0.535937,0.414062,0.471875,0.535937
110,50_010,0.511068,3.311254,0.414062,0.560937,0.565625,0.414062,0.408594,0.415625,0.560937,0.408594,0.701562,0.565625,0.415625,0.701562
110,50_011,0.470182,3.553801,0.395312,0.461719,0.702344,0.395312,0.417188,0.389062,0.461719,0.417188,0.455469,0.702344,0.389062,0.455469
110,50_100,0.547656,3.174824,0.585938,0.663281,0.484375,0.585938,0.582031,0.489844,0.663281,0.582031,0.480469,0.484375,0.489844,0.480469
110,50_101,0.457682,3.688655,0.416406,0.511719,0.504687,0.416406,0.346875,0.403125,0.511719,0.346875,0.563281,0.504687,0.403125,0.563281
110,50_110,0.554557,3.107573,0.495313,0.526563,0.604688,0.495313,0.534375,0.584375,0.526563,0.534375,0.582031,0.604688,0.584375,0.582031
110,50_codon,0.518750,3.381253,0.485938,0.621094,0.550000,0.485938,0.456250,0.479688,0.621094,0.456250,0.519531,0.550000,0.479688,0.519531
110,51,0.385286,3.836545,0.388281,0.369531,0.433594,0.388281,0.360156,0.358594,0.369531,0.360156,0.401563,0.433594,0.358594,0.401563
110,51_001,0.411849,3.906540,0.375000,0.445312,0.460938,0.375000,0.509375,0.307031,0.445312,0.509375,0.373437,0.460938,0.307031,0.373437
110,51_010,0.542708,3.234082,0.582031,0.475000,0.649219,0.582031,0.474219,0.590625,0.475000,0.474219,0.485156,0.649219,0.590625,0.485156
110,51_011,0.466016,3.567953,0.678125,0.428906,0.420312,0.678125,0.428906,0.425000,0.428906,0.428906,0.414844,0.420312,0.425000,0.414844
110,51_100,0.532552,3.224822,0.592187,0.464063,0.582812,0.592187,0.453125,0.653906,0.464063,0.453125,0.449219,0.582812,0.653906,0.449219
110,51_101,0.448698,3.763236,0.476562,0.465625,0.443750,0.476562,0.485938,0.367188,0.465625,0.485938,0.453125,0.443750,0.367188,0.453125
110,51_110,0.551042,3.166612,0.620313,0.591406,0.506250,0.620313,0.594531,0.507812,0.591406,0.594531,0.485938,0.506250,0.507812,0.485938
110,51_codon,0.543750,3.191505,0.484375,0.664062,0.572656,0.484375,0.489844,0.483594,0.664062,0.489844,0.567969,0.572656,0.483594,0.567969
110,52,0.399740,3.804159,0.440625,0.334375,0.454688,0.440625,0.352344,0.421875,0.334375,0.352344,0.394531,0.454688,0.421875,0.394531
110,52_001,0.430078,3.834410,0.439063,0.423438,0.319531,0.439063,0.500781,0.442187,0.423438,0.500781,0.455469,0.319531,0.442187,0.455469
110,52_010,0.517578,3.263547,0.428125,0.432031,0.425781,0.428125,0.660937,0.578125,0.432031,0.660937,0.580469,0.425781,0.578125,0.580469
110,52_011,0.484505,3.511186,0.564844,0.406250,0.547656,0.564844,0.388281,0.615625,0.406250,0.388281,0.384375,0.547656,0.615625,0.384375
110,52_100,0.525521,3.249050,0.583594,0.441406,0.634375,0.583594,0.448438,0.591406,0.441406,0.448438,0.453906,0.634375,0.591406,0.453906
110,52_101,0.449870,3.781262,0.456250,0.450781,0.326562,0.456250,0.538281,0.429688,0.450781,0.538281,0.497656,0.326562,0.429688,0.497656
110,52_110,0.529557,3.242068,0.557031,0.532813,0.584375,0.557031,0.469531,0.516406,0.532813,0.469531,0.517188,0.584375,0.516406,0.517188
110,52_codon,0.555208,3.158916,0.542969,0.568750,0.648438,0.542969,0.471094,0.542188,0.568750,0.471094,0.557813,0.648438,0.542188,0.557813
110,53,0.383464,3.869206,0.354688,0.365625,0.396094,0.354688,0.340625,0.408594,0.365625,0.340625,0.435156,0.396094,0.408594,0.435156
110,53_001,0.441146,3.769801,0.425000,0.350000,0.391406,0.425000,0.424219,0.464844,0.350000,0.424219,0.591406,0.391406,0.464844,0.591406
110,53_010,0.501172,3.347255,0.414844,0.515625,0.500781,0.414844,0.452344,0.437500,0.515625,0.452344,0.685937,0.500781,0.437500,0.685937
110,53_011,0.473828,3.538123,0.424219,0.402344,0.393750,0.424219,0.471094,0.463281,0.402344,0.471094,0.688281,0.393750,0.463281,0.688281
110,53_100,0.509896,3.287641,0.563281,0.426562,0.571875,0.563281,0.416406,0.657813,0.426562,0.416406,0.423438,0.571875,0.657813,0.423438
110,53_101,0.500000,3.367837,0.432813,0.513281,0.531250,0.432813,0.478125,0.450781,0.513281,0.478125,0.593750,0.531250,0.450781,0.593750
110,53_110,0.551562,3.138441,0.514062,0.592969,0.616406,0.514062,0.485156,0.501563,0.592969,0.485156,0.599219,0.616406,0.501563,0.599219
110,53_codon,0.538672,3.231821,0.482812,0.605469,0.606250,0.482812,0.474219,0.510156,0.605469,0.474219,0.553125,0.606250,0.510156,0.553125
110,54,0.413021,3.787825,0.457031,0.450781,0.349219,0.457031,0.452344,0.396094,0.450781,0.452344,0.372656,0.349219,0.396094,0.372656
110,54_001,0.440365,3.757714,0.602344,0.425781,0.367969,0.602344,0.441406,0.380469,0.425781,0.441406,0.424219,0.367969,0.380469,0.424219
110,54_010,0.532161,3.229742,0.642188,0.583594,0.471094,0.642188,0.566406,0.453906,0.583594,0.566406,0.475781,0.471094,0.453906,0.475781
110,54_011,0.452865,3.641088,0.497656,0.536719,0.364844,0.497656,0.497656,0.421875,0.536719,0.497656,0.398438,0.364844,0.421875,0.398438
110,54_100,0.539583,3.232363,0.687500,0.560937,0.476562,0.687500,0.561719,0.476562,0.560937,0.561719,0.474219,0.476562,0.476562,0.474219
110,54_101,0.454297,3.776564,0.481250,0.532813,0.471875,0.481250,0.428125,0.339844,0.532813,0.428125,0.471875,0.471875,0.339844,0.471875
110,54_110,0.543880,3.252006,0.578125,0.566406,0.486719,0.578125,0.583594,0.514062,0.566406,0.583594,0.534375,0.486719,0.514062,0.534375
110,54_codon,0.552083,3.138817,0.610938,0.619531,0.503125,0.610938,0.582031,0.484375,0.619531,0.582031,0.512500,0.503125,0.484375,0.512500
110,55,0.387500,3.862822,0.461719,0.407031,0.391406,0.461719,0.419531,0.331250,0.407031,0.419531,0.314063,0.391406,0.331250,0.314063
110,55_001,0.431510,3.868208,0.533594,0.389844,0.320312,0.533594,0.481250,0.412500,0.389844,0.481250,0.451562,0.320312,0.412500,0.451562
110,55_010,0.522917,3.261614,0.439063,0.432813,0.425000,0.439063,0.594531,0.591406,0.432813,0.594531,0.654687,0.425000,0.591406,0.654687
110,55_011,0.475781,3.533803,0.662500,0.495313,0.361719,0.662500,0.536719,0.394531,0.495313,0.536719,0.403906,0.361719,0.394531,0.403906
110,55_100,0.508203,3.316723,0.655469,0.578125,0.407031,0.655469,0.570312,0.427344,0.578125,0.570312,0.410937,0.407031,0.427344,0.410937
110,55_101,0.447526,3.745388,0.364844,0.426562,0.638281,0.364844,0.453125,0.371875,0.426562,0.453125,0.430469,0.638281,0.371875,0.430469
110,55_110,0.561068,3.066506,0.503125,0.649219,0.600000,0.503125,0.492188,0.520312,0.649219,0.492188,0.601562,0.600000,0.520312,0.601562
110,55_codon,0.537891,3.177300,0.603906,0.560156,0.540625,0.603906,0.539062,0.483594,0.560156,0.539062,0.500000,0.540625,0.483594,0.500000
110,56,0.393359,3.802187,0.376563,0.375781,0.357812,0.376563,0.441406,0.417969,0.375781,0.441406,0.390625,0.357812,0.417969,0.390625
110,56_001,0.437760,3.819593,0.405469,0.471094,0.437500,0.405469,0.558594,0.342969,0.471094,0.558594,0.410937,0.437500,0.342969,0.410937
110,56_010,0.534375,3.220826,0.663281,0.445312,0.596094,0.663281,0.459375,0.590625,0.445312,0.459375,0.451562,0.596094,0.590625,0.451562
110,56_011,0.445443,3.677467,0.430469,0.529687,0.421875,0.430469,0.399219,0.448438,0.529687,0.399219,0.442969,0.421875,0.448438,0.442969
110,56_100,0.519792,3.263832,0.437500,0.446094,0.436719,0.437500,0.570312,0.576562,0.446094,0.570312,0.651563,0.436719,0.576562,0.651563
110,56_101,0.463151,3.684458,0.459375,0.438281,0.375000,0.459375,0.511719,0.457812,0.438281,0.511719,0.536719,0.375000,0.457812,0.536719
110,56_110,0.563281,3.098897,0.492188,0.491406,0.525781,0.492188,0.629687,0.621094,0.491406,0.629687,0.619531,0.525781,0.621094,0.619531
110,56_codon,0.523568,3.240470,0.540625,0.596094,0.512500,0.540625,0.493750,0.478125,0.596094,0.493750,0.520312,0.512500,0.478125,0.520312
110,57,0.379687,3.915728,0.364844,0.417188,0.360938,0.364844,0.382812,0.355469,0.417188,0.382812,0.396875,0.360938,0.355469,0.396875
110,57_001,0.429818,3.850012,0.402344,0.535156,0.328125,0.402344,0.474219,0.439063,0.535156,0.474219,0.400000,0.328125,0.439063,0.400000
110,57_010,0.514583,3.275431,0.587500,0.642969,0.409375,0.587500,0.584375,0.429688,0.642969,0.584375,0.433594,0.409375,0.429688,0.433594
110,57_011,0.467187,3.582699,0.414062,0.441406,0.684375,0.414062,0.433594,0.401563,0.441406,0.433594,0.428125,0.684375,0.401563,0.428125
110,57_100,0.512240,3.336564,0.418750,0.556250,0.574219,0.418750,0.426562,0.433594,0.556250,0.426562,0.664062,0.574219,0.433594,0.664062
110,57_101,0.442708,3.769480,0.488281,0.410937,0.535156,0.488281,0.442969,0.418750,0.410937,0.442969,0.360156,0.535156,0.418750,0.360156
110,57_110,0.557422,3.113283,0.528125,0.497656,0.546094,0.528125,0.601562,0.596875,0.497656,0.601562,0.574219,0.546094,0.596875,0.574219
110,57_codon,0.541146,3.204522,0.546094,0.551562,0.580469,0.546094,0.495313,0.550781,0.551562,0.495313,0.522656,0.580469,0.550781,0.522656
110,58,0.398307,3.820021,0.388281,0.362500,0.408594,0.388281,0.382812,0.449219,0.362500,0.382812,0.398438,0.408594,0.449219,0.398438
110,58_001,0.421354,3.850120,0.466406,0.393750,0.521875,0.466406,0.451562,0.384375,0.393750,0.451562,0.310156,0.521875,0.384375,0.310156
110,58_010,0.518880,3.273345,0.545312,0.463281,0.561719,0.545312,0.435156,0.646094,0.463281,0.435156,0.461719,0.561719,0.646094,0.461719
110,58_011,0.450130,3.683495,0.421875,0.482812,0.564063,0.421875,0.439063,0.366406,0.482812,0.439063,0.426562,0.564063,0.366406,0.426562
110,58_100,0.520052,3.231655,0.598437,0.503125,0.531250,0.598437,0.485156,0.535156,0.503125,0.485156,0.467187,0.531250,0.535156,0.467187
110,58_101,0.464974,3.592535,0.474219,0.410156,0.450000,0.474219,0.409375,0.661719,0.410156,0.409375,0.384375,0.450000,0.661719,0.384375
110,58_110,0.561589,3.078524,0.574219,0.528125,0.601562,0.574219,0.566406,0.572656,0.528125,0.566406,0.526563,0.601562,0.572656,0.526563
110,58_codon,0.543229,3.153117,0.607812,0.575000,0.516406,0.607812,0.528906,0.517188,0.575000,0.528906,0.514062,0.516406,0.517188,0.514062
110,59,0.400130,3.806669,0.367969,0.382031,0.436719,0.367969,0.406250,0.412500,0.382031,0.406250,0.395312,0.436719,0.412500,0.395312
110,59_001,0.427865,3.843325,0.346875,0.522656,0.353906,0.346875,0.435156,0.471094,0.522656,0.435156,0.437500,0.353906,0.471094,0.437500
110,59_010,0.527344,3.243509,0.652344,0.552344,0.445312,0.652344,0.588281,0.464063,0.552344,0.588281,0.461719,0.445312,0.464063,0.461719
110,59_011,0.465234,3.605620,0.509375,0.591406,0.401563,0.509375,0.497656,0.421875,0.591406,0.497656,0.369531,0.401563,0.421875,0.369531
110,59_100,0.539062,3.212736,0.557031,0.492188,0.567969,0.557031,0.478906,0.653906,0.492188,0.478906,0.484375,0.567969,0.653906,0.484375
110,59_101,0.498958,3.482731,0.389062,0.396094,0.375000,0.389062,0.578125,0.691406,0.396094,0.578125,0.564063,0.375000,0.691406,0.564063
110,59_110,0.563021,3.062734,0.590625,0.654687,0.489844,0.590625,0.617188,0.515625,0.654687,0.617188,0.510156,0.489844,0.515625,0.510156
110,59_codon,0.529948,3.256918,0.534375,0.668750,0.502344,0.534375,0.525781,0.464063,0.668750,0.525781,0.484375,0.502344,0.464063,0.484375
110,5_001,0.418620,3.873907,0.313281,0.382812,0.459375,0.313281,0.514844,0.380469,0.382812,0.514844,0.460938,0.459375,0.380469,0.460938
110,5_010,0.524349,3.273093,0.657813,0.558594,0.454688,0.657813,0.549219,0.460156,0.558594,0.549219,0.465625,0.454688,0.460156,0.465625
110,5_011,0.451693,3.677711,0.433594,0.483594,0.421094,0.433594,0.564844,0.382812,0.483594,0.564844,0.424219,0.421094,0.382812,0.424219
110,5_100,0.524219,3.258466,0.596094,0.439844,0.594531,0.596094,0.424219,0.655469,0.439844,0.424219,0.435156,0.594531,0.655469,0.435156
110,5_101,0.472005,3.533020,0.463281,0.442187,0.521094,0.463281,0.378906,0.588281,0.442187,0.378906,0.438281,0.521094,0.588281,0.438281
110,5_110,0.557031,3.089477,0.601562,0.622656,0.500000,0.601562,0.610156,0.479688,0.622656,0.610156,0.528125,0.500000,0.479688,0.528125
110,5_codon,0.556380,3.088987,0.605469,0.589063,0.528125,0.605469,0.555469,0.503125,0.589063,0.555469,0.557031,0.528125,0.503125,0.557031
110,6,0.379297,3.914136,0.351562,0.391406,0.305469,0.351562,0.433594,0.419531,0.391406,0.433594,0.374219,0.305469,0.419531,0.374219
110,60,0.408724,3.726789,0.387500,0.424219,0.389844,0.387500,0.405469,0.414062,0.424219,0.405469,0.431250,0.389844,0.414062,0.431250
110,60_001,0.424870,3.871109,0.462500,0.464844,0.392188,0.462500,0.392969,0.515625,0.464844,0.392969,0.321094,0.392188,0.515625,0.321094
110,60_010,0.535156,3.220936,0.460938,0.462500,0.457812,0.460938,0.579688,0.664844,0.462500,0.579688,0.585156,0.457812,0.664844,0.585156
110,60_011,0.464193,3.570503,0.495313,0.419531,0.561719,0.495313,0.404687,0.528906,0.419531,0.404687,0.375000,0.561719,0.528906,0.375000
110,60_100,0.536458,3.230286,0.644531,0.579688,0.461719,0.644531,0.592187,0.466406,0.579688,0.592187,0.474219,0.461719,0.466406,0.474219
110,60_101,0.442318,3.766119,0.363281,0.417969,0.638281,0.363281,0.439844,0.368750,0.417969,0.439844,0.425781,0.638281,0.368750,0.425781
110,60_110,0.561589,3.087482,0.560937,0.592187,0.500781,0.560937,0.602344,0.570312,0.592187,0.602344,0.542969,0.500781,0.570312,0.542969
110,60_codon,0.497135,3.462700,0.461719,0.526563,0.546875,0.461719,0.428125,0.501563,0.526563,0.428125,0.517969,0.546875,0.501563,0.517969
110,61,0.390625,3.852591,0.399219,0.374219,0.385938,0.399219,0.408594,0.381250,0.374219,0.408594,0.394531,0.385938,0.381250,0.394531
110,61_001,0.417578,3.865738,0.446875,0.378906,0.457031,0.446875,0.316406,0.392969,0.378906,0.316406,0.513281,0.457031,0.392969,0.513281
110,61_010,0.511719,3.324579,0.388281,0.400000,0.398438,0.388281,0.589063,0.687500,0.400000,0.589063,0.607031,0.398438,0.687500,0.607031
110,61_011,0.473047,3.545142,0.432031,0.451562,0.447656,0.432031,0.488281,0.421875,0.451562,0.488281,0.596875,0.447656,0.421875,0.596875
110,61_100,0.514323,3.276097,0.433594,0.444531,0.442969,0.433594,0.545312,0.656250,0.444531,0.545312,0.563281,0.442969,0.656250,0.563281
110,61_101,0.456901,3.740496,0.460156,0.383594,0.403125,0.460156,0.396875,0.417188,0.383594,0.396875,0.680469,0.403125,0.417188,0.680469
110,61_110,0.563802,3.080294,0.545312,0.602344,0.553906,0.545312,0.543750,0.585156,0.602344,0.543750,0.552344,0.553906,0.585156,0.552344
110,61_codon,0.548438,3.149736,0.539844,0.617188,0.542188,0.539844,0.518750,0.551562,0.617188,0.518750,0.521094,0.542188,0.551562,0.521094
110,62,0.399870,3.765067,0.410156,0.384375,0.392969,0.410156,0.417969,0.416406,0.384375,0.417969,0.377344,0.392969,0.416406,0.377344
110,62_001,0.427734,3.834875,0.397656,0.453125,0.446094,0.397656,0.547656,0.330469,0.453125,0.547656,0.391406,0.446094,0.330469,0.391406
110,62_010,0.520703,3.262749,0.569531,0.442187,0.571875,0.569531,0.434375,0.678125,0.442187,0.434375,0.428125,0.571875,0.678125,0.428125
110,62_011,0.475000,3.530989,0.415625,0.396875,0.421094,0.415625,0.683594,0.475781,0.396875,0.683594,0.457031,0.421094,0.475781,0.457031
110,62_100,0.521354,3.245455,0.610156,0.599219,0.425781,0.610156,0.661719,0.416406,0.599219,0.661719,0.414844,0.425781,0.416406,0.414844
110,62_101,0.500260,3.462769,0.531250,0.564844,0.424219,0.531250,0.647656,0.411719,0.564844,0.647656,0.421875,0.424219,0.411719,0.421875
110,62_110,0.539062,3.138319,0.496094,0.544531,0.485156,0.496094,0.562500,0.569531,0.544531,0.562500,0.576562,0.485156,0.569531,0.576562
110,62_codon,0.529818,3.236197,0.550781,0.580469,0.544531,0.550781,0.475781,0.507812,0.580469,0.475781,0.519531,0.544531,0.507812,0.519531
110,63,0.368099,3.929918,0.333594,0.389062,0.360156,0.333594,0.437500,0.339844,0.389062,0.437500,0.348437,0.360156,0.339844,0.348437
110,63_001,0.419141,3.895161,0.300000,0.373437,0.506250,0.300000,0.460156,0.398438,0.373437,0.460156,0.476562,0.506250,0.398438,0.476562
110,63_010,0.509375,3.298320,0.421875,0.434375,0.428125,0.421875,0.554688,0.670312,0.434375,0.554688,0.546875,0.428125,0.670312,0.546875
110,63_011,0.481120,3.528521,0.618750,0.386719,0.573438,0.618750,0.357031,0.553906,0.386719,0.357031,0.396875,0.573438,0.553906,0.396875
110,63_100,0.514714,3.273868,0.580469,0.575781,0.423438,0.580469,0.657031,0.427344,0.575781,0.657031,0.424219,0.423438,0.427344,0.424219
110,63_101,0.502995,3.440608,0.565625,0.551562,0.435937,0.565625,0.653906,0.409375,0.551562,0.653906,0.401563,0.435937,0.409375,0.401563
110,63_110,0.549219,3.141751,0.597656,0.606250,0.500000,0.597656,0.593750,0.496875,0.606250,0.593750,0.500781,0.500000,0.496875,0.500781
110,63_codon,0.537370,3.185347,0.493750,0.566406,0.534375,0.493750,0.555469,0.506250,0.566406,0.555469,0.567969,0.534375,0.506250,0.567969
110,64,0.384115,3.881056,0.435937,0.409375,0.353125,0.435937,0.421094,0.342187,0.409375,0.421094,0.342969,0.353125,0.342187,0.342969
110,64_001,0.430599,3.827103,0.466406,0.546094,0.407031,0.466406,0.392188,0.442969,0.546094,0.392188,0.328906,0.407031,0.442969,0.328906
110,64_010,0.518229,3.259436,0.564063,0.667969,0.441406,0.564063,0.566406,0.439844,0.667969,0.566406,0.429688,0.441406,0.439844,0.429688
110,64_011,0.457682,3.659050,0.388281,0.485938,0.561719,0.388281,0.428125,0.374219,0.485938,0.428125,0.507812,0.561719,0.374219,0.507812
110,64_100,0.517188,3.283384,0.576562,0.657031,0.442187,0.576562,0.557031,0.428906,0.657031,0.557031,0.441406,0.442187,0.428906,0.441406
110,64_101,0.503776,3.404900,0.571094,0.669531,0.414844,0.571094,0.546094,0.407813,0.669531,0.546094,0.413281,0.414844,0.407813,0.413281
110,64_110,0.561328,3.067150,0.479688,0.514844,0.515625,0.479688,0.610156,0.591406,0.514844,0.610156,0.656250,0.515625,0.591406,0.656250
110,64_codon,0.540885,3.276276,0.482031,0.596094,0.577344,0.482031,0.479688,0.494531,0.596094,0.479688,0.615625,0.577344,0.494531,0.615625
110,65,0.424870,3.709209,0.441406,0.473437,0.391406,0.441406,0.416406,0.403906,0.473437,0.416406,0.422656,0.391406,0.403906,0.422656
110,65_001,0.433333,3.851009,0.342969,0.414844,0.538281,0.342969,0.460156,0.387500,0.414844,0.460156,0.456250,0.538281,0.387500,0.456250
110,65_010,0.517448,3.288673,0.645312,0.582031,0.417969,0.645312,0.608594,0.426562,0.582031,0.608594,0.424219,0.417969,0.426562,0.424219
110,65_011,0.442057,3.739995,0.474219,0.415625,0.386719,0.474219,0.483594,0.466406,0.415625,0.483594,0.425781,0.386719,0.466406,0.425781
110,65_100,0.530599,3.239624,0.489062,0.545312,0.539844,0.489062,0.499219,0.496094,0.545312,0.499219,0.614062,0.539844,0.496094,0.614062
110,65_101,0.532292,3.253659,0.498437,0.534375,0.547656,0.498437,0.492188,0.502344,0.534375,0.492188,0.618750,0.547656,0.502344,0.618750
110,65_110,0.552995,3.135011,0.516406,0.641406,0.594531,0.516406,0.486719,0.489844,0.641406,0.486719,0.589063,0.594531,0.489844,0.589063
110,65_codon,0.526693,3.171919,0.593750,0.618750,0.470313,0.593750,0.548438,0.462500,0.618750,0.548438,0.466406,0.470313,0.462500,0.466406
110,66,0.392969,3.775857,0.372656,0.402344,0.389844,0.372656,0.420312,0.378906,0.402344,0.420312,0.393750,0.389844,0.378906,0.393750
110,66_001,0.431120,3.828133,0.321094,0.414062,0.445312,0.321094,0.539844,0.388281,0.414062,0.539844,0.478125,0.445312,0.388281,0.478125
110,66_010,0.514714,3.312291,0.435937,0.672656,0.544531,0.435937,0.433594,0.431250,0.672656,0.433594,0.570312,0.544531,0.431250,0.570312
110,66_011,0.468229,3.612958,0.372656,0.432813,0.418750,0.372656,0.528906,0.526563,0.432813,0.528906,0.529687,0.418750,0.526563,0.529687
110,66_100,0.523568,3.226484,0.656250,0.575781,0.435937,0.656250,0.571875,0.447656,0.575781,0.571875,0.453906,0.435937,0.447656,0.453906
110,66_101,0.495052,3.482771,0.550781,0.527344,0.442187,0.550781,0.660937,0.403906,0.527344,0.660937,0.385156,0.442187,0.403906,0.385156
110,66_110,0.531380,3.199408,0.482812,0.554688,0.507031,0.482812,0.564844,0.535156,0.554688,0.564844,0.543750,0.507031,0.535156,0.543750
110,66_codon,0.539974,3.183041,0.517969,0.510938,0.642188,0.517969,0.484375,0.561719,0.510938,0.484375,0.522656,0.642188,0.561719,0.522656
110,67,0.395443,3.840661,0.410937,0.347656,0.444531,0.410937,0.375781,0.404687,0.347656,0.375781,0.389062,0.444531,0.404687,0.389062
110,67_001,0.431510,3.834256,0.344531,0.404687,0.547656,0.344531,0.441406,0.394531,0.404687,0.441406,0.456250,0.547656,0.394531,0.456250
110,67_010,0.544010,3.191185,0.646875,0.578906,0.483594,0.646875,0.573438,0.485156,0.578906,0.573438,0.496094,0.483594,0.485156,0.496094
110,67_011,0.467969,3.582705,0.416406,0.446094,0.453906,0.416406,0.400781,0.405469,0.446094,0.400781,0.685156,0.453906,0.405469,0.685156
110,67_100,0.522917,3.256573,0.597656,0.417969,0.665625,0.597656,0.429688,0.607031,0.417969,0.429688,0.419531,0.665625,0.607031,0.419531
110,67_101,0.488802,3.506379,0.442969,0.517188,0.548438,0.442969,0.396875,0.423438,0.517188,0.396875,0.603906,0.548438,0.423438,0.603906
110,67_110,0.528385,3.295636,0.517969,0.537500,0.575000,0.517969,0.509375,0.497656,0.537500,0.509375,0.532813,0.575000,0.497656,0.532813
110,67_codon,0.518229,3.259998,0.506250,0.552344,0.608594,0.506250,0.466406,0.485938,0.552344,0.466406,0.489844,0.608594,0.485938,0.489844
110,68,0.397917,3.827530,0.407031,0.357812,0.395312,0.407031,0.424219,0.432813,0.357812,0.424219,0.370313,0.395312,0.432813,0.370313
110,68_001,0.437760,3.771922,0.359375,0.440625,0.592187,0.359375,0.431250,0.353906,0.440625,0.431250,0.449219,0.592187,0.353906,0.449219
110,68_010,0.520052,3.264297,0.427344,0.653906,0.573438,0.427344,0.425000,0.439063,0.653906,0.425000,0.601562,0.573438,0.439063,0.601562
110,68_011,0.485807,3.483498,0.540625,0.382812,0.595313,0.540625,0.388281,0.620313,0.382812,0.388281,0.387500,0.595313,0.620313,0.387500
110,68_100,0.543359,3.201656,0.507812,0.509375,0.508594,0.507812,0.556250,0.557031,0.509375,0.556250,0.621094,0.508594,0.557031,0.621094
110,68_101,0.497266,3.466496,0.434375,0.422656,0.385156,0.434375,0.546875,0.542969,0.422656,0.546875,0.651563,0.385156,0.542969,0.651563
110,68_110,0.557682,3.106542,0.496875,0.478125,0.511719,0.496875,0.609375,0.627344,0.478125,0.609375,0.622656,0.511719,0.627344,0.622656
110,68_codon,0.535547,3.195234,0.538281,0.547656,0.600781,0.538281,0.471875,0.534375,0.547656,0.471875,0.520312,0.600781,0.534375,0.520312
110,69,0.389974,3.880381,0.409375,0.339063,0.367188,0.409375,0.417188,0.396875,0.339063,0.417188,0.410156,0.367188,0.396875,0.410156
110,69_001,0.418620,3.866060,0.431250,0.289844,0.433594,0.431250,0.421094,0.504687,0.289844,0.421094,0.431250,0.433594,0.504687,0.431250
110,69_010,0.525000,3.251117,0.422656,0.438281,0.421875,0.422656,0.612500,0.664062,0.438281,0.612500,0.590625,0.421875,0.664062,0.590625
110,69_011,0.466146,3.536393,0.448438,0.412500,0.409375,0.448438,0.460156,0.563281,0.412500,0.460156,0.503125,0.409375,0.563281,0.503125
110,69_100,0.520182,3.263978,0.447656,0.451562,0.450781,0.447656,0.562500,0.554688,0.451562,0.562500,0.653906,0.450781,0.554688,0.653906
110,69_101,0.451432,3.771301,0.423438,0.453906,0.383594,0.423438,0.433594,0.604688,0.453906,0.433594,0.409375,0.383594,0.604688,0.409375
110,69_110,0.546354,3.159328,0.499219,0.519531,0.534375,0.499219,0.563281,0.571875,0.519531,0.563281,0.589844,0.534375,0.571875,0.589844
110,69_codon,0.546745,3.119567,0.550781,0.493750,0.542188,0.550781,0.538281,0.585938,0.493750,0.538281,0.569531,0.542188,0.585938,0.569531
110,6_001,0.426823,3.879498,0.526563,0.466406,0.408594,0.526563,0.380469,0.328125,0.466406,0.380469,0.450781,0.408594,0.328125,0.450781
110,6_010,0.524219,3.293955,0.460156,0.620313,0.585156,0.460156,0.443750,0.462500,0.620313,0.443750,0.573438,0.585156,0.462500,0.573438
110,6_011,0.447656,3.696788,0.475781,0.429688,0.388281,0.475781,0.542188,0.429688,0.429688,0.542188,0.420312,0.388281,0.429688,0.420312
110,6_100,0.519922,3.310984,0.472656,0.464063,0.463281,0.472656,0.569531,0.623437,0.464063,0.569531,0.526563,0.463281,0.623437,0.526563
110,6_101,0.493229,3.326008,0.610156,0.423438,0.577344,0.610156,0.404687,0.554688,0.423438,0.404687,0.389062,0.577344,0.554688,0.389062
110,6_110,0.561198,3.066993,0.609375,0.599219,0.516406,0.609375,0.647656,0.495313,0.599219,0.647656,0.499219,0.516406,0.495313,0.499219
110,6_codon,0.551432,3.152965,0.589063,0.659375,0.499219,0.589063,0.578906,0.489844,0.659375,0.578906,0.492188,0.499219,0.489844,0.492188
110,7,0.382812,3.862160,0.382031,0.417188,0.398438,0.382031,0.349219,0.352344,0.417188,0.349219,0.397656,0.398438,0.352344,0.397656
110,70,0.408203,3.778706,0.442969,0.397656,0.410937,0.442969,0.385156,0.444531,0.397656,0.385156,0.367969,0.410937,0.444531,0.367969
110,70_001,0.431250,3.819283,0.380469,0.455469,0.341406,0.380469,0.450781,0.542969,0.455469,0.450781,0.416406,0.341406,0.542969,0.416406
110,70_010,0.541276,3.190918,0.535937,0.503906,0.541406,0.535937,0.521875,0.636719,0.503906,0.521875,0.507812,0.541406,0.636719,0.507812
110,70_011,0.442318,3.645151,0.437500,0.415625,0.401563,0.437500,0.480469,0.487500,0.415625,0.480469,0.431250,0.401563,0.487500,0.431250
110,70_100,0.532422,3.252408,0.540625,0.614062,0.498437,0.540625,0.541406,0.489844,0.614062,0.541406,0.510156,0.498437,0.489844,0.510156
110,70_101,0.494661,3.455799,0.557813,0.604688,0.435937,0.557813,0.564844,0.413281,0.604688,0.564844,0.391406,0.435937,0.413281,0.391406
110,70_110,0.560677,3.093762,0.551562,0.580469,0.570312,0.551562,0.519531,0.598437,0.580469,0.519531,0.543750,0.570312,0.598437,0.543750
110,70_codon,0.509505,3.416247,0.535937,0.527344,0.518750,0.535937,0.492188,0.496094,0.527344,0.492188,0.486719,0.518750,0.496094,0.486719
110,71,0.380990,3.899253,0.364062,0.403125,0.375000,0.364062,0.404687,0.362500,0.403125,0.404687,0.376563,0.375000,0.362500,0.376563
110,71_001,0.437109,3.819785,0.471875,0.404687,0.450781,0.471875,0.550000,0.404687,0.404687,0.550000,0.340625,0.450781,0.404687,0.340625
110,71_010,0.524479,3.242819,0.453906,0.442187,0.453125,0.453906,0.577344,0.587500,0.442187,0.577344,0.632812,0.453125,0.587500,0.632812
110,71_011,0.461979,3.590579,0.440625,0.571875,0.437500,0.440625,0.504687,0.407813,0.571875,0.504687,0.409375,0.437500,0.407813,0.409375
110,71_100,0.519141,3.276229,0.453125,0.467187,0.441406,0.453125,0.554688,0.650781,0.467187,0.554688,0.547656,0.441406,0.650781,0.547656
110,71_101,0.457161,3.757102,0.440625,0.360156,0.459375,0.440625,0.523438,0.517188,0.360156,0.523438,0.442187,0.459375,0.517188,0.442187
110,71_110,0.558984,3.059748,0.541406,0.589063,0.528906,0.541406,0.550781,0.595313,0.589063,0.550781,0.548438,0.528906,0.595313,0.548438
110,71_codon,0.549219,3.144635,0.500781,0.629687,0.620313,0.500781,0.466406,0.502344,0.629687,0.466406,0.575781,0.620313,0.502344,0.575781
110,72,0.399089,3.828699,0.389062,0.453906,0.421094,0.389062,0.399219,0.335938,0.453906,0.399219,0.395312,0.421094,0.335938,0.395312
110,72_001,0.435807,3.803119,0.446094,0.564844,0.391406,0.446094,0.412500,0.451562,0.564844,0.412500,0.348437,0.391406,0.451562,0.348437
110,72_010,0.515104,3.335627,0.433594,0.664844,0.579688,0.433594,0.410937,0.434375,0.664844,0.410937,0.567187,0.579688,0.434375,0.567187
110,72_011,0.471094,3.528708,0.482031,0.681250,0.402344,0.482031,0.467187,0.410937,0.681250,0.467187,0.382812,0.402344,0.410937,0.382812
110,72_100,0.531250,3.214690,0.454688,0.575781,0.671094,0.454688,0.472656,0.445312,0.575781,0.472656,0.567969,0.671094,0.445312,0.567969
110,72_101,0.450130,3.818541,0.436719,0.567187,0.453125,0.436719,0.375000,0.477344,0.567187,0.375000,0.391406,0.453125,0.477344,0.391406
110,72_110,0.563021,3.071345,0.574219,0.583594,0.535937,0.574219,0.564844,0.516406,0.583594,0.564844,0.603125,0.535937,0.516406,0.603125
110,72_codon,0.543750,3.193974,0.479688,0.650781,0.580469,0.479688,0.471875,0.500000,0.650781,0.471875,0.579688,0.580469,0.500000,0.579688
110,73,0.391667,3.846594,0.379687,0.445312,0.409375,0.379687,0.361719,0.364844,0.445312,0.361719,0.389062,0.409375,0.364844,0.389062
110,73_001,0.432422,3.801545,0.406250,0.450781,0.449219,0.406250,0.555469,0.346094,0.450781,0.555469,0.386719,0.449219,0.346094,0.386719
110,73_010,0.516276,3.261461,0.633594,0.580469,0.416406,0.633594,0.585938,0.429688,0.580469,0.585938,0.451562,0.416406,0.429688,0.451562
110,73_011,0.473177,3.577821,0.646875,0.484375,0.423438,0.646875,0.450781,0.395312,0.484375,0.450781,0.438281,0.423438,0.395312,0.438281
110,73_100,0.520703,3.256041,0.573438,0.657031,0.435156,0.573438,0.580469,0.447656,0.657031,0.580469,0.430469,0.435156,0.447656,0.430469
110,73_101,0.495443,3.463068,0.529687,0.535156,0.410156,0.529687,0.642969,0.424219,0.535156,0.642969,0.430469,0.410156,0.424219,0.430469
110,73_110,0.560156,3.081024,0.648438,0.596094,0.492969,0.648438,0.614844,0.499219,0.596094,0.614844,0.509375,0.492969,0.499219,0.509375
110,73_codon,0.544922,3.170577,0.611719,0.610156,0.502344,0.611719,0.559375,0.480469,0.610156,0.559375,0.505469,0.502344,0.480469,0.505469
110,74,0.402344,3.790283,0.396094,0.398438,0.466406,0.396094,0.408594,0.356250,0.398438,0.408594,0.388281,0.466406,0.356250,0.388281
110,74_001,0.426823,3.859191,0.449219,0.402344,0.525781,0.449219,0.467187,0.379687,0.402344,0.467187,0.336719,0.525781,0.379687,0.336719
110,74_010,0.523698,3.254611,0.568750,0.439063,0.578125,0.568750,0.438281,0.678906,0.439063,0.438281,0.439063,0.578125,0.678906,0.439063
110,74_011,0.466797,3.552578,0.437500,0.389062,0.441406,0.437500,0.426562,0.680469,0.389062,0.426562,0.425781,0.441406,0.680469,0.425781
110,74_100,0.515495,3.265546,0.439844,0.578906,0.573438,0.439844,0.430469,0.429688,0.578906,0.430469,0.640625,0.573438,0.429688,0.640625
110,74_101,0.499089,3.394468,0.417188,0.576562,0.614062,0.417188,0.386719,0.380469,0.576562,0.386719,0.619531,0.614062,0.380469,0.619531
110,74_110,0.564063,3.059095,0.596094,0.527344,0.557031,0.596094,0.539062,0.565625,0.527344,0.539062,0.599219,0.557031,0.565625,0.599219
110,74_codon,0.527995,3.252195,0.520312,0.525781,0.626563,0.520312,0.444531,0.517188,0.525781,0.444531,0.533594,0.626563,0.517188,0.533594
110,75,0.402344,3.761088,0.388281,0.400781,0.375781,0.388281,0.400781,0.446875,0.400781,0.400781,0.401563,0.375781,0.446875,0.401563
110,75_001,0.435677,3.802427,0.394531,0.553125,0.460938,0.394531,0.343750,0.458594,0.553125,0.343750,0.403125,0.460938,0.458594,0.403125
110,75_010,0.511589,3.315166,0.418750,0.417188,0.410937,0.418750,0.597656,0.667188,0.417188,0.597656,0.557813,0.410937,0.667188,0.557813
110,75_011,0.433073,3.745089,0.407813,0.451562,0.442969,0.407813,0.487500,0.410937,0.451562,0.487500,0.397656,0.442969,0.410937,0.397656
110,75_100,0.522917,3.251027,0.426562,0.422656,0.429688,0.426562,0.653906,0.600781,0.422656,0.653906,0.603906,0.429688,0.600781,0.603906
110,75_101,0.454557,3.726901,0.377344,0.392969,0.464844,0.377344,0.662500,0.406250,0.392969,0.662500,0.423438,0.464844,0.406250,0.423438
110,75_110,0.561328,3.092546,0.495313,0.609375,0.647656,0.495313,0.512500,0.496094,0.609375,0.512500,0.607031,0.647656,0.496094,0.607031
110,75_codon,0.539974,3.204600,0.586719,0.602344,0.488281,0.586719,0.566406,0.484375,0.602344,0.566406,0.511719,0.488281,0.484375,0.511719
110,76,0.378385,3.906135,0.411719,0.357812,0.414062,0.411719,0.377344,0.369531,0.357812,0.377344,0.339844,0.414062,0.369531,0.339844
110,76_001,0.436979,3.845086,0.404687,0.542188,0.335938,0.404687,0.472656,0.457812,0.542188,0.472656,0.408594,0.335938,0.457812,0.408594
110,76_010,0.536198,3.201760,0.467969,0.465625,0.440625,0.467969,0.612500,0.584375,0.465625,0.612500,0.646094,0.440625,0.584375,0.646094
110,76_011,0.468620,3.512733,0.410937,0.408594,0.398438,0.410937,0.458594,0.693750,0.408594,0.458594,0.441406,0.398438,0.693750,0.441406
110,76_100,0.539453,3.200282,0.582812,0.573438,0.486719,0.582812,0.651563,0.480469,0.573438,0.651563,0.461719,0.486719,0.480469,0.461719
110,76_101,0.454427,3.706759,0.631250,0.423438,0.371875,0.631250,0.450781,0.399219,0.423438,0.450781,0.450000,0.371875,0.399219,0.450000
110,76_110,0.562630,3.092397,0.513281,0.652344,0.609375,0.513281,0.515625,0.470313,0.652344,0.515625,0.614844,0.609375,0.470313,0.614844
110,76_codon,0.510807,3.351968,0.518750,0.608594,0.508594,0.518750,0.483594,0.461719,0.608594,0.483594,0.483594,0.508594,0.461719,0.483594
110,77,0.396484,3.839831,0.415625,0.425781,0.392969,0.415625,0.447656,0.344531,0.425781,0.447656,0.352344,0.392969,0.344531,0.352344
110,77_001,0.424089,3.855831,0.475000,0.527344,0.411719,0.475000,0.374219,0.440625,0.527344,0.374219,0.315625,0.411719,0.440625,0.315625
110,77_010,0.515755,3.277127,0.422656,0.420312,0.431250,0.422656,0.650000,0.578125,0.420312,0.650000,0.592187,0.431250,0.578125,0.592187
110,77_011,0.472396,3.552567,0.439063,0.445312,0.690625,0.439063,0.405469,0.425781,0.445312,0.405469,0.428125,0.690625,0.425781,0.428125
110,77_100,0.523307,3.273086,0.628906,0.556250,0.464844,0.628906,0.571875,0.458594,0.556250,0.571875,0.459375,0.464844,0.458594,0.459375
110,77_101,0.499219,3.405511,0.380469,0.664062,0.584375,0.380469,0.377344,0.400000,0.664062,0.377344,0.589063,0.584375,0.400000,0.589063
110,77_110,0.515885,3.277414,0.503125,0.545312,0.503906,0.503125,0.481250,0.585938,0.545312,0.481250,0.475781,0.503906,0.585938,0.475781
110,77_codon,0.492188,3.606183,0.436719,0.638281,0.467969,0.436719,0.456250,0.464844,0.638281,0.456250,0.489062,0.467969,0.464844,0.489062
110,78,0.400521,3.814950,0.397656,0.396875,0.412500,0.397656,0.378125,0.478906,0.396875,0.378125,0.339063,0.412500,0.478906,0.339063
110,78_001,0.425651,3.873670,0.400000,0.434375,0.315625,0.400000,0.476562,0.541406,0.434375,0.476562,0.385938,0.315625,0.541406,0.385938
110,78_010,0.532422,3.232280,0.457812,0.453906,0.464063,0.457812,0.578906,0.581250,0.453906,0.578906,0.658594,0.464063,0.581250,0.658594
110,78_011,0.468620,3.568546,0.423438,0.426562,0.368750,0.423438,0.534375,0.584375,0.426562,0.534375,0.474219,0.368750,0.584375,0.474219
110,78_100,0.517318,3.281666,0.572656,0.438281,0.642969,0.572656,0.435937,0.581250,0.438281,0.435937,0.432813,0.642969,0.581250,0.432813
110,78_101,0.438802,3.837248,0.460938,0.419531,0.528906,0.460938,0.472656,0.392188,0.419531,0.472656,0.358594,0.528906,0.392188,0.358594
110,78_110,0.550651,3.124489,0.537500,0.457812,0.538281,0.537500,0.554688,0.664844,0.457812,0.554688,0.550781,0.538281,0.664844,0.550781
110,78_codon,0.543229,3.168813,0.593750,0.553125,0.542188,0.593750,0.522656,0.553906,0.553125,0.522656,0.493750,0.542188,0.553906,0.493750
110,79,0.410677,3.720535,0.363281,0.403125,0.440625,0.363281,0.406250,0.391406,0.403125,0.406250,0.459375,0.440625,0.391406,0.459375
110,79_001,0.426562,3.835373,0.454688,0.445312,0.360156,0.454688,0.428125,0.342187,0.445312,0.428125,0.528906,0.360156,0.342187,0.528906
110,79_010,0.509245,3.304822,0.549219,0.442187,0.559375,0.549219,0.425781,0.650781,0.442187,0.425781,0.428125,0.559375,0.650781,0.428125
110,79_011,0.496484,3.433183,0.575781,0.396094,0.571094,0.575781,0.382031,0.678125,0.396094,0.382031,0.375781,0.571094,0.678125,0.375781
110,79_100,0.516146,3.296252,0.446094,0.552344,0.563281,0.446094,0.449219,0.442187,0.552344,0.449219,0.643750,0.563281,0.442187,0.643750
110,79_101,0.458333,3.658729,0.430469,0.403906,0.414062,0.430469,0.425000,0.668750,0.403906,0.425000,0.407813,0.414062,0.668750,0.407813
110,79_110,0.550911,3.155243,0.550000,0.557031,0.601562,0.550000,0.487500,0.542188,0.557031,0.487500,0.567187,0.601562,0.542188,0.567187
110,79_codon,0.536719,3.146009,0.543750,0.465625,0.550781,0.543750,0.503906,0.596875,0.465625,0.503906,0.559375,0.550781,0.596875,0.559375
110,7_001,0.435677,3.837538,0.416406,0.328906,0.430469,0.416406,0.437500,0.497656,0.328906,0.437500,0.503125,0.430469,0.497656,0.503125
110,7_010,0.511979,3.321595,0.585938,0.554688,0.423438,0.585938,0.636719,0.429688,0.554688,0.636719,0.441406,0.423438,0.429688,0.441406
110,7_011,0.469271,3.600359,0.364062,0.371094,0.386719,0.364062,0.557813,0.552344,0.371094,0.557813,0.583594,0.386719,0.552344,0.583594
110,7_100,0.533464,3.220750,0.650000,0.589844,0.460156,0.650000,0.585156,0.454688,0.589844,0.585156,0.460938,0.460156,0.454688,0.460938
110,7_101,0.454688,3.636902,0.646875,0.360156,0.433594,0.646875,0.402344,0.476562,0.360156,0.402344,0.408594,0.433594,0.476562,0.408594
110,7_110,0.554818,3.115479,0.621875,0.625000,0.500781,0.621875,0.604688,0.472656,0.625000,0.604688,0.503906,0.500781,0.472656,0.503906
110,7_codon,0.550260,3.178920,0.591406,0.654687,0.481250,0.591406,0.600000,0.493750,0.654687,0.600000,0.480469,0.481250,0.493750,0.480469
110,8,0.370833,3.940746,0.331250,0.360938,0.332031,0.331250,0.375781,0.425781,0.360938,0.375781,0.399219,0.332031,0.425781,0.399219
110,80,0.388021,3.855297,0.407031,0.383594,0.407813,0.407031,0.378125,0.372656,0.383594,0.378125,0.378906,0.407813,0.372656,0.378906
110,80_001,0.419792,3.881431,0.384375,0.305469,0.438281,0.384375,0.534375,0.467187,0.305469,0.534375,0.389062,0.438281,0.467187,0.389062
110,80_010,0.521484,3.241275,0.600000,0.564063,0.436719,0.600000,0.659375,0.434375,0.564063,0.659375,0.434375,0.436719,0.434375,0.434375
110,80_011,0.469661,3.577124,0.455469,0.688281,0.411719,0.455469,0.443750,0.413281,0.688281,0.443750,0.405469,0.411719,0.413281,0.405469
110,80_100,0.533854,3.211783,0.553125,0.487500,0.630469,0.553125,0.497656,0.557031,0.487500,0.497656,0.477344,0.630469,0.557031,0.477344
110,80_101,0.493229,3.476312,0.385938,0.665625,0.539062,0.385938,0.385938,0.419531,0.665625,0.385938,0.563281,0.539062,0.419531,0.563281
110,80_110,0.545182,3.159451,0.512500,0.585938,0.606250,0.512500,0.482812,0.518750,0.585938,0.482812,0.564844,0.606250,0.518750,0.564844
110,80_codon,0.560677,3.083924,0.614062,0.648438,0.517969,0.614062,0.583594,0.515625,0.648438,0.583594,0.484375,0.517969,0.515625,0.484375
110,81,0.386458,3.868335,0.410156,0.380469,0.364062,0.410156,0.430469,0.396094,0.380469,0.430469,0.337500,0.364062,0.396094,0.337500
110,81_001,0.427604,3.822768,0.332812,0.398438,0.433594,0.332812,0.542188,0.392188,0.398438,0.542188,0.466406,0.433594,0.392188,0.466406
110,81_010,0.521354,3.235592,0.431250,0.465625,0.471875,0.431250,0.560937,0.539062,0.465625,0.560937,0.659375,0.471875,0.539062,0.659375
110,81_011,0.499219,3.419127,0.411719,0.390625,0.417188,0.411719,0.558594,0.580469,0.390625,0.558594,0.636719,0.417188,0.580469,0.636719
110,81_100,0.536589,3.205867,0.604688,0.541406,0.523438,0.604688,0.545312,0.508594,0.541406,0.545312,0.496094,0.523438,0.508594,0.496094
110,81_101,0.475000,3.504979,0.528906,0.443750,0.415625,0.528906,0.577344,0.469531,0.443750,0.577344,0.414844,0.415625,0.469531,0.414844
110,81_110,0.561198,3.099048,0.540625,0.532813,0.542188,0.540625,0.611719,0.572656,0.532813,0.611719,0.567187,0.542188,0.572656,0.567187
110,81_codon,0.530208,3.306491,0.505469,0.535156,0.603125,0.505469,0.478906,0.528125,0.535156,0.478906,0.530469,0.603125,0.528125,0.530469
110,82,0.409896,3.767433,0.398438,0.379687,0.361719,0.398438,0.479688,0.439844,0.379687,0.479688,0.400000,0.361719,0.439844,0.400000
110,82_001,0.420052,3.862950,0.309375,0.389062,0.454688,0.309375,0.521094,0.384375,0.389062,0.521094,0.461719,0.454688,0.384375,0.461719
110,82_010,0.515365,3.280188,0.565625,0.539844,0.458594,0.565625,0.653906,0.450000,0.539844,0.653906,0.424219,0.458594,0.450000,0.424219
110,82_011,0.462630,3.570295,0.469531,0.464063,0.392969,0.469531,0.654687,0.407031,0.464063,0.654687,0.387500,0.392969,0.407031,0.387500
110,82_100,0.525521,3.235537,0.428906,0.429688,0.446094,0.428906,0.596875,0.591406,0.429688,0.596875,0.660156,0.446094,0.591406,0.660156
110,82_101,0.446484,3.811210,0.424219,0.396875,0.505469,0.424219,0.576562,0.407031,0.396875,0.576562,0.368750,0.505469,0.407031,0.368750
110,82_110,0.561849,3.065032,0.572656,0.550000,0.598437,0.572656,0.582031,0.544531,0.550000,0.582031,0.523438,0.598437,0.544531,0.523438
110,82_codon,0.550130,3.159904,0.585156,0.652344,0.514844,0.585156,0.559375,0.496094,0.652344,0.559375,0.492969,0.514844,0.496094,0.492969
110,83,0.386719,3.831386,0.371094,0.424219,0.436719,0.371094,0.346094,0.350000,0.424219,0.346094,0.392188,0.436719,0.350000,0.392188
110,83_001,0.429688,3.823628,0.403125,0.350781,0.557031,0.403125,0.435156,0.444531,0.350781,0.435156,0.387500,0.557031,0.444531,0.387500
110,83_010,0.517318,3.276136,0.414844,0.435156,0.418750,0.414844,0.588281,0.660937,0.435156,0.588281,0.585938,0.418750,0.660937,0.585938
110,83_011,0.478516,3.564371,0.529687,0.385938,0.576562,0.529687,0.384375,0.593750,0.385938,0.384375,0.400781,0.576562,0.593750,0.400781
110,83_100,0.514062,3.286599,0.414062,0.607031,0.585156,0.414062,0.410937,0.422656,0.607031,0.410937,0.644531,0.585156,0.422656,0.644531
110,83_101,0.463151,3.617166,0.455469,0.554688,0.453125,0.455469,0.532813,0.344531,0.554688,0.532813,0.438281,0.453125,0.344531,0.438281
110,83_110,0.566016,3.068541,0.544531,0.587500,0.511719,0.544531,0.591406,0.614844,0.587500,0.591406,0.546094,0.511719,0.614844,0.546094
110,83_codon,0.523047,3.254849,0.538281,0.492969,0.689844,0.538281,0.427344,0.529687,0.492969,0.427344,0.460156,0.689844,0.529687,0.460156
110,84,0.380339,3.903788,0.310156,0.418750,0.387500,0.310156,0.319531,0.417188,0.418750,0.319531,0.428906,0.387500,0.417188,0.428906
110,84_001,0.427604,3.834709,0.535156,0.334375,0.414844,0.535156,0.385938,0.456250,0.334375,0.385938,0.439063,0.414844,0.456250,0.439063
110,84_010,0.521354,3.249929,0.566406,0.457812,0.635938,0.566406,0.460938,0.566406,0.457812,0.460938,0.440625,0.635938,0.566406,0.440625
110,84_011,0.502604,3.390921,0.563281,0.404687,0.693750,0.563281,0.398438,0.556250,0.404687,0.398438,0.399219,0.693750,0.556250,0.399219
110,84_100,0.528906,3.255606,0.566406,0.464063,0.564844,0.566406,0.463281,0.642969,0.464063,0.463281,0.471875,0.564844,0.642969,0.471875
110,84_101,0.488672,3.519338,0.637500,0.367188,0.568750,0.637500,0.382812,0.596094,0.367188,0.382812,0.379687,0.568750,0.596094,0.379687
110,84_110,0.550130,3.110516,0.591406,0.592969,0.509375,0.591406,0.591406,0.525781,0.592969,0.591406,0.489844,0.509375,0.525781,0.489844
110,84_codon,0.551302,3.173497,0.533594,0.581250,0.594531,0.533594,0.504687,0.546875,0.581250,0.504687,0.546875,0.594531,0.546875,0.546875
110,85,0.401302,3.810681,0.392969,0.407031,0.350000,0.392969,0.425781,0.410937,0.407031,0.425781,0.421094,0.350000,0.410937,0.421094
110,85_001,0.424609,3.869065,0.453906,0.380469,0.466406,0.453906,0.317969,0.396875,0.380469,0.317969,0.532031,0.466406,0.396875,0.532031
110,85_010,0.516667,3.281431,0.428906,0.571875,0.555469,0.428906,0.426562,0.425781,0.571875,0.426562,0.691406,0.555469,0.425781,0.691406
110,85_011,0.490104,3.495864,0.410937,0.383594,0.402344,0.410937,0.610938,0.573438,0.383594,0.610938,0.559375,0.402344,0.573438,0.559375
110,85_100,0.530859,3.243354,0.589063,0.639844,0.456250,0.589063,0.582031,0.457031,0.639844,0.582031,0.460938,0.456250,0.457031,0.460938
110,85_101,0.437630,3.807658,0.461719,0.575781,0.433594,0.461719,0.381250,0.426562,0.575781,0.381250,0.346875,0.433594,0.426562,0.346875
110,85_110,0.560937,3.099520,0.553906,0.532813,0.589063,0.553906,0.573438,0.568750,0.532813,0.573438,0.547656,0.589063,0.568750,0.547656
110,85_codon,0.554818,3.113921,0.597656,0.643750,0.504687,0.597656,0.578125,0.521875,0.643750,0.578125,0.482812,0.504687,0.521875,0.482812
110,86,0.396094,3.873830,0.417969,0.420312,0.380469,0.417969,0.409375,0.372656,0.420312,0.409375,0.375781,0.380469,0.372656,0.375781
110,86_001,0.430859,3.846325,0.535937,0.396094,0.318750,0.535937,0.492188,0.410937,0.396094,0.492188,0.431250,0.318750,0.410937,0.431250
110,86_010,0.535026,3.228523,0.460938,0.473437,0.464063,0.460938,0.572656,0.659375,0.473437,0.572656,0.579688,0.464063,0.659375,0.579688
110,86_011,0.456641,3.584508,0.407813,0.657031,0.422656,0.407813,0.421094,0.403125,0.657031,0.421094,0.428125,0.422656,0.403125,0.428125
110,86_100,0.529557,3.220259,0.564063,0.647656,0.478906,0.564063,0.548438,0.466406,0.647656,0.548438,0.471875,0.478906,0.466406,0.471875
110,86_101,0.431510,3.834937,0.385938,0.530469,0.331250,0.385938,0.473437,0.450000,0.530469,0.473437,0.417969,0.331250,0.450000,0.417969
110,86_110,0.557422,3.079508,0.589063,0.602344,0.471875,0.589063,0.633594,0.528125,0.602344,0.633594,0.519531,0.471875,0.528125,0.519531
110,86_codon,0.516536,3.399207,0.547656,0.578906,0.512500,0.547656,0.505469,0.474219,0.578906,0.505469,0.480469,0.512500,0.474219,0.480469
110,87,0.387630,3.880820,0.387500,0.350000,0.356250,0.387500,0.381250,0.440625,0.350000,0.381250,0.410156,0.356250,0.440625,0.410156
110,87_001,0.442448,3.758898,0.396875,0.437500,0.424219,0.396875,0.383594,0.592187,0.437500,0.383594,0.420312,0.424219,0.592187,0.420312
110,87_010,0.511589,3.310244,0.655469,0.580469,0.429688,0.655469,0.555469,0.428125,0.580469,0.555469,0.420312,0.429688,0.428125,0.420312
110,87_011,0.450260,3.702762,0.382031,0.453906,0.439844,0.382031,0.501563,0.453125,0.453906,0.501563,0.471094,0.439844,0.453125,0.471094
110,87_100,0.523047,3.278065,0.427344,0.437500,0.438281,0.427344,0.581250,0.670312,0.437500,0.581250,0.583594,0.438281,0.670312,0.583594
110,87_101,0.474609,3.598362,0.417969,0.480469,0.421094,0.417969,0.425000,0.674219,0.480469,0.425000,0.428906,0.421094,0.674219,0.428906
110,87_110,0.557292,3.109826,0.480469,0.488281,0.509375,0.480469,0.602344,0.631250,0.488281,0.602344,0.632031,0.509375,0.631250,0.632031
110,87_codon,0.537370,3.200331,0.541406,0.502344,0.642188,0.541406,0.477344,0.571094,0.502344,0.477344,0.489844,0.642188,0.571094,0.489844
110,88,0.386458,3.879676,0.377344,0.371875,0.392188,0.377344,0.390625,0.403125,0.371875,0.390625,0.383594,0.392188,0.403125,0.383594
110,88_001,0.431641,3.805720,0.325781,0.420312,0.411719,0.325781,0.454688,0.491406,0.420312,0.454688,0.485938,0.411719,0.491406,0.485938
110,88_010,0.514714,3.293784,0.430469,0.416406,0.422656,0.430469,0.571094,0.591406,0.416406,0.571094,0.656250,0.422656,0.591406,0.656250
110,88_011,0.481250,3.532729,0.366406,0.607031,0.527344,0.366406,0.392969,0.417969,0.607031,0.392969,0.575781,0.527344,0.417969,0.575781
110,88_100,0.520443,3.261922,0.640625,0.595313,0.434375,0.640625,0.593750,0.426562,0.595313,0.593750,0.432031,0.434375,0.426562,0.432031
110,88_101,0.447656,3.753155,0.421094,0.413281,0.630469,0.421094,0.446094,0.391406,0.413281,0.446094,0.383594,0.630469,0.391406,0.383594
110,88_110,0.544531,3.166892,0.544531,0.525000,0.499219,0.544531,0.583594,0.550000,0.525000,0.583594,0.564844,0.499219,0.550000,0.564844
110,88_codon,0.526563,3.230434,0.575000,0.621094,0.475000,0.575000,0.550781,0.457812,0.621094,0.550781,0.479688,0.475000,0.457812,0.479688
110,89,0.396484,3.833302,0.406250,0.441406,0.414844,0.406250,0.332031,0.407813,0.441406,0.332031,0.376563,0.414844,0.407813,0.376563
110,89_001,0.426823,3.891282,0.524219,0.420312,0.472656,0.524219,0.309375,0.367188,0.420312,0.309375,0.467187,0.472656,0.367188,0.467187
110,89_010,0.513151,3.288521,0.592187,0.424219,0.653906,0.592187,0.419531,0.571875,0.424219,0.419531,0.417188,0.653906,0.571875,0.417188
110,89_011,0.487109,3.469057,0.611719,0.401563,0.585156,0.611719,0.372656,0.525781,0.401563,0.372656,0.425781,0.585156,0.525781,0.425781
110,89_100,0.520052,3.264208,0.441406,0.439063,0.437500,0.441406,0.677344,0.571094,0.439063,0.677344,0.553906,0.437500,0.571094,0.553906
110,89_101,0.460807,3.678915,0.393750,0.454688,0.464063,0.393750,0.375000,0.632031,0.454688,0.375000,0.445312,0.464063,0.632031,0.445312
110,89_110,0.559245,3.076000,0.586719,0.499219,0.617969,0.586719,0.532813,0.602344,0.499219,0.532813,0.516406,0.617969,0.602344,0.516406
110,89_codon,0.524870,3.293879,0.489844,0.628906,0.553125,0.489844,0.455469,0.498437,0.628906,0.455469,0.523438,0.553125,0.498437,0.523438
110,8_001,0.422656,3.830411,0.533594,0.342969,0.399219,0.533594,0.378125,0.440625,0.342969,0.378125,0.441406,0.399219,0.440625,0.441406
110,8_010,0.529427,3.254510,0.443750,0.592969,0.583594,0.443750,0.451562,0.448438,0.592969,0.451562,0.656250,0.583594,0.448438,0.656250
110,8_011,0.479036,3.492213,0.529687,0.588281,0.410156,0.529687,0.581250,0.382812,0.588281,0.581250,0.382031,0.410156,0.382812,0.382031
110,8_100,0.517969,3.274222,0.428125,0.439063,0.438281,0.428125,0.664062,0.568750,0.439063,0.664062,0.569531,0.438281,0.568750,0.569531
110,8_101,0.496875,3.458208,0.551562,0.403906,0.596875,0.551562,0.414062,0.595313,0.403906,0.414062,0.419531,0.596875,0.595313,0.419531
110,8_110,0.565885,3.070501,0.536719,0.561719,0.545312,0.536719,0.559375,0.625781,0.561719,0.559375,0.566406,0.545312,0.625781,0.566406
110,8_codon,0.519010,3.255484,0.539062,0.589844,0.489844,0.539062,0.502344,0.478906,0.589844,0.502344,0.514062,0.489844,0.478906,0.514062
110,9,0.417708,3.727028,0.477344,0.411719,0.404687,0.477344,0.423438,0.425000,0.411719,0.423438,0.364062,0.404687,0.425000,0.364062
110,90,0.394661,3.853897,0.385938,0.328125,0.403906,0.385938,0.384375,0.417969,0.328125,0.384375,0.447656,0.403906,0.417969,0.447656
110,90_001,0.431120,3.824961,0.417188,0.450781,0.448438,0.417188,0.548438,0.346094,0.450781,0.548438,0.375781,0.448438,0.346094,0.375781
110,90_010,0.516667,3.278576,0.410156,0.403125,0.414844,0.410156,0.685937,0.593750,0.403125,0.685937,0.592187,0.414844,0.593750,0.592187
110,90_011,0.502995,3.411704,0.397656,0.406250,0.396094,0.397656,0.562500,0.685156,0.406250,0.562500,0.570312,0.396094,0.685156,0.570312
110,90_100,0.517578,3.268868,0.559375,0.554688,0.439063,0.559375,0.666406,0.443750,0.554688,0.666406,0.442187,0.439063,0.443750,0.442187
110,90_101,0.442057,3.827017,0.353906,0.447656,0.463281,0.353906,0.377344,0.521094,0.447656,0.377344,0.489062,0.463281,0.521094,0.489062
110,90_110,0.556641,3.093880,0.599219,0.535156,0.540625,0.599219,0.549219,0.553906,0.535156,0.549219,0.561719,0.540625,0.553906,0.561719
110,90_codon,0.546484,3.185995,0.478125,0.588281,0.638281,0.478125,0.486719,0.504687,0.588281,0.486719,0.582812,0.638281,0.504687,0.582812
110,91,0.401432,3.808586,0.365625,0.401563,0.394531,0.365625,0.369531,0.450781,0.401563,0.369531,0.426562,0.394531,0.450781,0.426562
110,91_001,0.416667,3.889455,0.403125,0.316406,0.453125,0.403125,0.509375,0.451562,0.316406,0.509375,0.366406,0.453125,0.451562,0.366406
110,91_010,0.528776,3.253465,0.446094,0.587500,0.636719,0.446094,0.462500,0.460156,0.587500,0.462500,0.579688,0.636719,0.460156,0.579688
110,91_011,0.472005,3.547496,0.563281,0.392969,0.549219,0.563281,0.388281,0.562500,0.392969,0.388281,0.375781,0.549219,0.562500,0.375781
110,91_100,0.532552,3.217187,0.510156,0.487500,0.515625,0.510156,0.514062,0.615625,0.487500,0.514062,0.552344,0.515625,0.615625,0.552344
110,91_101,0.495052,3.390162,0.442187,0.387500,0.432813,0.442187,0.536719,0.642969,0.387500,0.536719,0.528125,0.432813,0.642969,0.528125
110,91_110,0.561328,3.070425,0.525000,0.506250,0.474219,0.525000,0.655469,0.603906,0.506250,0.655469,0.603125,0.474219,0.603906,0.603125
110,91_codon,0.551823,3.096900,0.602344,0.584375,0.532813,0.602344,0.550000,0.498437,0.584375,0.550000,0.542969,0.532813,0.498437,0.542969
110,92,0.414323,3.741413,0.448438,0.415625,0.381250,0.448438,0.490625,0.377344,0.415625,0.490625,0.372656,0.381250,0.377344,0.372656
110,92_001,0.421875,3.874926,0.319531,0.517188,0.389844,0.319531,0.383594,0.465625,0.517188,0.383594,0.455469,0.389844,0.465625,0.455469
110,92_010,0.516667,3.276217,0.441406,0.668750,0.558594,0.441406,0.444531,0.429688,0.668750,0.444531,0.557031,0.558594,0.429688,0.557031
110,92_011,0.457292,3.699960,0.464844,0.434375,0.432031,0.464844,0.531250,0.472656,0.434375,0.531250,0.408594,0.432031,0.472656,0.408594
110,92_100,0.525000,3.231085,0.444531,0.441406,0.446094,0.444531,0.594531,0.642969,0.441406,0.594531,0.580469,0.446094,0.642969,0.580469
110,92_101,0.518359,3.413918,0.440625,0.479688,0.456250,0.440625,0.535156,0.646094,0.479688,0.535156,0.552344,0.456250,0.646094,0.552344
110,92_110,0.560677,3.076232,0.578125,0.548438,0.476562,0.578125,0.645312,0.563281,0.548438,0.645312,0.552344,0.476562,0.563281,0.552344
110,92_codon,0.557813,3.115185,0.655469,0.596094,0.495313,0.655469,0.599219,0.496875,0.596094,0.599219,0.503906,0.495313,0.496875,0.503906
110,93,0.399349,3.805244,0.392969,0.485938,0.423438,0.392969,0.329688,0.384375,0.485938,0.329688,0.379687,0.423438,0.384375,0.379687
110,93_001,0.422786,3.851409,0.428125,0.538281,0.406250,0.428125,0.375781,0.439844,0.538281,0.375781,0.348437,0.406250,0.439844,0.348437
110,93_010,0.521224,3.300163,0.454688,0.556250,0.550000,0.454688,0.451562,0.460938,0.556250,0.451562,0.653906,0.550000,0.460938,0.653906
110,93_011,0.493099,3.462234,0.589844,0.595313,0.385156,0.589844,0.581250,0.408594,0.595313,0.581250,0.398438,0.385156,0.408594,0.398438
110,93_100,0.536589,3.230510,0.571094,0.652344,0.487500,0.571094,0.573438,0.468750,0.652344,0.573438,0.466406,0.487500,0.468750,0.466406
110,93_101,0.486979,3.499827,0.506250,0.685156,0.442187,0.506250,0.482812,0.385938,0.685156,0.482812,0.419531,0.442187,0.385938,0.419531
110,93_110,0.561328,3.073540,0.524219,0.595313,0.532813,0.524219,0.562500,0.588281,0.595313,0.562500,0.564844,0.532813,0.588281,0.564844
110,93_codon,0.530208,3.281164,0.492188,0.568750,0.573438,0.492188,0.482031,0.500781,0.568750,0.482031,0.564063,0.573438,0.500781,0.564063
110,94,0.399740,3.792176,0.385938,0.448438,0.395312,0.385938,0.423438,0.371875,0.448438,0.423438,0.373437,0.395312,0.371875,0.373437
110,94_001,0.418229,3.865421,0.385938,0.514844,0.314063,0.385938,0.451562,0.461719,0.514844,0.451562,0.381250,0.314063,0.461719,0.381250
110,94_010,0.524479,3.243988,0.471875,0.572656,0.553125,0.471875,0.467187,0.450781,0.572656,0.467187,0.631250,0.553125,0.450781,0.631250
110,94_011,0.418359,3.845310,0.394531,0.431250,0.415625,0.394531,0.415625,0.375000,0.431250,0.415625,0.478125,0.415625,0.375000,0.478125
110,94_100,0.531120,3.193239,0.589063,0.654687,0.462500,0.589063,0.578125,0.460938,0.654687,0.578125,0.441406,0.462500,0.460938,0.441406
110,94_101,0.456250,3.776899,0.415625,0.494531,0.379687,0.415625,0.507031,0.465625,0.494531,0.507031,0.475000,0.379687,0.465625,0.475000
110,94_110,0.564583,3.084164,0.602344,0.645312,0.489062,0.602344,0.635938,0.510938,0.645312,0.635938,0.503906,0.489062,0.510938,0.503906
110,94_codon,0.527214,3.266576,0.560156,0.560937,0.535937,0.560156,0.512500,0.484375,0.560937,0.512500,0.509375,0.535937,0.484375,0.509375
110,95,0.377474,3.907084,0.339844,0.398438,0.369531,0.339844,0.400781,0.350781,0.398438,0.400781,0.405469,0.369531,0.350781,0.405469
110,95_001,0.428516,3.817663,0.394531,0.546094,0.445312,0.394531,0.344531,0.434375,0.546094,0.344531,0.406250,0.445312,0.434375,0.406250
110,95_010,0.510417,3.301537,0.427344,0.662500,0.571094,0.427344,0.425781,0.416406,0.662500,0.425781,0.559375,0.571094,0.416406,0.559375
110,95_011,0.439063,3.698657,0.485156,0.428906,0.471094,0.485156,0.408594,0.407031,0.428906,0.408594,0.433594,0.471094,0.407031,0.433594
110,95_100,0.514974,3.278982,0.552344,0.660937,0.442187,0.552344,0.572656,0.423438,0.660937,0.572656,0.438281,0.442187,0.423438,0.438281
110,95_101,0.501693,3.393601,0.558594,0.560156,0.393750,0.558594,0.710156,0.392969,0.560156,0.710156,0.394531,0.393750,0.392969,0.394531
110,95_110,0.553255,3.099032,0.579688,0.606250,0.542188,0.579688,0.563281,0.487500,0.606250,0.563281,0.540625,0.542188,0.487500,0.540625
110,95_codon,0.506771,3.302370,0.517969,0.542969,0.584375,0.517969,0.410937,0.521875,0.542969,0.410937,0.462500,0.584375,0.521875,0.462500
110,96,0.373437,3.899707,0.412500,0.349219,0.388281,0.412500,0.310937,0.396875,0.349219,0.310937,0.382812,0.388281,0.396875,0.382812
110,96_001,0.423307,3.869470,0.521094,0.437500,0.417188,0.521094,0.353906,0.346094,0.437500,0.353906,0.464063,0.417188,0.346094,0.464063
110,96_010,0.538672,3.192531,0.471875,0.602344,0.651563,0.471875,0.470313,0.451562,0.602344,0.470313,0.584375,0.651563,0.451562,0.584375
110,96_011,0.457422,3.638875,0.435937,0.467969,0.604688,0.435937,0.433594,0.403906,0.467969,0.433594,0.398438,0.604688,0.403906,0.398438
110,96_100,0.524089,3.243616,0.535156,0.445312,0.529687,0.535156,0.484375,0.670312,0.445312,0.484375,0.479688,0.529687,0.670312,0.479688
110,96_101,0.497917,3.425335,0.593750,0.418750,0.593750,0.593750,0.407813,0.600781,0.418750,0.407813,0.372656,0.593750,0.600781,0.372656
110,96_110,0.560156,3.107128,0.520312,0.552344,0.578906,0.520312,0.607031,0.535937,0.552344,0.607031,0.566406,0.578906,0.535937,0.566406
110,96_codon,0.538672,3.167601,0.494531,0.688281,0.533594,0.494531,0.493750,0.489062,0.688281,0.493750,0.532813,0.533594,0.489062,0.532813
110,97,0.394010,3.835221,0.429688,0.416406,0.367969,0.429688,0.397656,0.353125,0.416406,0.397656,0.399219,0.367969,0.353125,0.399219
110,97_001,0.428255,3.888716,0.317187,0.388281,0.517188,0.317187,0.456250,0.409375,0.388281,0.456250,0.481250,0.517188,0.409375,0.481250
110,97_010,0.525781,3.276518,0.453906,0.574219,0.625000,0.453906,0.467187,0.452344,0.574219,0.467187,0.582031,0.625000,0.452344,0.582031
110,97_011,0.469661,3.541273,0.396094,0.666406,0.467969,0.396094,0.394531,0.424219,0.666406,0.394531,0.468750,0.467969,0.424219,0.468750
110,97_100,0.532161,3.238841,0.580469,0.583594,0.476562,0.580469,0.632812,0.454688,0.583594,0.632812,0.464844,0.476562,0.454688,0.464844
110,97_101,0.448698,3.746349,0.446094,0.354688,0.468750,0.446094,0.534375,0.489844,0.354688,0.534375,0.398438,0.468750,0.489844,0.398438
110,97_110,0.561719,3.099483,0.512500,0.657031,0.601562,0.512500,0.510156,0.470313,0.657031,0.510156,0.618750,0.601562,0.470313,0.618750
110,97_codon,0.551562,3.176795,0.479688,0.668750,0.589844,0.479688,0.484375,0.496094,0.668750,0.484375,0.590625,0.589844,0.496094,0.590625
110,98,0.393099,3.823921,0.395312,0.403906,0.383594,0.395312,0.412500,0.360156,0.403906,0.412500,0.403125,0.383594,0.360156,0.403125
110,98_001,0.447917,3.752037,0.433594,0.612500,0.360938,0.433594,0.461719,0.428906,0.612500,0.461719,0.389844,0.360938,0.428906,0.389844
110,98_010,0.468880,3.500749,0.581250,0.388281,0.475000,0.581250,0.440625,0.517188,0.388281,0.440625,0.410937,0.475000,0.517188,0.410937
110,98_011,0.463151,3.586751,0.449219,0.382031,0.682813,0.449219,0.387500,0.472656,0.382031,0.387500,0.404687,0.682813,0.472656,0.404687
110,98_100,0.521484,3.252623,0.434375,0.427344,0.432031,0.434375,0.684375,0.571094,0.427344,0.684375,0.579688,0.432031,0.571094,0.579688
110,98_101,0.455469,3.780941,0.457812,0.374219,0.391406,0.457812,0.406250,0.422656,0.374219,0.406250,0.680469,0.391406,0.422656,0.680469
110,98_110,0.520573,3.321097,0.463281,0.491406,0.492188,0.463281,0.561719,0.539844,0.491406,0.561719,0.575000,0.492188,0.539844,0.575000
110,98_codon,0.508594,3.357853,0.514062,0.567969,0.518750,0.514062,0.475000,0.485938,0.567969,0.475000,0.489844,0.518750,0.485938,0.489844
110,99,0.388281,3.855688,0.360156,0.410937,0.391406,0.360156,0.427344,0.368750,0.410937,0.427344,0.371094,0.391406,0.368750,0.371094
110,99_001,0.434375,3.800374,0.457812,0.550000,0.394531,0.457812,0.417969,0.431250,0.550000,0.417969,0.354688,0.394531,0.431250,0.354688
110,99_010,0.514714,3.289491,0.441406,0.667188,0.545312,0.441406,0.435156,0.433594,0.667188,0.435156,0.565625,0.545312,0.433594,0.565625
110,99_011,0.489583,3.483837,0.373437,0.659375,0.574219,0.373437,0.375000,0.387500,0.659375,0.375000,0.567969,0.574219,0.387500,0.567969
110,99_100,0.542839,3.197195,0.475000,0.481250,0.466406,0.475000,0.599219,0.638281,0.481250,0.599219,0.596875,0.466406,0.638281,0.596875
110,99_101,0.487891,3.437389,0.404687,0.435156,0.563281,0.404687,0.529687,0.475000,0.435156,0.529687,0.519531,0.563281,0.475000,0.519531
110,99_110,0.550260,3.111907,0.572656,0.655469,0.517188,0.572656,0.559375,0.471875,0.655469,0.559375,0.525000,0.517188,0.471875,0.525000
110,99_codon,0.514323,3.359315,0.383594,0.640625,0.653906,0.383594,0.396875,0.396875,0.640625,0.396875,0.614062,0.653906,0.396875,0.614062
110,9_001,0.436719,3.811934,0.342187,0.410156,0.432813,0.342187,0.560937,0.403125,0.410156,0.560937,0.471094,0.432813,0.403125,0.471094
110,9_010,0.508984,3.307021,0.549219,0.431250,0.642188,0.549219,0.432813,0.543750,0.431250,0.432813,0.454688,0.642188,0.543750,0.454688
110,9_011,0.461458,3.614646,0.498437,0.392188,0.528906,0.498437,0.436719,0.532031,0.392188,0.436719,0.380469,0.528906,0.532031,0.380469
110,9_100,0.536719,3.230184,0.573438,0.641406,0.473437,0.573438,0.560937,0.485938,0.641406,0.560937,0.485156,0.473437,0.485938,0.485156
110,9_101,0.464193,3.583332,0.491406,0.438281,0.434375,0.491406,0.649219,0.410937,0.438281,0.649219,0.360938,0.434375,0.410937,0.360938
110,9_110,0.560286,3.089390,0.652344,0.562500,0.560937,0.652344,0.568750,0.538281,0.562500,0.568750,0.478906,0.560937,0.538281,0.478906
110,9_codon,0.533073,3.212369,0.519531,0.523438,0.612500,0.519531,0.479688,0.553125,0.523438,0.479688,0.510156,0.612500,0.553125,0.510156
110,k3_alphabetical,0.515625,3.380157,0.403125,0.403125,0.403125,0.403125,0.584375,0.584375,0.403125,0.584375,0.715625,0.403125,0.584375,0.715625
codon,0,0.371745,4.016932,0.362500,0.353125,0.393750,0.362500,0.329688,0.424219,0.353125,0.329688,0.367188,0.393750,0.424219,0.367188
codon,0_001,0.393359,4.087134,0.442187,0.385156,0.307813,0.442187,0.418750,0.391406,0.385156,0.418750,0.414844,0.307813,0.391406,0.414844
codon,0_010,0.491927,3.372411,0.451562,0.526563,0.606250,0.451562,0.434375,0.441406,0.526563,0.434375,0.491406,0.606250,0.441406,0.491406
codon,0_011,0.437760,3.733653,0.485938,0.486719,0.482031,0.485938,0.402344,0.370313,0.486719,0.402344,0.399219,0.482031,0.370313,0.399219
codon,0_100,0.459245,3.634616,0.405469,0.393750,0.382031,0.405469,0.534375,0.578125,0.393750,0.534375,0.461719,0.382031,0.578125,0.461719
codon,0_101,0.450521,3.674609,0.357812,0.371875,0.345313,0.357812,0.500000,0.653906,0.371875,0.500000,0.474219,0.345313,0.653906,0.474219
codon,0_110,0.508984,3.353793,0.470313,0.551562,0.515625,0.470313,0.504687,0.495313,0.551562,0.504687,0.516406,0.515625,0.495313,0.516406
codon,0_codon,0.533073,3.167924,0.478125,0.557031,0.588281,0.478125,0.487500,0.514844,0.557031,0.487500,0.572656,0.588281,0.514844,0.572656
codon,1,0.366406,3.984359,0.339844,0.395312,0.369531,0.339844,0.352344,0.398438,0.395312,0.352344,0.342969,0.369531,0.398438,0.342969
codon,10,0.357812,4.155772,0.353125,0.373437,0.332031,0.353125,0.300781,0.414844,0.373437,0.300781,0.372656,0.332031,0.414844,0.372656
codon,10_001,0.414844,3.902697,0.413281,0.464063,0.336719,0.413281,0.398438,0.549219,0.464063,0.398438,0.327344,0.336719,0.549219,0.327344
codon,10_010,0.463151,3.468374,0.511719,0.417969,0.445312,0.511719,0.378125,0.657813,0.417969,0.378125,0.367969,0.445312,0.657813,0.367969
codon,10_011,0.461458,3.474513,0.509375,0.414844,0.593750,0.509375,0.396094,0.472656,0.414844,0.396094,0.382031,0.593750,0.472656,0.382031
codon,10_100,0.492708,3.549191,0.428125,0.559375,0.567969,0.428125,0.428125,0.477344,0.559375,0.428125,0.495313,0.567969,0.477344,0.495313
codon,10_101,0.421094,3.963713,0.377344,0.411719,0.411719,0.377344,0.378906,0.436719,0.411719,0.378906,0.510156,0.411719,0.436719,0.510156
codon,10_110,0.488802,3.414128,0.529687,0.500781,0.462500,0.529687,0.424219,0.624219,0.500781,0.424219,0.391406,0.462500,0.624219,0.391406
codon,10_codon,0.545182,3.207143,0.546875,0.564844,0.585156,0.546875,0.470313,0.604688,0.564844,0.470313,0.499219,0.585156,0.604688,0.499219
codon,11,0.388021,3.827970,0.402344,0.370313,0.421875,0.402344,0.321094,0.430469,0.370313,0.321094,0.382031,0.421875,0.430469,0.382031
codon,11_001,0.407552,4.021866,0.428125,0.400781,0.441406,0.428125,0.312500,0.405469,0.400781,0.312500,0.457031,0.441406,0.405469,0.457031
codon,11_010,0.480859,3.482822,0.595313,0.425000,0.491406,0.595313,0.397656,0.572656,0.425000,0.397656,0.403125,0.491406,0.572656,0.403125
codon,11_011,0.444661,3.670072,0.600000,0.378125,0.396094,0.600000,0.389844,0.502344,0.378125,0.389844,0.401563,0.396094,0.502344,0.401563
codon,11_100,0.479688,3.458688,0.447656,0.417188,0.393750,0.447656,0.489062,0.589063,0.417188,0.489062,0.541406,0.393750,0.589063,0.541406
codon,11_101,0.416667,3.882151,0.337500,0.387500,0.400781,0.337500,0.448438,0.489062,0.387500,0.448438,0.436719,0.400781,0.489062,0.436719
codon,11_110,0.508464,3.221956,0.523438,0.490625,0.532031,0.523438,0.482031,0.560937,0.490625,0.482031,0.461719,0.532031,0.560937,0.461719
codon,11_codon,0.510156,3.098131,0.626563,0.450000,0.528125,0.626563,0.439063,0.584375,0.450000,0.439063,0.432813,0.528125,0.584375,0.432813
codon,12,0.369661,4.094653,0.316406,0.378906,0.382812,0.316406,0.328906,0.418750,0.378906,0.328906,0.392188,0.382812,0.418750,0.392188
codon,12_001,0.402214,3.908722,0.318750,0.459375,0.414062,0.318750,0.294531,0.517969,0.459375,0.294531,0.408594,0.414062,0.517969,0.408594
codon,12_010,0.472396,3.480373,0.500000,0.448438,0.468750,0.500000,0.399219,0.634375,0.448438,0.399219,0.383594,0.468750,0.634375,0.383594
codon,12_011,0.414844,4.020621,0.336719,0.467969,0.402344,0.336719,0.339063,0.547656,0.467969,0.339063,0.395312,0.402344,0.547656,0.395312
codon,12_100,0.496094,3.490282,0.542188,0.437500,0.493750,0.542188,0.448438,0.608594,0.437500,0.448438,0.446094,0.493750,0.608594,0.446094
codon,12_101,0.407943,3.970520,0.314844,0.443750,0.409375,0.314844,0.322656,0.540625,0.443750,0.322656,0.416406,0.409375,0.540625,0.416406
codon,12_110,0.481641,3.557910,0.427344,0.584375,0.430469,0.427344,0.429688,0.576562,0.584375,0.429688,0.441406,0.430469,0.576562,0.441406
codon,12_codon,0.497266,3.296439,0.514062,0.510938,0.541406,0.514062,0.404687,0.546094,0.510938,0.404687,0.466406,0.541406,0.546094,0.466406
codon,13,0.381901,3.852195,0.372656,0.354688,0.366406,0.372656,0.346094,0.478125,0.354688,0.346094,0.373437,0.366406,0.478125,0.373437
codon,13_001,0.420443,3.896304,0.371875,0.465625,0.418750,0.371875,0.328906,0.544531,0.465625,0.328906,0.392969,0.418750,0.544531,0.392969
codon,13_010,0.506120,3.194121,0.576562,0.449219,0.538281,0.576562,0.442969,0.606250,0.449219,0.442969,0.423438,0.538281,0.606250,0.423438
codon,13_011,0.449479,3.726103,0.485938,0.416406,0.466406,0.485938,0.345313,0.609375,0.416406,0.345313,0.373437,0.466406,0.609375,0.373437
codon,13_100,0.463672,3.441436,0.457812,0.479688,0.355469,0.457812,0.525000,0.514062,0.479688,0.525000,0.450000,0.355469,0.514062,0.450000
codon,13_101,0.441016,3.718890,0.330469,0.381250,0.379687,0.330469,0.458594,0.596094,0.381250,0.458594,0.500000,0.379687,0.596094,0.500000
codon,13_110,0.498958,3.361340,0.555469,0.420312,0.475000,0.555469,0.484375,0.625000,0.420312,0.484375,0.433594,0.475000,0.625000,0.433594
codon,13_codon,0.508724,3.244547,0.568750,0.443750,0.548438,0.568750,0.428125,0.599219,0.443750,0.428125,0.464063,0.548438,0.599219,0.464063
codon,14,0.369661,3.963727,0.397656,0.383594,0.353906,0.397656,0.362500,0.384375,0.383594,0.362500,0.335938,0.353906,0.384375,0.335938
codon,14_001,0.412370,3.963692,0.447656,0.465625,0.435156,0.447656,0.444531,0.328125,0.465625,0.444531,0.353125,0.435156,0.328125,0.353125
codon,14_010,0.491667,3.270527,0.518750,0.421875,0.625781,0.518750,0.401563,0.557031,0.421875,0.401563,0.425000,0.625781,0.557031,0.425000
codon,14_011,0.457943,3.460731,0.480469,0.432031,0.604688,0.480469,0.392969,0.443750,0.432031,0.392969,0.393750,0.604688,0.443750,0.393750
codon,14_100,0.456901,3.508897,0.412500,0.419531,0.370313,0.412500,0.507812,0.582031,0.419531,0.507812,0.449219,0.370313,0.582031,0.449219
codon,14_101,0.414714,4.041346,0.459375,0.422656,0.339844,0.459375,0.419531,0.407813,0.422656,0.419531,0.439063,0.339844,0.407813,0.439063
codon,14_110,0.470964,3.669693,0.467187,0.431250,0.475000,0.467187,0.434375,0.575000,0.431250,0.434375,0.442969,0.475000,0.575000,0.442969
codon,14_codon,0.544401,3.156802,0.533594,0.553125,0.608594,0.533594,0.475781,0.556250,0.553125,0.475781,0.539062,0.608594,0.556250,0.539062
codon,15,0.370573,4.024416,0.373437,0.320312,0.421875,0.373437,0.323438,0.454688,0.320312,0.323438,0.329688,0.421875,0.454688,0.329688
codon,15_001,0.413151,3.844480,0.403906,0.445312,0.340625,0.403906,0.392188,0.569531,0.445312,0.392188,0.327344,0.340625,0.569531,0.327344
codon,15_010,0.486849,3.534345,0.439844,0.571094,0.523438,0.439844,0.410937,0.433594,0.571094,0.410937,0.542188,0.523438,0.433594,0.542188
codon,15_011,0.421094,4.011668,0.360156,0.378906,0.327344,0.360156,0.434375,0.581250,0.378906,0.434375,0.444531,0.327344,0.581250,0.444531
codon,15_100,0.482292,3.511177,0.520312,0.425000,0.543750,0.520312,0.374219,0.651563,0.425000,0.374219,0.378906,0.543750,0.651563,0.378906
codon,15_101,0.434896,3.906894,0.498437,0.428906,0.455469,0.498437,0.403125,0.514062,0.428906,0.403125,0.309375,0.455469,0.514062,0.309375
codon,15_110,0.512109,3.437545,0.568750,0.468750,0.547656,0.568750,0.432813,0.628906,0.468750,0.432813,0.425781,0.547656,0.628906,0.425781
codon,15_codon,0.544141,3.201929,0.489062,0.610938,0.608594,0.489062,0.468750,0.529687,0.610938,0.468750,0.557813,0.608594,0.529687,0.557813
codon,16,0.378255,3.847102,0.358594,0.362500,0.379687,0.358594,0.358594,0.407813,0.362500,0.358594,0.402344,0.379687,0.407813,0.402344
codon,16_001,0.427865,3.793065,0.352344,0.394531,0.467187,0.352344,0.462500,0.437500,0.394531,0.462500,0.453125,0.467187,0.437500,0.453125
codon,16_010,0.473958,3.481883,0.668750,0.387500,0.477344,0.668750,0.375000,0.589844,0.387500,0.375000,0.345313,0.477344,0.589844,0.345313
codon,16_011,0.466406,3.574813,0.416406,0.542188,0.545312,0.416406,0.386719,0.393750,0.542188,0.386719,0.514062,0.545312,0.393750,0.514062
codon,16_100,0.482292,3.524044,0.513281,0.424219,0.514844,0.513281,0.382812,0.670312,0.424219,0.382812,0.388281,0.514844,0.670312,0.388281
codon,16_101,0.467839,3.695005,0.484375,0.391406,0.596094,0.484375,0.399219,0.550781,0.391406,0.399219,0.385156,0.596094,0.550781,0.385156
codon,16_110,0.507943,3.285610,0.467969,0.489062,0.533594,0.467969,0.510156,0.549219,0.489062,0.510156,0.497656,0.533594,0.549219,0.497656
codon,16_codon,0.527865,3.140827,0.592969,0.573438,0.476562,0.592969,0.533594,0.521094,0.573438,0.533594,0.469531,0.476562,0.521094,0.469531
codon,17,0.364974,4.062576,0.374219,0.389062,0.342969,0.374219,0.341406,0.346094,0.389062,0.341406,0.396094,0.342969,0.346094,0.396094
codon,17_001,0.435026,3.724528,0.387500,0.471094,0.514844,0.387500,0.425781,0.382031,0.471094,0.425781,0.428906,0.514844,0.382031,0.428906
codon,17_010,0.441276,3.826633,0.354688,0.407031,0.348437,0.354688,0.500000,0.600000,0.407031,0.500000,0.437500,0.348437,0.600000,0.437500
codon,17_011,0.455859,3.548674,0.482812,0.404687,0.428125,0.482812,0.394531,0.650781,0.404687,0.394531,0.374219,0.428125,0.650781,0.374219
codon,17_100,0.475000,3.535694,0.383594,0.557031,0.553906,0.383594,0.380469,0.464063,0.557031,0.380469,0.510938,0.553906,0.464063,0.510938
codon,17_101,0.438932,3.729707,0.360156,0.467969,0.450781,0.360156,0.457812,0.439844,0.467969,0.457812,0.457031,0.450781,0.439844,0.457031
codon,17_110,0.490625,3.501902,0.570312,0.432031,0.513281,0.570312,0.440625,0.592969,0.432031,0.440625,0.394531,0.513281,0.592969,0.394531
codon,17_codon,0.522266,3.224660,0.482812,0.615625,0.538281,0.482812,0.439844,0.586719,0.615625,0.439844,0.470313,0.538281,0.586719,0.470313
codon,18,0.380208,4.038862,0.345313,0.385938,0.353906,0.345313,0.364062,0.461719,0.385938,0.364062,0.370313,0.353906,0.461719,0.370313
codon,18_001,0.386458,4.119498,0.412500,0.425781,0.376563,0.412500,0.322656,0.340625,0.425781,0.322656,0.440625,0.376563,0.340625,0.440625
codon,18_010,0.443750,3.821074,0.359375,0.440625,0.342969,0.359375,0.524219,0.565625,0.440625,0.524219,0.429688,0.342969,0.565625,0.429688
codon,18_011,0.416536,3.973303,0.392969,0.398438,0.367188,0.392969,0.396094,0.562500,0.398438,0.396094,0.382031,0.367188,0.562500,0.382031
codon,18_100,0.497526,3.311939,0.447656,0.648438,0.473437,0.447656,0.436719,0.523438,0.648438,0.436719,0.455469,0.473437,0.523438,0.455469
codon,18_101,0.414453,3.987259,0.391406,0.449219,0.441406,0.391406,0.325781,0.503906,0.449219,0.325781,0.375000,0.441406,0.503906,0.375000
codon,18_110,0.456901,3.690475,0.360938,0.481250,0.366406,0.360938,0.485156,0.586719,0.481250,0.485156,0.460938,0.366406,0.586719,0.460938
codon,18_codon,0.511979,3.302907,0.552344,0.554688,0.471875,0.552344,0.495313,0.588281,0.554688,0.495313,0.409375,0.471875,0.588281,0.409375
codon,19,0.367188,4.114656,0.305469,0.387500,0.336719,0.305469,0.364844,0.387500,0.387500,0.364844,0.421094,0.336719,0.387500,0.421094
codon,19_001,0.404557,3.901321,0.388281,0.453906,0.323438,0.388281,0.385156,0.552344,0.453906,0.385156,0.324219,0.323438,0.552344,0.324219
codon,19_010,0.436068,3.872527,0.353125,0.406250,0.329688,0.353125,0.455469,0.582031,0.406250,0.455469,0.489844,0.329688,0.582031,0.489844
codon,19_011,0.430078,3.925458,0.391406,0.403125,0.381250,0.391406,0.384375,0.463281,0.403125,0.384375,0.557031,0.381250,0.463281,0.557031
codon,19_100,0.455208,3.554500,0.507812,0.638281,0.341406,0.507812,0.488281,0.425000,0.638281,0.488281,0.330469,0.341406,0.425000,0.330469
codon,19_101,0.391667,4.101499,0.350781,0.393750,0.426562,0.350781,0.410156,0.391406,0.393750,0.410156,0.377344,0.426562,0.391406,0.377344
codon,19_110,0.480339,3.658229,0.485156,0.605469,0.400000,0.485156,0.495313,0.485938,0.605469,0.495313,0.410156,0.400000,0.485938,0.410156
codon,19_codon,0.512500,3.273526,0.517969,0.621094,0.492969,0.517969,0.483594,0.475781,0.621094,0.483594,0.483594,0.492969,0.475781,0.483594
codon,1_001,0.427995,3.793770,0.405469,0.339063,0.489062,0.405469,0.446094,0.500000,0.339063,0.446094,0.388281,0.489062,0.500000,0.388281
codon,1_010,0.482161,3.307785,0.564844,0.393750,0.596094,0.564844,0.382031,0.568750,0.393750,0.382031,0.387500,0.596094,0.568750,0.387500
codon,1_011,0.450391,3.614535,0.518750,0.398438,0.544531,0.518750,0.403906,0.469531,0.398438,0.403906,0.367188,0.544531,0.469531,0.367188
codon,1_100,0.500651,3.373511,0.511719,0.532813,0.514062,0.511719,0.447656,0.465625,0.532813,0.447656,0.532031,0.514062,0.465625,0.532031
codon,1_101,0.461458,3.623502,0.368750,0.492188,0.404687,0.368750,0.469531,0.521875,0.492188,0.469531,0.511719,0.404687,0.521875,0.511719
codon,1_110,0.514323,3.135942,0.596094,0.479688,0.532031,0.596094,0.459375,0.601562,0.479688,0.459375,0.417188,0.532031,0.601562,0.417188
codon,1_codon,0.526302,3.054660,0.502344,0.509375,0.566406,0.502344,0.472656,0.582812,0.509375,0.472656,0.524219,0.566406,0.582812,0.524219
codon,2,0.360026,4.142316,0.373437,0.392969,0.353125,0.373437,0.335156,0.382031,0.392969,0.335156,0.323438,0.353125,0.382031,0.323438
codon,20,0.401432,3.862431,0.410156,0.422656,0.421094,0.410156,0.369531,0.389062,0.422656,0.369531,0.396094,0.421094,0.389062,0.396094
codon,20_001,0.419141,3.883263,0.485156,0.349219,0.363281,0.485156,0.375000,0.483594,0.349219,0.375000,0.458594,0.363281,0.483594,0.458594
codon,20_010,0.498958,3.343014,0.553125,0.615625,0.429688,0.553125,0.510156,0.469531,0.615625,0.510156,0.415625,0.429688,0.469531,0.415625
codon,20_011,0.457552,3.538703,0.568750,0.455469,0.377344,0.568750,0.467187,0.472656,0.455469,0.467187,0.403906,0.377344,0.472656,0.403906
codon,20_100,0.475260,3.607172,0.417188,0.542188,0.539844,0.417188,0.399219,0.453906,0.542188,0.399219,0.499219,0.539844,0.453906,0.499219
codon,20_101,0.424870,3.918720,0.360156,0.457031,0.450000,0.360156,0.328906,0.532813,0.457031,0.328906,0.420312,0.450000,0.532813,0.420312
codon,20_110,0.521484,3.174383,0.601562,0.503906,0.464063,0.601562,0.536719,0.550000,0.503906,0.536719,0.472656,0.464063,0.550000,0.472656
codon,20_codon,0.542708,3.071146,0.631250,0.607812,0.482812,0.631250,0.550000,0.522656,0.607812,0.550000,0.461719,0.482812,0.522656,0.461719
codon,21,0.392578,3.903227,0.477344,0.417969,0.339844,0.477344,0.402344,0.407031,0.417969,0.402344,0.310937,0.339844,0.407031,0.310937
codon,21_001,0.417839,3.863852,0.480469,0.427344,0.371875,0.480469,0.381250,0.407031,0.427344,0.381250,0.439063,0.371875,0.407031,0.439063
codon,21_010,0.515495,3.298394,0.589063,0.625781,0.421875,0.589063,0.548438,0.500781,0.625781,0.548438,0.407031,0.421875,0.500781,0.407031
codon,21_011,0.461328,3.578629,0.540625,0.549219,0.385156,0.540625,0.502344,0.453125,0.549219,0.502344,0.337500,0.385156,0.453125,0.337500
codon,21_100,0.491797,3.435246,0.413281,0.650781,0.466406,0.413281,0.417188,0.528906,0.650781,0.417188,0.474219,0.466406,0.528906,0.474219
codon,21_101,0.434896,3.814059,0.364844,0.405469,0.433594,0.364844,0.403125,0.578906,0.405469,0.403125,0.423438,0.433594,0.578906,0.423438
codon,21_110,0.536589,3.232476,0.557031,0.551562,0.513281,0.557031,0.509375,0.610938,0.551562,0.509375,0.477344,0.513281,0.610938,0.477344
codon,21_codon,0.539062,3.161916,0.606250,0.603906,0.478125,0.606250,0.564063,0.534375,0.603906,0.564063,0.447656,0.478125,0.534375,0.447656
codon,22,0.377083,4.059876,0.430469,0.339844,0.392969,0.430469,0.359375,0.430469,0.339844,0.359375,0.309375,0.392969,0.430469,0.309375
codon,22_001,0.382943,4.215056,0.414062,0.275000,0.416406,0.414062,0.342187,0.529687,0.275000,0.342187,0.320312,0.416406,0.529687,0.320312
codon,22_010,0.518750,3.262447,0.576562,0.610938,0.451562,0.576562,0.548438,0.497656,0.610938,0.548438,0.427344,0.451562,0.497656,0.427344
codon,22_011,0.453776,3.578622,0.399219,0.548438,0.529687,0.399219,0.392969,0.430469,0.548438,0.392969,0.421875,0.529687,0.430469,0.421875
codon,22_100,0.473568,3.559188,0.415625,0.421875,0.414062,0.415625,0.483594,0.628125,0.421875,0.483594,0.478125,0.414062,0.628125,0.478125
codon,22_101,0.428125,3.866222,0.343750,0.371094,0.427344,0.343750,0.442969,0.532031,0.371094,0.442969,0.451562,0.427344,0.532031,0.451562
codon,22_110,0.485286,3.452949,0.510156,0.485156,0.421875,0.510156,0.517188,0.538281,0.485156,0.517188,0.439063,0.421875,0.538281,0.439063
codon,22_codon,0.518620,3.098195,0.506250,0.665625,0.496094,0.506250,0.475781,0.485938,0.665625,0.475781,0.482031,0.496094,0.485938,0.482031
codon,23,0.364453,4.058147,0.367969,0.350781,0.371094,0.367969,0.328125,0.439063,0.350781,0.328125,0.329688,0.371094,0.439063,0.329688
codon,23_001,0.441536,3.686164,0.404687,0.539844,0.435937,0.404687,0.357031,0.498437,0.539844,0.357031,0.413281,0.435937,0.498437,0.413281
codon,23_010,0.442708,3.837243,0.364062,0.380469,0.350000,0.364062,0.511719,0.606250,0.380469,0.511719,0.443750,0.350000,0.606250,0.443750
codon,23_011,0.454948,3.536442,0.650000,0.409375,0.415625,0.650000,0.395312,0.488281,0.409375,0.395312,0.371094,0.415625,0.488281,0.371094
codon,23_100,0.478906,3.582228,0.525000,0.419531,0.526563,0.525000,0.382812,0.636719,0.419531,0.382812,0.382812,0.526563,0.636719,0.382812
codon,23_101,0.382422,4.234880,0.316406,0.433594,0.418750,0.316406,0.378125,0.360156,0.433594,0.378125,0.387500,0.418750,0.360156,0.387500
codon,23_110,0.495964,3.542749,0.528906,0.513281,0.526563,0.528906,0.457812,0.522656,0.513281,0.457812,0.426562,0.526563,0.522656,0.426562
codon,23_codon,0.523568,3.184532,0.565625,0.524219,0.491406,0.565625,0.497656,0.545312,0.524219,0.497656,0.517188,0.491406,0.545312,0.517188
codon,24,0.390365,3.898343,0.379687,0.434375,0.346875,0.379687,0.385938,0.477344,0.434375,0.385938,0.317969,0.346875,0.477344,0.317969
codon,24_001,0.437760,3.764875,0.371875,0.414062,0.512500,0.371875,0.448438,0.432031,0.414062,0.448438,0.447656,0.512500,0.432031,0.447656
codon,24_010,0.444010,3.813402,0.345313,0.407031,0.363281,0.345313,0.498437,0.604688,0.407031,0.498437,0.445312,0.363281,0.604688,0.445312
codon,24_011,0.422005,4.035226,0.418750,0.396875,0.435937,0.418750,0.361719,0.468750,0.396875,0.361719,0.450000,0.435937,0.468750,0.450000
codon,24_100,0.484896,3.533930,0.521094,0.417188,0.516406,0.521094,0.389062,0.684375,0.417188,0.389062,0.381250,0.516406,0.684375,0.381250
codon,24_101,0.452734,3.767725,0.532031,0.407813,0.432813,0.532031,0.404687,0.539844,0.407813,0.404687,0.399219,0.432813,0.539844,0.399219
codon,24_110,0.508073,3.423581,0.539844,0.474219,0.521094,0.539844,0.460938,0.620313,0.474219,0.460938,0.432031,0.521094,0.620313,0.432031
codon,24_codon,0.533203,3.150132,0.586719,0.595313,0.494531,0.586719,0.528906,0.531250,0.595313,0.528906,0.462500,0.494531,0.531250,0.462500
codon,25,0.370443,4.052964,0.388281,0.423438,0.351562,0.388281,0.335156,0.371094,0.423438,0.335156,0.353125,0.351562,0.371094,0.353125
codon,25_001,0.414323,3.953105,0.446875,0.408594,0.456250,0.446875,0.327344,0.407813,0.408594,0.327344,0.439063,0.456250,0.407813,0.439063
codon,25_010,0.497786,3.356974,0.558594,0.643750,0.403125,0.558594,0.519531,0.475000,0.643750,0.519531,0.386719,0.403125,0.475000,0.386719
codon,25_011,0.423828,3.975618,0.419531,0.435937,0.425000,0.419531,0.478125,0.415625,0.435937,0.478125,0.368750,0.425000,0.415625,0.368750
codon,25_100,0.490755,3.521580,0.545312,0.419531,0.527344,0.545312,0.402344,0.653125,0.419531,0.402344,0.396875,0.527344,0.653125,0.396875
codon,25_101,0.402474,4.098847,0.335156,0.407813,0.426562,0.335156,0.354688,0.475000,0.407813,0.354688,0.415625,0.426562,0.475000,0.415625
codon,25_110,0.496354,3.546440,0.494531,0.493750,0.447656,0.494531,0.455469,0.575781,0.493750,0.455469,0.510938,0.447656,0.575781,0.510938
codon,25_codon,0.526563,3.205853,0.560937,0.576562,0.546094,0.560937,0.472656,0.544531,0.576562,0.472656,0.458594,0.546094,0.544531,0.458594
codon,26,0.365365,4.048437,0.370313,0.441406,0.371875,0.370313,0.310156,0.360156,0.441406,0.310156,0.338281,0.371875,0.360156,0.338281
codon,26_001,0.404427,4.036850,0.388281,0.442187,0.318750,0.388281,0.405469,0.541406,0.442187,0.405469,0.330469,0.318750,0.541406,0.330469
codon,26_010,0.493620,3.332410,0.451562,0.563281,0.553906,0.451562,0.419531,0.439063,0.563281,0.419531,0.534375,0.553906,0.439063,0.534375
codon,26_011,0.411458,3.981273,0.400781,0.450000,0.410156,0.400781,0.329688,0.489844,0.450000,0.329688,0.388281,0.410156,0.489844,0.388281
codon,26_100,0.469922,3.478895,0.510156,0.639844,0.364062,0.510156,0.495313,0.456250,0.639844,0.495313,0.353906,0.364062,0.456250,0.353906
codon,26_101,0.406250,3.994302,0.405469,0.428906,0.344531,0.405469,0.396875,0.446094,0.428906,0.396875,0.415625,0.344531,0.446094,0.415625
codon,26_110,0.495964,3.450786,0.453125,0.446875,0.455469,0.453125,0.474219,0.627344,0.446875,0.474219,0.518750,0.455469,0.627344,0.518750
codon,26_codon,0.544401,3.169016,0.563281,0.544531,0.561719,0.563281,0.493750,0.597656,0.544531,0.493750,0.505469,0.561719,0.597656,0.505469
codon,27,0.376693,3.901351,0.351562,0.409375,0.326562,0.351562,0.381250,0.401563,0.409375,0.381250,0.389844,0.326562,0.401563,0.389844
codon,27_001,0.409635,3.910557,0.458594,0.390625,0.303906,0.458594,0.422656,0.439063,0.390625,0.422656,0.442969,0.303906,0.439063,0.442969
codon,27_010,0.454036,3.747014,0.349219,0.445312,0.353125,0.349219,0.525781,0.589063,0.445312,0.525781,0.461719,0.353125,0.589063,0.461719
codon,27_011,0.408854,4.073760,0.353125,0.364062,0.379687,0.353125,0.460156,0.510938,0.364062,0.460156,0.385156,0.379687,0.510938,0.385156
codon,27_100,0.476172,3.571344,0.371094,0.575000,0.556250,0.371094,0.383594,0.444531,0.575000,0.383594,0.526563,0.556250,0.444531,0.526563
codon,27_101,0.493750,3.363826,0.416406,0.656250,0.492969,0.416406,0.410937,0.500781,0.656250,0.410937,0.485156,0.492969,0.500781,0.485156
codon,27_110,0.495443,3.551627,0.489844,0.455469,0.491406,0.489844,0.438281,0.664062,0.455469,0.438281,0.433594,0.491406,0.664062,0.433594
codon,27_codon,0.543359,3.040953,0.658594,0.591406,0.485938,0.658594,0.542969,0.517969,0.591406,0.542969,0.463281,0.485938,0.517969,0.463281
codon,28,0.380990,3.971233,0.376563,0.388281,0.381250,0.376563,0.361719,0.429688,0.388281,0.361719,0.348437,0.381250,0.429688,0.348437
codon,28_001,0.404818,4.099602,0.435937,0.450781,0.392969,0.435937,0.346094,0.361719,0.450781,0.346094,0.441406,0.392969,0.361719,0.441406
codon,28_010,0.495964,3.320883,0.614062,0.557031,0.403906,0.614062,0.521094,0.485938,0.557031,0.521094,0.393750,0.403906,0.485938,0.393750
codon,28_011,0.447786,3.656364,0.410156,0.431250,0.389844,0.410156,0.391406,0.669531,0.431250,0.391406,0.394531,0.389844,0.669531,0.394531
codon,28_100,0.477083,3.564369,0.382031,0.635938,0.472656,0.382031,0.395312,0.493750,0.635938,0.395312,0.482812,0.472656,0.493750,0.482812
codon,28_101,0.434245,3.872267,0.487500,0.374219,0.492969,0.487500,0.337500,0.478125,0.374219,0.337500,0.435156,0.492969,0.478125,0.435156
codon,28_110,0.511068,3.344291,0.442187,0.606250,0.557813,0.442187,0.442187,0.503906,0.606250,0.442187,0.514062,0.557813,0.503906,0.514062
codon,28_codon,0.530859,3.104995,0.652344,0.531250,0.509375,0.652344,0.500000,0.528906,0.531250,0.500000,0.463281,0.509375,0.528906,0.463281
codon,29,0.357161,4.127252,0.338281,0.391406,0.322656,0.338281,0.332031,0.392969,0.391406,0.332031,0.365625,0.322656,0.392969,0.365625
codon,29_001,0.438411,3.692184,0.345313,0.548438,0.372656,0.345313,0.391406,0.519531,0.548438,0.391406,0.453125,0.372656,0.519531,0.453125
codon,29_010,0.486589,3.526422,0.386719,0.607031,0.533594,0.386719,0.416406,0.413281,0.607031,0.416406,0.562500,0.533594,0.413281,0.562500
codon,29_011,0.464583,3.533766,0.447656,0.643750,0.380469,0.447656,0.433594,0.496094,0.643750,0.433594,0.385938,0.380469,0.496094,0.385938
codon,29_100,0.481641,3.548959,0.389844,0.589063,0.569531,0.389844,0.388281,0.433594,0.589063,0.388281,0.519531,0.569531,0.433594,0.519531
codon,29_101,0.454948,3.804613,0.521875,0.404687,0.498437,0.521875,0.367188,0.535937,0.404687,0.367188,0.401563,0.498437,0.535937,0.401563
codon,29_110,0.459635,3.624886,0.405469,0.482031,0.405469,0.405469,0.464844,0.596094,0.482031,0.464844,0.403906,0.405469,0.596094,0.403906
codon,29_codon,0.524609,3.170778,0.519531,0.675000,0.468750,0.519531,0.511719,0.507812,0.675000,0.511719,0.464844,0.468750,0.507812,0.464844
codon,2_001,0.381380,4.218352,0.306250,0.396875,0.432813,0.306250,0.365625,0.395312,0.396875,0.365625,0.391406,0.432813,0.395312,0.391406
codon,2_010,0.497396,3.529300,0.459375,0.544531,0.503906,0.459375,0.444531,0.467187,0.544531,0.444531,0.564844,0.503906,0.467187,0.564844
codon,2_011,0.432422,3.852845,0.472656,0.474219,0.434375,0.472656,0.407813,0.402344,0.474219,0.407813,0.403125,0.434375,0.402344,0.403125
codon,2_100,0.482422,3.547559,0.534375,0.414844,0.521875,0.534375,0.388281,0.647656,0.414844,0.388281,0.387500,0.521875,0.647656,0.387500
codon,2_101,0.398958,4.158049,0.332031,0.433594,0.464844,0.332031,0.325000,0.403906,0.433594,0.325000,0.434375,0.464844,0.403906,0.434375
codon,2_110,0.509896,3.419677,0.501563,0.495313,0.564063,0.501563,0.454688,0.587500,0.495313,0.454688,0.456250,0.564063,0.587500,0.456250
codon,2_codon,0.544401,3.203462,0.499219,0.610156,0.603125,0.499219,0.475000,0.513281,0.610156,0.475000,0.565625,0.603125,0.513281,0.565625
codon,3,0.370313,3.997620,0.371875,0.380469,0.344531,0.371875,0.333594,0.413281,0.380469,0.333594,0.378125,0.344531,0.413281,0.378125
codon,30,0.391276,3.946045,0.374219,0.491406,0.371875,0.374219,0.364844,0.408594,0.491406,0.364844,0.336719,0.371875,0.408594,0.336719
codon,30_001,0.382031,4.204676,0.317969,0.455469,0.436719,0.317969,0.356250,0.324219,0.455469,0.356250,0.401563,0.436719,0.324219,0.401563
codon,30_010,0.439323,3.898125,0.335938,0.398438,0.353906,0.335938,0.442969,0.664062,0.398438,0.442969,0.440625,0.353906,0.664062,0.440625
codon,30_011,0.418359,4.023201,0.378906,0.439063,0.407031,0.378906,0.485938,0.421094,0.439063,0.485938,0.378125,0.407031,0.421094,0.378125
codon,30_100,0.448307,3.730907,0.421875,0.632031,0.393750,0.421875,0.425000,0.426562,0.632031,0.425000,0.390625,0.393750,0.426562,0.390625
codon,30_101,0.406250,4.059085,0.380469,0.542969,0.389062,0.380469,0.368750,0.346094,0.542969,0.368750,0.410156,0.389062,0.346094,0.410156
codon,30_110,0.452734,3.786177,0.464063,0.546094,0.384375,0.464063,0.428125,0.518750,0.546094,0.428125,0.375000,0.384375,0.518750,0.375000
codon,30_codon,0.533984,3.270648,0.492188,0.585938,0.599219,0.492188,0.471094,0.508594,0.585938,0.471094,0.546875,0.599219,0.508594,0.546875
codon,31,0.371615,4.124984,0.405469,0.410937,0.334375,0.405469,0.340625,0.410937,0.410937,0.340625,0.327344,0.334375,0.410937,0.327344
codon,31_001,0.375911,4.262028,0.294531,0.402344,0.425000,0.294531,0.357812,0.381250,0.402344,0.357812,0.394531,0.425000,0.381250,0.394531
codon,31_010,0.445833,3.830038,0.347656,0.440625,0.356250,0.347656,0.414844,0.687500,0.440625,0.414844,0.428125,0.356250,0.687500,0.428125
codon,31_011,0.413672,3.883760,0.465625,0.403125,0.357031,0.465625,0.375000,0.508594,0.403125,0.375000,0.372656,0.357031,0.508594,0.372656
codon,31_100,0.451302,3.793549,0.532031,0.593750,0.342187,0.532031,0.482031,0.412500,0.593750,0.482031,0.345313,0.342187,0.412500,0.345313
codon,31_101,0.458854,3.698117,0.517969,0.385156,0.558594,0.517969,0.350000,0.571875,0.385156,0.350000,0.369531,0.558594,0.571875,0.369531
codon,31_110,0.507422,3.454244,0.542188,0.521094,0.482812,0.542188,0.448438,0.542969,0.521094,0.448438,0.507031,0.482812,0.542969,0.507031
codon,31_codon,0.526172,3.219620,0.584375,0.568750,0.528125,0.584375,0.472656,0.536719,0.568750,0.472656,0.466406,0.528125,0.536719,0.466406
codon,32,0.366016,4.140368,0.335938,0.420312,0.285937,0.335938,0.368750,0.439063,0.420312,0.368750,0.346094,0.285937,0.439063,0.346094
codon,32_001,0.380078,4.246045,0.277344,0.416406,0.427344,0.277344,0.357812,0.385938,0.416406,0.357812,0.415625,0.427344,0.385938,0.415625
codon,32_010,0.440495,3.838396,0.360938,0.453906,0.342187,0.360938,0.429688,0.648438,0.453906,0.429688,0.407813,0.342187,0.648438,0.407813
codon,32_011,0.401172,4.133658,0.368750,0.385156,0.291406,0.368750,0.453125,0.482031,0.385156,0.453125,0.426562,0.291406,0.482031,0.426562
codon,32_100,0.449870,3.759431,0.518750,0.565625,0.340625,0.518750,0.478125,0.440625,0.565625,0.478125,0.355469,0.340625,0.440625,0.355469
codon,32_101,0.442448,3.883730,0.514062,0.557813,0.353906,0.514062,0.460156,0.398438,0.557813,0.460156,0.370313,0.353906,0.398438,0.370313
codon,32_110,0.481901,3.605480,0.526563,0.553125,0.436719,0.526563,0.451562,0.526563,0.553125,0.451562,0.396875,0.436719,0.526563,0.396875
codon,32_codon,0.524609,3.024121,0.529687,0.532813,0.551562,0.529687,0.490625,0.542969,0.532813,0.490625,0.500000,0.551562,0.542969,0.500000
codon,33,0.361068,4.051872,0.353125,0.353125,0.354688,0.353125,0.365625,0.373437,0.353125,0.365625,0.366406,0.354688,0.373437,0.366406
codon,33_001,0.410286,3.960453,0.434375,0.420312,0.443750,0.434375,0.317187,0.395312,0.420312,0.317187,0.450781,0.443750,0.395312,0.450781
codon,33_010,0.470964,3.555169,0.610938,0.435937,0.485156,0.610938,0.404687,0.521094,0.435937,0.404687,0.367969,0.485156,0.521094,0.367969
codon,33_011,0.459766,3.578411,0.579688,0.471094,0.383594,0.579688,0.460156,0.458594,0.471094,0.460156,0.405469,0.383594,0.458594,0.405469
codon,33_100,0.471615,3.479359,0.432813,0.439844,0.389844,0.432813,0.468750,0.558594,0.439844,0.468750,0.539844,0.389844,0.558594,0.539844
codon,33_101,0.396745,4.105240,0.414844,0.487500,0.414062,0.414844,0.312500,0.329688,0.487500,0.312500,0.421875,0.414062,0.329688,0.421875
codon,33_110,0.504687,3.399507,0.433594,0.470313,0.450781,0.433594,0.508594,0.610156,0.470313,0.508594,0.554688,0.450781,0.610156,0.554688
codon,33_codon,0.542969,3.016869,0.605469,0.567969,0.543750,0.605469,0.507812,0.527344,0.567969,0.507812,0.505469,0.543750,0.527344,0.505469
codon,34,0.389714,3.762831,0.356250,0.398438,0.367969,0.356250,0.368750,0.436719,0.398438,0.368750,0.410156,0.367969,0.436719,0.410156
codon,34_001,0.403516,3.919835,0.380469,0.450781,0.317969,0.380469,0.398438,0.545312,0.450781,0.398438,0.328125,0.317969,0.545312,0.328125
codon,34_010,0.503776,3.299278,0.539844,0.620313,0.435156,0.539844,0.500000,0.498437,0.620313,0.500000,0.428906,0.435156,0.498437,0.428906
codon,34_011,0.394792,4.121257,0.373437,0.404687,0.352344,0.373437,0.394531,0.439844,0.404687,0.394531,0.403906,0.352344,0.439844,0.403906
codon,34_100,0.448958,3.486515,0.486719,0.566406,0.342969,0.486719,0.526563,0.417188,0.566406,0.526563,0.353906,0.342969,0.417188,0.353906
codon,34_101,0.457422,3.742851,0.390625,0.457812,0.492188,0.390625,0.414062,0.503906,0.457812,0.414062,0.485938,0.492188,0.503906,0.485938
codon,34_110,0.517708,3.301702,0.564063,0.560156,0.474219,0.564063,0.542969,0.526563,0.560156,0.542969,0.438281,0.474219,0.526563,0.438281
codon,34_codon,0.542318,3.033057,0.622656,0.584375,0.505469,0.622656,0.550781,0.513281,0.584375,0.550781,0.477344,0.505469,0.513281,0.477344
codon,35,0.371224,3.970735,0.343750,0.331250,0.397656,0.343750,0.375781,0.430469,0.331250,0.375781,0.348437,0.397656,0.430469,0.348437
codon,35_001,0.418229,3.861611,0.467969,0.516406,0.382812,0.467969,0.411719,0.314063,0.516406,0.411719,0.416406,0.382812,0.314063,0.416406
codon,35_010,0.514844,3.286958,0.450781,0.607812,0.561719,0.450781,0.441406,0.473437,0.607812,0.441406,0.553906,0.561719,0.473437,0.553906
codon,35_011,0.416927,3.748067,0.453125,0.421094,0.434375,0.453125,0.347656,0.505469,0.421094,0.347656,0.339844,0.434375,0.505469,0.339844
codon,35_100,0.466927,3.724462,0.522656,0.563281,0.382031,0.522656,0.471094,0.470313,0.563281,0.471094,0.392188,0.382031,0.470313,0.392188
codon,35_101,0.420182,4.017890,0.465625,0.336719,0.417969,0.465625,0.410156,0.535156,0.336719,0.410156,0.355469,0.417969,0.535156,0.355469
codon,35_110,0.499609,3.292209,0.513281,0.477344,0.483594,0.513281,0.485156,0.557031,0.477344,0.485156,0.481250,0.483594,0.557031,0.481250
codon,35_codon,0.546615,3.201140,0.510156,0.637500,0.588281,0.510156,0.473437,0.523438,0.637500,0.473437,0.546875,0.588281,0.523438,0.546875
codon,36,0.362240,4.094880,0.343750,0.371875,0.371094,0.343750,0.353125,0.374219,0.371875,0.353125,0.359375,0.371094,0.374219,0.359375
codon,36_001,0.405208,4.018531,0.382031,0.410937,0.336719,0.382031,0.393750,0.498437,0.410937,0.393750,0.409375,0.336719,0.498437,0.409375
codon,36_010,0.433984,3.865767,0.364062,0.386719,0.342187,0.364062,0.425781,0.568750,0.386719,0.425781,0.516406,0.342187,0.568750,0.516406
codon,36_011,0.421875,3.766484,0.432813,0.465625,0.349219,0.432813,0.382031,0.555469,0.465625,0.382031,0.346094,0.349219,0.555469,0.346094
codon,36_100,0.454427,3.480267,0.419531,0.396875,0.371094,0.419531,0.527344,0.568750,0.396875,0.527344,0.442969,0.371094,0.568750,0.442969
codon,36_101,0.429297,3.785486,0.310937,0.364062,0.370313,0.310937,0.448438,0.585156,0.364062,0.448438,0.496875,0.370313,0.585156,0.496875
codon,36_110,0.495313,3.402432,0.481250,0.507812,0.468750,0.481250,0.518750,0.532813,0.507812,0.518750,0.462500,0.468750,0.532813,0.462500
codon,36_codon,0.535156,3.146998,0.489844,0.556250,0.612500,0.489844,0.487500,0.515625,0.556250,0.487500,0.549219,0.612500,0.515625,0.549219
codon,37,0.378255,3.885570,0.345313,0.385938,0.382812,0.345313,0.378125,0.412500,0.385938,0.378125,0.364844,0.382812,0.412500,0.364844
codon,37_001,0.437240,3.711443,0.408594,0.354688,0.498437,0.408594,0.459375,0.489844,0.354688,0.459375,0.412500,0.498437,0.489844,0.412500
codon,37_010,0.479818,3.352413,0.492969,0.514844,0.588281,0.492969,0.379687,0.445312,0.514844,0.379687,0.457812,0.588281,0.445312,0.457812
codon,37_011,0.454948,3.518862,0.488281,0.403125,0.588281,0.488281,0.396094,0.463281,0.403125,0.396094,0.390625,0.588281,0.463281,0.390625
codon,37_100,0.487500,3.465546,0.458594,0.422656,0.409375,0.458594,0.495313,0.573438,0.422656,0.495313,0.565625,0.409375,0.573438,0.565625
codon,37_101,0.418880,3.856633,0.368750,0.372656,0.375781,0.368750,0.429688,0.593750,0.372656,0.429688,0.372656,0.375781,0.593750,0.372656
codon,37_110,0.510547,3.378674,0.600781,0.429688,0.527344,0.600781,0.445312,0.659375,0.429688,0.445312,0.400781,0.527344,0.659375,0.400781
codon,37_codon,0.533724,3.165076,0.493750,0.549219,0.614062,0.493750,0.476562,0.521094,0.549219,0.476562,0.547656,0.614062,0.521094,0.547656
codon,38,0.370313,3.930068,0.363281,0.355469,0.348437,0.363281,0.402344,0.389062,0.355469,0.402344,0.363281,0.348437,0.389062,0.363281
codon,38_001,0.439453,3.762923,0.407813,0.464844,0.506250,0.407813,0.438281,0.383594,0.464844,0.438281,0.435937,0.506250,0.383594,0.435937
codon,38_010,0.493229,3.340483,0.427344,0.529687,0.588281,0.427344,0.428125,0.442187,0.529687,0.428125,0.543750,0.588281,0.442187,0.543750
codon,38_011,0.455078,3.570590,0.382812,0.457031,0.485938,0.382812,0.420312,0.470313,0.457031,0.420312,0.514062,0.485938,0.470313,0.514062
codon,38_100,0.470964,3.421675,0.431250,0.413281,0.382812,0.431250,0.562500,0.581250,0.413281,0.562500,0.454688,0.382812,0.581250,0.454688
codon,38_101,0.467448,3.562183,0.461719,0.418750,0.429688,0.461719,0.437500,0.651563,0.418750,0.437500,0.405469,0.429688,0.651563,0.405469
codon,38_110,0.529557,3.148011,0.627344,0.500000,0.476562,0.627344,0.510156,0.582031,0.500000,0.510156,0.481250,0.476562,0.582031,0.481250
codon,38_codon,0.522266,3.206872,0.498437,0.521875,0.551562,0.498437,0.501563,0.533594,0.521875,0.501563,0.526563,0.551562,0.533594,0.526563
codon,39,0.363281,4.131849,0.368750,0.329688,0.340625,0.368750,0.364062,0.449219,0.329688,0.364062,0.327344,0.340625,0.449219,0.327344
codon,39_001,0.408854,3.927187,0.480469,0.389844,0.310156,0.480469,0.415625,0.437500,0.389844,0.415625,0.419531,0.310156,0.437500,0.419531
codon,39_010,0.447786,3.807027,0.354688,0.393750,0.349219,0.354688,0.523438,0.607031,0.393750,0.523438,0.458594,0.349219,0.607031,0.458594
codon,39_011,0.476042,3.502620,0.495313,0.639062,0.398438,0.495313,0.461719,0.460938,0.639062,0.461719,0.400781,0.398438,0.460938,0.400781
codon,39_100,0.479688,3.607273,0.561719,0.457812,0.486719,0.561719,0.400781,0.553906,0.457812,0.400781,0.417188,0.486719,0.553906,0.417188
codon,39_101,0.418880,3.988523,0.384375,0.411719,0.425781,0.384375,0.364062,0.500000,0.411719,0.364062,0.427344,0.425781,0.500000,0.427344
codon,39_110,0.504036,3.441948,0.532813,0.544531,0.474219,0.532813,0.522656,0.520312,0.544531,0.522656,0.429688,0.474219,0.520312,0.429688
codon,39_codon,0.530990,3.158964,0.631250,0.502344,0.551562,0.631250,0.472656,0.576562,0.502344,0.472656,0.451562,0.551562,0.576562,0.451562
codon,3_001,0.397135,4.054063,0.392969,0.462500,0.298438,0.392969,0.394531,0.528906,0.462500,0.394531,0.305469,0.298438,0.528906,0.305469
codon,3_010,0.444661,3.840617,0.333594,0.447656,0.350781,0.333594,0.453125,0.572656,0.447656,0.453125,0.510156,0.350781,0.572656,0.510156
codon,3_011,0.426953,3.831228,0.439063,0.456250,0.342969,0.439063,0.420312,0.548438,0.456250,0.420312,0.354688,0.342969,0.548438,0.354688
codon,3_100,0.468229,3.503161,0.387500,0.386719,0.350781,0.387500,0.485156,0.610938,0.386719,0.485156,0.588281,0.350781,0.610938,0.588281
codon,3_101,0.420833,3.900139,0.422656,0.431250,0.328125,0.422656,0.437500,0.445312,0.431250,0.437500,0.460156,0.328125,0.445312,0.460156
codon,3_110,0.488151,3.581268,0.410156,0.576562,0.523438,0.410156,0.392188,0.474219,0.576562,0.392188,0.552344,0.523438,0.474219,0.552344
codon,3_codon,0.537891,3.132621,0.483594,0.610156,0.608594,0.483594,0.461719,0.487500,0.610156,0.461719,0.575781,0.608594,0.487500,0.575781
codon,4,0.380859,3.989237,0.410937,0.428125,0.376563,0.410937,0.342187,0.427344,0.428125,0.342187,0.300000,0.376563,0.427344,0.300000
codon,40,0.384635,3.764235,0.392188,0.364062,0.439844,0.392188,0.312500,0.425781,0.364062,0.312500,0.373437,0.439844,0.425781,0.373437
codon,40_001,0.389062,4.081637,0.291406,0.440625,0.375781,0.291406,0.310156,0.523438,0.440625,0.310156,0.392969,0.375781,0.523438,0.392969
codon,40_010,0.484375,3.417440,0.656250,0.474219,0.454688,0.656250,0.447656,0.508594,0.474219,0.447656,0.364844,0.454688,0.508594,0.364844
codon,40_011,0.476562,3.363062,0.519531,0.389062,0.595313,0.519531,0.385938,0.566406,0.389062,0.385938,0.403125,0.595313,0.566406,0.403125
codon,40_100,0.501953,3.451608,0.551562,0.442969,0.531250,0.551562,0.417969,0.660937,0.442969,0.417969,0.407031,0.531250,0.660937,0.407031
codon,40_101,0.479036,3.572832,0.508594,0.424219,0.545312,0.508594,0.376563,0.611719,0.424219,0.376563,0.407813,0.545312,0.611719,0.407813
codon,40_110,0.491797,3.440566,0.524219,0.455469,0.433594,0.524219,0.500000,0.570312,0.455469,0.500000,0.467187,0.433594,0.570312,0.467187
codon,40_codon,0.526302,3.075138,0.622656,0.517188,0.501563,0.622656,0.503906,0.542188,0.517188,0.503906,0.470313,0.501563,0.542188,0.470313
codon,41,0.383073,3.912926,0.346094,0.432031,0.404687,0.346094,0.364062,0.388281,0.432031,0.364062,0.363281,0.404687,0.388281,0.363281
codon,41_001,0.389844,4.171894,0.457031,0.408594,0.297656,0.457031,0.398438,0.367969,0.408594,0.398438,0.409375,0.297656,0.367969,0.409375
codon,41_010,0.473177,3.608212,0.479688,0.533594,0.428906,0.479688,0.525781,0.464844,0.533594,0.525781,0.406250,0.428906,0.464844,0.406250
codon,41_011,0.403646,4.122122,0.416406,0.401563,0.359375,0.416406,0.407813,0.467969,0.401563,0.407813,0.368750,0.359375,0.467969,0.368750
codon,41_100,0.486719,3.544758,0.406250,0.554688,0.566406,0.406250,0.414844,0.479688,0.554688,0.414844,0.498437,0.566406,0.479688,0.498437
codon,41_101,0.474870,3.525888,0.428125,0.525000,0.517188,0.428125,0.386719,0.443750,0.525000,0.386719,0.548438,0.517188,0.443750,0.548438
codon,41_110,0.516797,3.236692,0.504687,0.582812,0.525000,0.504687,0.469531,0.508594,0.582812,0.469531,0.510156,0.525000,0.508594,0.510156
codon,41_codon,0.538932,2.967691,0.567187,0.575000,0.518750,0.567187,0.492969,0.568750,0.575000,0.492969,0.510938,0.518750,0.568750,0.510938
codon,42,0.389583,3.859431,0.353125,0.427344,0.359375,0.353125,0.383594,0.432813,0.427344,0.383594,0.381250,0.359375,0.432813,0.381250
codon,42_001,0.444661,3.691999,0.382812,0.576562,0.414062,0.382812,0.383594,0.481250,0.576562,0.383594,0.429688,0.414062,0.481250,0.429688
codon,42_010,0.481901,3.577702,0.390625,0.550000,0.512500,0.390625,0.402344,0.421875,0.550000,0.402344,0.614062,0.512500,0.421875,0.614062
codon,42_011,0.438542,3.824785,0.403906,0.471875,0.430469,0.403906,0.414062,0.523438,0.471875,0.414062,0.387500,0.430469,0.523438,0.387500
codon,42_100,0.501042,3.312921,0.439844,0.660156,0.482812,0.439844,0.433594,0.507812,0.660156,0.433594,0.482031,0.482812,0.507812,0.482031
codon,42_101,0.449349,3.665158,0.388281,0.567969,0.342969,0.388281,0.431250,0.540625,0.567969,0.431250,0.425000,0.342969,0.540625,0.425000
codon,42_110,0.482422,3.508770,0.508594,0.528125,0.460156,0.508594,0.452344,0.540625,0.528125,0.452344,0.404687,0.460156,0.540625,0.404687
codon,42_codon,0.538542,3.149174,0.503125,0.649219,0.555469,0.503125,0.476562,0.503906,0.649219,0.476562,0.542969,0.555469,0.503906,0.542969
codon,43,0.383333,3.836510,0.360156,0.391406,0.388281,0.360156,0.362500,0.436719,0.391406,0.362500,0.360938,0.388281,0.436719,0.360938
codon,43_001,0.386458,4.221713,0.453125,0.304688,0.384375,0.453125,0.306250,0.483594,0.304688,0.306250,0.386719,0.384375,0.483594,0.386719
codon,43_010,0.483594,3.430097,0.638281,0.392188,0.505469,0.638281,0.387500,0.596875,0.392188,0.387500,0.381250,0.505469,0.596875,0.381250
codon,43_011,0.425651,3.945483,0.371875,0.388281,0.375781,0.371875,0.395312,0.453906,0.388281,0.395312,0.568750,0.375781,0.453906,0.568750
codon,43_100,0.483203,3.374676,0.420312,0.417969,0.379687,0.420312,0.507031,0.623437,0.417969,0.507031,0.550781,0.379687,0.623437,0.550781
codon,43_101,0.396224,4.123349,0.362500,0.341406,0.425781,0.362500,0.467969,0.438281,0.341406,0.467969,0.341406,0.425781,0.438281,0.341406
codon,43_110,0.513281,3.191546,0.521094,0.500000,0.511719,0.521094,0.501563,0.568750,0.500000,0.501563,0.476562,0.511719,0.568750,0.476562
codon,43_codon,0.525781,3.016483,0.519531,0.518750,0.520312,0.519531,0.508594,0.560156,0.518750,0.508594,0.527344,0.520312,0.560156,0.527344
codon,44,0.373568,4.014936,0.359375,0.432031,0.350000,0.359375,0.380469,0.398438,0.432031,0.380469,0.321094,0.350000,0.398438,0.321094
codon,44_001,0.401432,4.139851,0.437500,0.388281,0.439844,0.437500,0.384375,0.439844,0.388281,0.384375,0.318750,0.439844,0.439844,0.318750
codon,44_010,0.443880,3.822741,0.349219,0.410156,0.355469,0.349219,0.442969,0.583594,0.410156,0.442969,0.521875,0.355469,0.583594,0.521875
codon,44_011,0.421745,4.014908,0.347656,0.357812,0.334375,0.347656,0.428125,0.560156,0.357812,0.428125,0.502344,0.334375,0.560156,0.502344
codon,44_100,0.437109,3.837012,0.525000,0.557031,0.328906,0.525000,0.453906,0.414062,0.557031,0.453906,0.343750,0.328906,0.414062,0.343750
codon,44_101,0.437370,3.844326,0.485938,0.607031,0.332031,0.485938,0.446875,0.430469,0.607031,0.446875,0.321875,0.332031,0.430469,0.321875
codon,44_110,0.479167,3.643654,0.382812,0.463281,0.381250,0.382812,0.486719,0.660156,0.463281,0.486719,0.500781,0.381250,0.660156,0.500781
codon,44_codon,0.522396,3.265329,0.481250,0.606250,0.567187,0.481250,0.443750,0.508594,0.606250,0.443750,0.527344,0.567187,0.508594,0.527344
codon,45,0.369661,3.997445,0.388281,0.363281,0.332812,0.388281,0.355469,0.431250,0.363281,0.355469,0.346875,0.332812,0.431250,0.346875
codon,45_001,0.394792,4.141893,0.414844,0.372656,0.426562,0.414844,0.401563,0.431250,0.372656,0.401563,0.321875,0.426562,0.431250,0.321875
codon,45_010,0.470182,3.661512,0.425000,0.489062,0.428125,0.425000,0.458594,0.521875,0.489062,0.458594,0.498437,0.428125,0.521875,0.498437
codon,45_011,0.426823,3.965979,0.357031,0.462500,0.442969,0.357031,0.388281,0.458594,0.462500,0.388281,0.451562,0.442969,0.458594,0.451562
codon,45_100,0.454036,3.741757,0.534375,0.566406,0.358594,0.534375,0.460156,0.432813,0.566406,0.460156,0.371875,0.358594,0.432813,0.371875
codon,45_101,0.430078,3.883886,0.497656,0.524219,0.360156,0.497656,0.477344,0.419531,0.524219,0.477344,0.301562,0.360156,0.419531,0.301562
codon,45_110,0.506380,3.446495,0.517969,0.567187,0.470313,0.517969,0.496094,0.490625,0.567187,0.496094,0.496094,0.470313,0.490625,0.496094
codon,45_codon,0.505990,3.271518,0.462500,0.599219,0.600000,0.462500,0.417188,0.450781,0.599219,0.417188,0.506250,0.600000,0.450781,0.506250
codon,46,0.356901,4.049016,0.341406,0.316406,0.280469,0.341406,0.382031,0.457031,0.316406,0.382031,0.364062,0.280469,0.457031,0.364062
codon,46_001,0.382031,4.185215,0.308594,0.410937,0.407031,0.308594,0.339063,0.432813,0.410937,0.339063,0.393750,0.407031,0.432813,0.393750
codon,46_010,0.440234,3.887108,0.345313,0.420312,0.349219,0.345313,0.438281,0.663281,0.420312,0.438281,0.425000,0.349219,0.663281,0.425000
codon,46_011,0.421745,4.039227,0.418750,0.409375,0.353125,0.418750,0.399219,0.428906,0.409375,0.399219,0.521094,0.353125,0.428906,0.521094
codon,46_100,0.475911,3.500838,0.430469,0.526563,0.497656,0.430469,0.428906,0.446875,0.526563,0.428906,0.525000,0.497656,0.446875,0.525000
codon,46_101,0.399870,4.067068,0.314063,0.362500,0.386719,0.314063,0.432813,0.533594,0.362500,0.432813,0.369531,0.386719,0.533594,0.369531
codon,46_110,0.514844,3.311526,0.463281,0.526563,0.540625,0.463281,0.489844,0.527344,0.526563,0.489844,0.541406,0.540625,0.527344,0.541406
codon,46_codon,0.542839,3.028607,0.627344,0.581250,0.504687,0.627344,0.546094,0.511719,0.581250,0.546094,0.485938,0.504687,0.511719,0.485938
codon,47,0.384505,4.006609,0.382031,0.405469,0.339844,0.382031,0.378125,0.417188,0.405469,0.378125,0.384375,0.339844,0.417188,0.384375
codon,47_001,0.409505,3.893925,0.444531,0.346094,0.346875,0.444531,0.382031,0.485938,0.346094,0.382031,0.451562,0.346875,0.485938,0.451562
codon,47_010,0.457292,3.746141,0.449219,0.490625,0.445312,0.449219,0.371875,0.621094,0.490625,0.371875,0.365625,0.445312,0.621094,0.365625
codon,47_011,0.409896,4.020470,0.374219,0.419531,0.374219,0.374219,0.392188,0.503906,0.419531,0.392188,0.395312,0.374219,0.503906,0.395312
codon,47_100,0.474609,3.425458,0.528125,0.605469,0.362500,0.528125,0.535937,0.453906,0.605469,0.535937,0.361719,0.362500,0.453906,0.361719
codon,47_101,0.467448,3.713144,0.389844,0.593750,0.542969,0.389844,0.389062,0.375781,0.593750,0.389062,0.513281,0.542969,0.375781,0.513281
codon,47_110,0.460807,3.724264,0.375000,0.473437,0.366406,0.375000,0.473437,0.580469,0.473437,0.473437,0.496094,0.366406,0.580469,0.496094
codon,47_codon,0.523698,3.039801,0.581250,0.535937,0.524219,0.581250,0.493750,0.550781,0.535937,0.493750,0.456250,0.524219,0.550781,0.456250
codon,48,0.376953,3.945979,0.375000,0.385156,0.338281,0.375000,0.400781,0.429688,0.385156,0.400781,0.332812,0.338281,0.429688,0.332812
codon,48_001,0.412630,3.913124,0.504687,0.328125,0.353906,0.504687,0.375781,0.483594,0.328125,0.375781,0.429688,0.353906,0.483594,0.429688
codon,48_010,0.485417,3.402996,0.616406,0.404687,0.506250,0.616406,0.403125,0.611719,0.404687,0.403125,0.370313,0.506250,0.611719,0.370313
codon,48_011,0.439974,3.664464,0.475000,0.353906,0.398438,0.475000,0.410156,0.583594,0.353906,0.410156,0.418750,0.398438,0.583594,0.418750
codon,48_100,0.464583,3.518045,0.448438,0.543750,0.376563,0.448438,0.544531,0.467187,0.543750,0.544531,0.407031,0.376563,0.467187,0.407031
codon,48_101,0.466276,3.560597,0.439844,0.561719,0.375781,0.439844,0.545312,0.471094,0.561719,0.545312,0.403906,0.375781,0.471094,0.403906
codon,48_110,0.492318,3.330140,0.520312,0.496875,0.452344,0.520312,0.428906,0.656250,0.496875,0.428906,0.399219,0.452344,0.656250,0.399219
codon,48_codon,0.538411,3.001492,0.585156,0.549219,0.527344,0.585156,0.485938,0.580469,0.549219,0.485938,0.502344,0.527344,0.580469,0.502344
codon,49,0.369922,3.956477,0.369531,0.389844,0.337500,0.369531,0.373437,0.412500,0.389844,0.373437,0.336719,0.337500,0.412500,0.336719
codon,49_001,0.402604,4.113319,0.422656,0.391406,0.434375,0.422656,0.415625,0.426562,0.391406,0.415625,0.325000,0.434375,0.426562,0.325000
codon,49_010,0.515885,3.353983,0.577344,0.604688,0.453125,0.577344,0.536719,0.501563,0.604688,0.536719,0.421875,0.453125,0.501563,0.421875
codon,49_011,0.429427,3.831568,0.386719,0.419531,0.392188,0.386719,0.422656,0.418750,0.419531,0.422656,0.536719,0.392188,0.418750,0.536719
codon,49_100,0.448698,3.664276,0.457812,0.570312,0.353125,0.457812,0.521875,0.421875,0.570312,0.521875,0.367188,0.353125,0.421875,0.367188
codon,49_101,0.432031,3.779835,0.406250,0.425000,0.340625,0.406250,0.457812,0.549219,0.425000,0.457812,0.413281,0.340625,0.549219,0.413281
codon,49_110,0.457031,3.766320,0.435937,0.546875,0.361719,0.435937,0.460938,0.530469,0.546875,0.460938,0.406250,0.361719,0.530469,0.406250
codon,49_codon,0.529036,3.317558,0.475000,0.614844,0.570312,0.475000,0.472656,0.492188,0.614844,0.472656,0.549219,0.570312,0.492188,0.549219
codon,4_001,0.412500,3.932447,0.460156,0.351562,0.370313,0.460156,0.371094,0.478906,0.351562,0.371094,0.442969,0.370313,0.478906,0.442969
codon,4_010,0.496745,3.327699,0.433594,0.533594,0.607812,0.433594,0.417969,0.438281,0.533594,0.417969,0.549219,0.607812,0.438281,0.549219
codon,4_011,0.468750,3.462280,0.572656,0.372656,0.478125,0.572656,0.387500,0.611719,0.372656,0.387500,0.389844,0.478125,0.611719,0.389844
codon,4_100,0.483073,3.529277,0.521094,0.438281,0.509375,0.521094,0.380469,0.653125,0.438281,0.380469,0.396094,0.509375,0.653125,0.396094
codon,4_101,0.462891,3.703699,0.539844,0.358594,0.507812,0.539844,0.375781,0.617969,0.358594,0.375781,0.377344,0.507812,0.617969,0.377344
codon,4_110,0.521875,3.295744,0.635938,0.524219,0.503125,0.635938,0.505469,0.538281,0.524219,0.505469,0.424219,0.503125,0.538281,0.424219
codon,4_codon,0.526563,3.140784,0.507812,0.496094,0.587500,0.507812,0.472656,0.573438,0.496094,0.472656,0.521875,0.587500,0.573438,0.521875
codon,5,0.377865,3.872199,0.349219,0.410937,0.327344,0.349219,0.419531,0.406250,0.410937,0.419531,0.353906,0.327344,0.406250,0.353906
codon,50,0.369141,3.957093,0.330469,0.449219,0.376563,0.330469,0.331250,0.350781,0.449219,0.331250,0.376563,0.376563,0.350781,0.376563
codon,50_001,0.406901,4.127183,0.440625,0.317969,0.400781,0.440625,0.342187,0.510938,0.317969,0.342187,0.428906,0.400781,0.510938,0.428906
codon,50_010,0.480729,3.582401,0.396094,0.547656,0.522656,0.396094,0.389844,0.414844,0.547656,0.389844,0.613281,0.522656,0.414844,0.613281
codon,50_011,0.464453,3.502818,0.429688,0.462500,0.634375,0.429688,0.417188,0.395312,0.462500,0.417188,0.447656,0.634375,0.395312,0.447656
codon,50_100,0.478776,3.460025,0.503906,0.644531,0.377344,0.503906,0.485938,0.487500,0.644531,0.485938,0.373437,0.377344,0.487500,0.373437
codon,50_101,0.437500,3.827484,0.421094,0.485938,0.466406,0.421094,0.332812,0.439063,0.485938,0.332812,0.479688,0.466406,0.439063,0.479688
codon,50_110,0.523047,3.222416,0.484375,0.497656,0.552344,0.484375,0.485938,0.589063,0.497656,0.485938,0.528906,0.552344,0.589063,0.528906
codon,50_codon,0.531120,3.155966,0.507031,0.664062,0.500000,0.507031,0.467187,0.557031,0.664062,0.467187,0.491406,0.500000,0.557031,0.491406
codon,51,0.367708,3.939812,0.370313,0.351562,0.409375,0.370313,0.318750,0.371875,0.351562,0.318750,0.384375,0.409375,0.371875,0.384375
codon,51_001,0.373698,4.237625,0.317187,0.432031,0.457812,0.317187,0.344531,0.317187,0.432031,0.344531,0.373437,0.457812,0.317187,0.373437
codon,51_010,0.501432,3.279472,0.585938,0.439063,0.560156,0.585938,0.428125,0.590625,0.439063,0.428125,0.404687,0.560156,0.590625,0.404687
codon,51_011,0.451302,3.619753,0.607812,0.414844,0.414844,0.607812,0.403125,0.451562,0.414844,0.403125,0.415625,0.414844,0.451562,0.415625
codon,51_100,0.496094,3.503776,0.545312,0.436719,0.524219,0.545312,0.411719,0.653906,0.436719,0.411719,0.404687,0.524219,0.653906,0.404687
codon,51_101,0.391536,4.142917,0.360156,0.444531,0.397656,0.360156,0.389062,0.361719,0.444531,0.389062,0.396094,0.397656,0.361719,0.396094
codon,51_110,0.485417,3.467492,0.502344,0.583594,0.421094,0.502344,0.479688,0.503125,0.583594,0.479688,0.422656,0.421094,0.503125,0.422656
codon,51_codon,0.544531,3.163878,0.503125,0.648438,0.575000,0.503125,0.485156,0.503906,0.648438,0.485156,0.551562,0.575000,0.503906,0.551562
codon,52,0.359635,4.054942,0.373437,0.326562,0.376563,0.373437,0.315625,0.424219,0.326562,0.315625,0.341406,0.376563,0.424219,0.341406
codon,52_001,0.391927,4.152308,0.428906,0.416406,0.296094,0.428906,0.435937,0.444531,0.416406,0.435937,0.329688,0.296094,0.444531,0.329688
codon,52_010,0.446484,3.793122,0.351562,0.416406,0.347656,0.351562,0.528906,0.585938,0.416406,0.528906,0.448438,0.347656,0.585938,0.448438
codon,52_011,0.454818,3.601958,0.527344,0.401563,0.463281,0.527344,0.361719,0.615625,0.401563,0.361719,0.359375,0.463281,0.615625,0.359375
codon,52_100,0.476042,3.589389,0.499219,0.421875,0.546094,0.499219,0.396094,0.594531,0.421875,0.396094,0.398438,0.546094,0.594531,0.398438
codon,52_101,0.417448,3.924103,0.431250,0.453906,0.282813,0.431250,0.477344,0.436719,0.453906,0.477344,0.422656,0.282813,0.436719,0.422656
codon,52_110,0.501042,3.425930,0.518750,0.519531,0.532813,0.518750,0.446875,0.507031,0.519531,0.446875,0.481250,0.532813,0.507031,0.481250
codon,52_codon,0.535677,3.309679,0.537500,0.551562,0.599219,0.537500,0.457812,0.558594,0.551562,0.457812,0.509375,0.599219,0.558594,0.509375
codon,53,0.360026,4.042102,0.332031,0.362500,0.346875,0.332031,0.321094,0.428125,0.362500,0.321094,0.369531,0.346875,0.428125,0.369531
codon,53_001,0.408464,4.105489,0.420312,0.341406,0.369531,0.420312,0.373437,0.471875,0.341406,0.373437,0.474219,0.369531,0.471875,0.474219
codon,53_010,0.453906,3.754204,0.392188,0.500781,0.419531,0.392188,0.429688,0.439063,0.500781,0.429688,0.542188,0.419531,0.439063,0.542188
codon,53_011,0.423438,3.992701,0.390625,0.387500,0.352344,0.390625,0.405469,0.464844,0.387500,0.405469,0.539844,0.352344,0.464844,0.539844
codon,53_100,0.475260,3.551464,0.510156,0.409375,0.511719,0.510156,0.375781,0.664844,0.409375,0.375781,0.379687,0.511719,0.664844,0.379687
codon,53_101,0.440495,3.797614,0.356250,0.500781,0.419531,0.356250,0.407813,0.452344,0.500781,0.407813,0.506250,0.419531,0.452344,0.506250
codon,53_110,0.519141,3.397831,0.496875,0.580469,0.561719,0.496875,0.465625,0.495313,0.580469,0.465625,0.514844,0.561719,0.495313,0.514844
codon,53_codon,0.538021,3.206405,0.487500,0.585938,0.610156,0.487500,0.471875,0.527344,0.585938,0.471875,0.545312,0.610156,0.527344,0.545312
codon,54,0.380208,4.038144,0.422656,0.397656,0.327344,0.422656,0.407031,0.396875,0.397656,0.407031,0.329688,0.327344,0.396875,0.329688
codon,54_001,0.418099,3.917810,0.503906,0.430469,0.353906,0.503906,0.391406,0.414844,0.430469,0.391406,0.414062,0.353906,0.414844,0.414062
codon,54_010,0.511589,3.282764,0.623437,0.562500,0.444531,0.623437,0.514062,0.485938,0.562500,0.514062,0.439063,0.444531,0.485938,0.439063
codon,54_011,0.447135,3.615913,0.493750,0.518750,0.358594,0.493750,0.447656,0.485938,0.518750,0.447656,0.378125,0.358594,0.485938,0.378125
codon,54_100,0.463932,3.728849,0.550000,0.552344,0.372656,0.550000,0.457812,0.478906,0.552344,0.457812,0.371875,0.372656,0.478906,0.371875
codon,54_101,0.407161,4.049007,0.389844,0.533594,0.414062,0.389844,0.342187,0.332812,0.533594,0.342187,0.430469,0.414062,0.332812,0.430469
codon,54_110,0.489714,3.580417,0.512500,0.514844,0.431250,0.512500,0.495313,0.539062,0.514844,0.495313,0.445312,0.431250,0.539062,0.445312
codon,54_codon,0.544010,3.061114,0.648438,0.593750,0.484375,0.648438,0.551562,0.514844,0.593750,0.551562,0.471094,0.484375,0.514844,0.471094
codon,55,0.366016,4.028506,0.450000,0.407813,0.357812,0.450000,0.367969,0.330469,0.407813,0.367969,0.282031,0.357812,0.330469,0.282031
codon,55_001,0.418880,3.875872,0.478125,0.392188,0.313281,0.478125,0.439844,0.453906,0.392188,0.439844,0.435937,0.313281,0.453906,0.435937
codon,55_010,0.446615,3.828715,0.357812,0.416406,0.345313,0.357812,0.473437,0.593750,0.416406,0.473437,0.492969,0.345313,0.593750,0.492969
codon,55_011,0.454427,3.623129,0.578125,0.482031,0.351562,0.578125,0.478906,0.451562,0.482031,0.478906,0.384375,0.351562,0.451562,0.384375
codon,55_100,0.437630,3.802653,0.530469,0.563281,0.312500,0.530469,0.469531,0.427344,0.563281,0.469531,0.322656,0.312500,0.427344,0.322656
codon,55_101,0.432031,3.851510,0.371875,0.425000,0.540625,0.371875,0.449219,0.393750,0.425000,0.449219,0.411719,0.540625,0.393750,0.411719
codon,55_110,0.493099,3.520550,0.411719,0.634375,0.483594,0.411719,0.413281,0.531250,0.634375,0.413281,0.484375,0.483594,0.531250,0.484375
codon,55_codon,0.529036,3.084840,0.617969,0.544531,0.521875,0.617969,0.506250,0.517969,0.544531,0.506250,0.465625,0.521875,0.517969,0.465625
codon,56,0.375391,3.887891,0.373437,0.380469,0.336719,0.373437,0.385156,0.425000,0.380469,0.385156,0.351562,0.336719,0.425000,0.351562
codon,56_001,0.396094,4.210457,0.349219,0.449219,0.421094,0.349219,0.395312,0.357031,0.449219,0.395312,0.404687,0.421094,0.357031,0.404687
codon,56_010,0.486979,3.429790,0.627344,0.407813,0.513281,0.627344,0.403906,0.600000,0.407813,0.403906,0.369531,0.513281,0.600000,0.369531
codon,56_011,0.461719,3.486996,0.487500,0.496875,0.434375,0.487500,0.410937,0.505469,0.496875,0.410937,0.435156,0.434375,0.505469,0.435156
codon,56_100,0.476953,3.421640,0.417969,0.422656,0.372656,0.417969,0.489844,0.617188,0.422656,0.489844,0.541406,0.372656,0.617188,0.541406
codon,56_101,0.427214,3.814401,0.434375,0.426562,0.336719,0.434375,0.443750,0.464844,0.426562,0.443750,0.457031,0.336719,0.464844,0.457031
codon,56_110,0.491667,3.414534,0.444531,0.429688,0.449219,0.444531,0.521875,0.615625,0.429688,0.521875,0.489062,0.449219,0.615625,0.489062
codon,56_codon,0.541667,2.878986,0.597656,0.572656,0.497656,0.597656,0.501563,0.570312,0.572656,0.501563,0.510156,0.497656,0.570312,0.510156
codon,57,0.365755,3.927376,0.331250,0.433594,0.329688,0.331250,0.353125,0.367969,0.433594,0.353125,0.378906,0.329688,0.367969,0.378906
codon,57_001,0.435156,3.729038,0.403125,0.548438,0.322656,0.403125,0.444531,0.498437,0.548438,0.444531,0.393750,0.322656,0.498437,0.393750
codon,57_010,0.497135,3.320604,0.552344,0.612500,0.400781,0.552344,0.532031,0.476562,0.612500,0.532031,0.408594,0.400781,0.476562,0.408594
codon,57_011,0.458203,3.543935,0.446094,0.439844,0.607031,0.446094,0.429688,0.410156,0.439844,0.429688,0.416406,0.607031,0.410156,0.416406
codon,57_100,0.468359,3.488125,0.396094,0.523438,0.485938,0.396094,0.387500,0.461719,0.523438,0.387500,0.555469,0.485938,0.461719,0.555469
codon,57_101,0.427083,3.892352,0.492969,0.410937,0.444531,0.492969,0.439844,0.421094,0.410937,0.439844,0.353125,0.444531,0.421094,0.353125
codon,57_110,0.480469,3.627639,0.409375,0.474219,0.424219,0.409375,0.508594,0.601562,0.474219,0.508594,0.464844,0.424219,0.601562,0.464844
codon,57_codon,0.526432,3.291975,0.548438,0.543750,0.532813,0.548438,0.482812,0.575000,0.543750,0.482812,0.475781,0.532813,0.575000,0.475781
codon,58,0.366536,3.967384,0.373437,0.347656,0.330469,0.373437,0.362500,0.457812,0.347656,0.362500,0.327344,0.330469,0.457812,0.327344
codon,58_001,0.407552,3.927012,0.459375,0.398438,0.450781,0.459375,0.447656,0.385938,0.398438,0.447656,0.303125,0.450781,0.385938,0.303125
codon,58_010,0.469010,3.473341,0.493750,0.451562,0.453906,0.493750,0.379687,0.643750,0.451562,0.379687,0.391406,0.453906,0.643750,0.391406
codon,58_011,0.439974,3.713950,0.450000,0.487500,0.493750,0.450000,0.439844,0.365625,0.487500,0.439844,0.403125,0.493750,0.365625,0.403125
codon,58_100,0.463281,3.653375,0.506250,0.482812,0.436719,0.506250,0.422656,0.525781,0.482812,0.422656,0.405469,0.436719,0.525781,0.405469
codon,58_101,0.443359,3.683180,0.424219,0.410156,0.401563,0.424219,0.393750,0.661719,0.410156,0.393750,0.368750,0.401563,0.661719,0.368750
codon,58_110,0.497266,3.335678,0.502344,0.505469,0.480469,0.502344,0.472656,0.570312,0.505469,0.472656,0.452344,0.480469,0.570312,0.452344
codon,58_codon,0.541797,3.022829,0.646094,0.543750,0.489844,0.646094,0.501563,0.596094,0.543750,0.501563,0.473437,0.489844,0.596094,0.473437
codon,59,0.377734,3.943019,0.356250,0.381250,0.370313,0.356250,0.367188,0.417969,0.381250,0.367188,0.373437,0.370313,0.417969,0.373437
codon,59_001,0.439063,3.694067,0.384375,0.493750,0.360938,0.384375,0.439844,0.530469,0.493750,0.439844,0.425000,0.360938,0.530469,0.425000
codon,59_010,0.509505,3.228245,0.650781,0.523438,0.432813,0.650781,0.523438,0.504687,0.523438,0.523438,0.421875,0.432813,0.504687,0.421875
codon,59_011,0.458594,3.615458,0.484375,0.557813,0.405469,0.484375,0.448438,0.494531,0.557813,0.448438,0.360938,0.405469,0.494531,0.360938
codon,59_100,0.497005,3.519046,0.492969,0.466406,0.504687,0.492969,0.428125,0.649219,0.466406,0.428125,0.440625,0.504687,0.649219,0.440625
codon,59_101,0.440755,3.793341,0.342969,0.360938,0.327344,0.342969,0.467969,0.691406,0.360938,0.467969,0.453906,0.327344,0.691406,0.453906
codon,59_110,0.529557,3.274533,0.568750,0.609375,0.460156,0.568750,0.560937,0.527344,0.609375,0.560937,0.450781,0.460156,0.527344,0.450781
codon,59_codon,0.536198,3.134597,0.562500,0.653125,0.500000,0.562500,0.519531,0.512500,0.653125,0.519531,0.469531,0.500000,0.512500,0.469531
codon,5_001,0.376432,4.200440,0.310156,0.378125,0.449219,0.310156,0.347656,0.388281,0.378125,0.347656,0.385156,0.449219,0.388281,0.385156
codon,5_010,0.498828,3.347016,0.621875,0.527344,0.428125,0.621875,0.500000,0.503906,0.527344,0.500000,0.411719,0.428125,0.503906,0.411719
codon,5_011,0.410677,4.120909,0.350781,0.468750,0.414062,0.350781,0.408594,0.402344,0.468750,0.408594,0.419531,0.414062,0.402344,0.419531
codon,5_100,0.485156,3.542841,0.541406,0.410937,0.540625,0.541406,0.374219,0.652344,0.410937,0.374219,0.391406,0.540625,0.652344,0.391406
codon,5_101,0.439714,3.773281,0.420312,0.425781,0.477344,0.420312,0.333594,0.588281,0.425781,0.333594,0.392969,0.477344,0.588281,0.392969
codon,5_110,0.513802,3.310452,0.552344,0.572656,0.467969,0.552344,0.525781,0.499219,0.572656,0.525781,0.464844,0.467969,0.499219,0.464844
codon,5_codon,0.544401,3.007457,0.640625,0.556250,0.504687,0.640625,0.521094,0.535937,0.556250,0.521094,0.507812,0.504687,0.535937,0.507812
codon,6,0.359245,4.049150,0.328906,0.389844,0.289844,0.328906,0.377344,0.414844,0.389844,0.377344,0.354688,0.289844,0.414844,0.354688
codon,60,0.381510,3.866564,0.363281,0.435937,0.338281,0.363281,0.367969,0.415625,0.435937,0.367969,0.367969,0.338281,0.415625,0.367969
codon,60_001,0.407682,3.913103,0.415625,0.469531,0.333594,0.415625,0.389844,0.517969,0.469531,0.389844,0.319531,0.333594,0.517969,0.319531
codon,60_010,0.448568,3.784369,0.358594,0.433594,0.346094,0.358594,0.442969,0.664062,0.433594,0.442969,0.446094,0.346094,0.664062,0.446094
codon,60_011,0.436068,3.681523,0.474219,0.431250,0.434375,0.474219,0.388281,0.530469,0.431250,0.388281,0.357812,0.434375,0.530469,0.357812
codon,60_100,0.460547,3.737739,0.525781,0.564063,0.356250,0.525781,0.485938,0.460938,0.564063,0.485938,0.370313,0.356250,0.460938,0.370313
codon,60_101,0.424089,3.914196,0.376563,0.414844,0.549219,0.376563,0.435937,0.370313,0.414844,0.435937,0.397656,0.549219,0.370313,0.397656
codon,60_110,0.475000,3.664537,0.417188,0.585938,0.377344,0.417188,0.477344,0.566406,0.585938,0.477344,0.425781,0.377344,0.566406,0.425781
codon,60_codon,0.499870,3.326168,0.494531,0.528125,0.527344,0.494531,0.436719,0.510156,0.528125,0.436719,0.502344,0.527344,0.510156,0.502344
codon,61,0.366406,4.067502,0.392969,0.364844,0.356250,0.392969,0.379687,0.384375,0.364844,0.379687,0.320312,0.356250,0.384375,0.320312
codon,61_001,0.395964,4.106353,0.453125,0.372656,0.413281,0.453125,0.317187,0.418750,0.372656,0.317187,0.400781,0.413281,0.418750,0.400781
codon,61_010,0.433984,3.901489,0.330469,0.381250,0.338281,0.330469,0.428125,0.687500,0.381250,0.428125,0.438281,0.338281,0.687500,0.438281
codon,61_011,0.441016,3.918816,0.432813,0.441406,0.409375,0.432813,0.477344,0.419531,0.441406,0.477344,0.465625,0.409375,0.419531,0.465625
codon,61_100,0.466927,3.603702,0.398438,0.397656,0.397656,0.398438,0.471875,0.658594,0.397656,0.471875,0.477344,0.397656,0.658594,0.477344
codon,61_101,0.424870,3.974748,0.464844,0.367969,0.373437,0.464844,0.378125,0.438281,0.367969,0.378125,0.526563,0.373437,0.438281,0.526563
codon,61_110,0.533594,3.282644,0.523438,0.566406,0.526563,0.523438,0.489844,0.591406,0.566406,0.489844,0.503906,0.526563,0.591406,0.503906
codon,61_codon,0.538802,3.187863,0.546875,0.605469,0.535156,0.546875,0.478906,0.569531,0.605469,0.478906,0.496875,0.535156,0.569531,0.496875
codon,62,0.372917,3.973585,0.411719,0.374219,0.325781,0.411719,0.378906,0.428125,0.374219,0.378906,0.318750,0.325781,0.428125,0.318750
codon,62_001,0.386589,4.234656,0.339063,0.437500,0.439844,0.339063,0.374219,0.339063,0.437500,0.374219,0.389844,0.439844,0.339063,0.389844
codon,62_010,0.470703,3.527094,0.496094,0.448438,0.443750,0.496094,0.389844,0.675781,0.448438,0.389844,0.370313,0.443750,0.675781,0.370313
codon,62_011,0.421745,4.027490,0.378906,0.382031,0.388281,0.378906,0.479688,0.512500,0.382031,0.479688,0.389062,0.388281,0.512500,0.389062
codon,62_100,0.451823,3.513745,0.515625,0.593750,0.315625,0.515625,0.542969,0.411719,0.593750,0.542969,0.331250,0.315625,0.411719,0.331250
codon,62_101,0.436198,3.798491,0.428125,0.557813,0.355469,0.428125,0.508594,0.407031,0.557813,0.508594,0.360156,0.355469,0.407031,0.360156
codon,62_110,0.502995,3.278041,0.486719,0.515625,0.412500,0.486719,0.499219,0.628125,0.515625,0.499219,0.475781,0.412500,0.628125,0.475781
codon,62_codon,0.541016,2.903423,0.613281,0.553906,0.512500,0.613281,0.489844,0.578906,0.553906,0.489844,0.497656,0.512500,0.578906,0.497656
codon,63,0.341797,4.178220,0.328906,0.366406,0.316406,0.328906,0.375000,0.338281,0.366406,0.375000,0.325781,0.316406,0.338281,0.325781
codon,63_001,0.422005,3.807042,0.337500,0.387500,0.450781,0.337500,0.460156,0.436719,0.387500,0.460156,0.459375,0.450781,0.436719,0.459375
codon,63_010,0.429427,3.926293,0.339063,0.412500,0.337500,0.339063,0.410937,0.667969,0.412500,0.410937,0.408594,0.337500,0.667969,0.408594
codon,63_011,0.447135,3.742381,0.534375,0.374219,0.492188,0.534375,0.337500,0.566406,0.374219,0.337500,0.378125,0.492188,0.566406,0.378125
codon,63_100,0.449870,3.529451,0.485156,0.560937,0.335156,0.485156,0.540625,0.427344,0.560937,0.540625,0.350000,0.335156,0.427344,0.350000
codon,63_101,0.443750,3.809084,0.477344,0.539844,0.378125,0.477344,0.511719,0.401563,0.539844,0.511719,0.353906,0.378125,0.401563,0.353906
codon,63_110,0.478385,3.534424,0.492188,0.593750,0.412500,0.492188,0.467187,0.483594,0.593750,0.467187,0.421094,0.412500,0.483594,0.421094
codon,63_codon,0.527995,2.966338,0.519531,0.533594,0.507812,0.519531,0.515625,0.551562,0.533594,0.515625,0.539844,0.507812,0.551562,0.539844
codon,64,0.361328,4.013373,0.396094,0.408594,0.332031,0.396094,0.362500,0.348437,0.408594,0.362500,0.320312,0.332031,0.348437,0.320312
codon,64_001,0.428385,3.783086,0.454688,0.533594,0.392969,0.454688,0.359375,0.508594,0.533594,0.359375,0.321094,0.392969,0.508594,0.321094
codon,64_010,0.501823,3.312376,0.550000,0.627344,0.433594,0.550000,0.510156,0.486719,0.627344,0.510156,0.403125,0.433594,0.486719,0.403125
codon,64_011,0.437500,3.758656,0.392969,0.481250,0.467969,0.392969,0.430469,0.382812,0.481250,0.430469,0.469531,0.467969,0.382812,0.469531
codon,64_100,0.445443,3.752020,0.457031,0.638281,0.350781,0.457031,0.455469,0.425000,0.638281,0.455469,0.346094,0.350781,0.425000,0.346094
codon,64_101,0.454036,3.685406,0.483594,0.675781,0.355469,0.483594,0.457812,0.401563,0.675781,0.457812,0.350000,0.355469,0.401563,0.350000
codon,64_110,0.480339,3.580405,0.356250,0.494531,0.389062,0.356250,0.496094,0.608594,0.494531,0.496094,0.537500,0.389062,0.608594,0.537500
codon,64_codon,0.527474,3.347833,0.475781,0.607031,0.538281,0.475781,0.470313,0.494531,0.607031,0.470313,0.578906,0.538281,0.494531,0.578906
codon,65,0.410286,3.753199,0.460156,0.478125,0.350000,0.460156,0.393750,0.412500,0.478125,0.393750,0.367188,0.350000,0.412500,0.367188
codon,65_001,0.434245,3.752873,0.378906,0.442969,0.458594,0.378906,0.459375,0.421094,0.442969,0.459375,0.444531,0.458594,0.421094,0.444531
codon,65_010,0.483854,3.449635,0.599219,0.552344,0.391406,0.599219,0.529687,0.463281,0.552344,0.529687,0.367188,0.391406,0.463281,0.367188
codon,65_011,0.438932,3.674044,0.500000,0.398438,0.378125,0.500000,0.478906,0.478906,0.398438,0.478906,0.399219,0.378125,0.478906,0.399219
codon,65_100,0.507292,3.298555,0.520312,0.517188,0.488281,0.520312,0.479688,0.510938,0.517188,0.479688,0.527344,0.488281,0.510938,0.527344
codon,65_101,0.507422,3.359404,0.528906,0.503125,0.506250,0.528906,0.465625,0.512500,0.503125,0.465625,0.528125,0.506250,0.512500,0.528125
codon,65_110,0.517708,3.229009,0.504687,0.595313,0.510156,0.504687,0.448438,0.546875,0.595313,0.448438,0.500781,0.510156,0.546875,0.500781
codon,65_codon,0.538151,2.995502,0.642188,0.600000,0.461719,0.642188,0.535937,0.539844,0.600000,0.535937,0.449219,0.461719,0.539844,0.449219
codon,66,0.359635,4.088124,0.341406,0.399219,0.337500,0.341406,0.364844,0.378125,0.399219,0.364844,0.336719,0.337500,0.378125,0.336719
codon,66_001,0.388932,4.218471,0.300000,0.407813,0.428906,0.300000,0.378906,0.402344,0.407813,0.378906,0.415625,0.428906,0.402344,0.415625
codon,66_010,0.498437,3.468336,0.417188,0.638281,0.529687,0.417188,0.410937,0.445312,0.638281,0.410937,0.549219,0.529687,0.445312,0.549219
codon,66_011,0.406380,4.127465,0.320312,0.416406,0.372656,0.320312,0.382812,0.525000,0.416406,0.382812,0.421094,0.372656,0.525000,0.421094
codon,66_100,0.448698,3.791704,0.517969,0.562500,0.336719,0.517969,0.474219,0.441406,0.562500,0.474219,0.359375,0.336719,0.441406,0.359375
codon,66_101,0.429036,3.910313,0.478125,0.514062,0.369531,0.478125,0.492969,0.394531,0.514062,0.492969,0.325000,0.369531,0.394531,0.325000
codon,66_110,0.497396,3.510585,0.463281,0.540625,0.453125,0.463281,0.517188,0.528125,0.540625,0.517188,0.482031,0.453125,0.528125,0.482031
codon,66_codon,0.529297,3.122285,0.504687,0.513281,0.587500,0.504687,0.469531,0.570312,0.513281,0.469531,0.530469,0.587500,0.570312,0.530469
codon,67,0.366797,4.003207,0.341406,0.344531,0.407813,0.341406,0.344531,0.406250,0.344531,0.344531,0.356250,0.407813,0.406250,0.356250
codon,67_001,0.430469,3.779173,0.366406,0.420312,0.475000,0.366406,0.441406,0.433594,0.420312,0.441406,0.446094,0.475000,0.433594,0.446094
codon,67_010,0.520703,3.201625,0.639844,0.553125,0.459375,0.639844,0.519531,0.508594,0.553125,0.519531,0.443750,0.459375,0.508594,0.443750
codon,67_011,0.437500,3.937703,0.423438,0.435156,0.415625,0.423438,0.399219,0.411719,0.435156,0.399219,0.539844,0.415625,0.411719,0.539844
codon,67_100,0.482422,3.577411,0.525781,0.410937,0.588281,0.525781,0.392188,0.601562,0.410937,0.392188,0.375781,0.588281,0.601562,0.375781
codon,67_101,0.456641,3.790746,0.453125,0.506250,0.480469,0.453125,0.400781,0.428125,0.506250,0.400781,0.471094,0.480469,0.428125,0.471094
codon,67_110,0.460547,3.761795,0.428906,0.519531,0.471875,0.428906,0.431250,0.486719,0.519531,0.431250,0.425000,0.471875,0.486719,0.425000
codon,67_codon,0.519792,3.139396,0.567969,0.534375,0.589844,0.567969,0.464844,0.503906,0.534375,0.464844,0.457812,0.589844,0.503906,0.457812
codon,68,0.374740,3.964598,0.388281,0.339063,0.364062,0.388281,0.379687,0.440625,0.339063,0.379687,0.336719,0.364062,0.440625,0.336719
codon,68_001,0.430599,3.742859,0.387500,0.441406,0.522656,0.387500,0.430469,0.364062,0.441406,0.430469,0.437500,0.522656,0.364062,0.437500
codon,68_010,0.511849,3.272107,0.434375,0.625000,0.563281,0.434375,0.416406,0.450000,0.625000,0.416406,0.582031,0.563281,0.450000,0.582031
codon,68_011,0.450521,3.661647,0.472656,0.401563,0.452344,0.472656,0.374219,0.620313,0.401563,0.374219,0.382031,0.452344,0.620313,0.382031
codon,68_100,0.495313,3.455320,0.490625,0.472656,0.449219,0.490625,0.478906,0.552344,0.472656,0.478906,0.528125,0.449219,0.552344,0.528125
codon,68_101,0.449870,3.661462,0.413281,0.396094,0.339844,0.413281,0.453906,0.554688,0.396094,0.453906,0.541406,0.339844,0.554688,0.541406
codon,68_110,0.492188,3.392094,0.471875,0.434375,0.442187,0.471875,0.496875,0.617969,0.434375,0.496875,0.489844,0.442187,0.617969,0.489844
codon,68_codon,0.519531,3.174619,0.535156,0.528906,0.553125,0.535156,0.445312,0.569531,0.528906,0.445312,0.485156,0.553125,0.569531,0.485156
codon,69,0.365104,3.987946,0.346875,0.334375,0.313281,0.346875,0.393750,0.417188,0.334375,0.393750,0.385156,0.313281,0.417188,0.385156
codon,69_001,0.417578,3.790635,0.408594,0.307813,0.392969,0.408594,0.418750,0.544531,0.307813,0.418750,0.432813,0.392969,0.544531,0.432813
codon,69_010,0.437109,3.930526,0.325000,0.419531,0.344531,0.325000,0.441406,0.656250,0.419531,0.441406,0.435937,0.344531,0.656250,0.435937
codon,69_011,0.424349,3.860900,0.393750,0.410156,0.337500,0.393750,0.413281,0.563281,0.410156,0.413281,0.428125,0.337500,0.563281,0.428125
codon,69_100,0.472005,3.497854,0.435156,0.420312,0.392188,0.435156,0.482812,0.565625,0.420312,0.482812,0.535937,0.392188,0.565625,0.535937
codon,69_101,0.422917,3.885791,0.377344,0.454688,0.336719,0.377344,0.394531,0.603906,0.454688,0.394531,0.370313,0.336719,0.603906,0.370313
codon,69_110,0.479818,3.516388,0.402344,0.516406,0.417188,0.402344,0.465625,0.597656,0.516406,0.465625,0.479688,0.417188,0.597656,0.479688
codon,69_codon,0.534245,3.073200,0.588281,0.471875,0.497656,0.588281,0.512500,0.633594,0.471875,0.512500,0.501563,0.497656,0.633594,0.501563
codon,6_001,0.400260,4.091209,0.417969,0.456250,0.403906,0.417969,0.332031,0.345313,0.456250,0.332031,0.446094,0.403906,0.345313,0.446094
codon,6_010,0.510807,3.403186,0.458594,0.584375,0.575781,0.458594,0.431250,0.467187,0.584375,0.431250,0.547656,0.575781,0.467187,0.547656
codon,6_011,0.407422,4.079447,0.407031,0.416406,0.385938,0.407031,0.407813,0.446875,0.416406,0.407813,0.380469,0.385938,0.446875,0.380469
codon,6_100,0.463802,3.624115,0.415625,0.419531,0.403125,0.415625,0.481250,0.617969,0.419531,0.481250,0.445312,0.403125,0.617969,0.445312
codon,6_101,0.455729,3.649826,0.560937,0.406250,0.500000,0.560937,0.371094,0.551562,0.406250,0.371094,0.344531,0.500000,0.551562,0.344531
codon,6_110,0.500521,3.237278,0.538281,0.595313,0.410937,0.538281,0.538281,0.499219,0.595313,0.538281,0.421094,0.410937,0.499219,0.421094
codon,6_codon,0.540885,3.097963,0.600781,0.633594,0.483594,0.600781,0.546875,0.525781,0.633594,0.546875,0.454688,0.483594,0.525781,0.454688
codon,7,0.344792,4.180497,0.329688,0.403125,0.341406,0.329688,0.292188,0.350000,0.403125,0.292188,0.352344,0.341406,0.350000,0.352344
codon,70,0.361719,4.028164,0.362500,0.396094,0.351562,0.362500,0.314063,0.442969,0.396094,0.314063,0.303125,0.351562,0.442969,0.303125
codon,70_001,0.400911,4.034377,0.361719,0.456250,0.321875,0.361719,0.378906,0.543750,0.456250,0.378906,0.342969,0.321875,0.543750,0.342969
codon,70_010,0.465625,3.740725,0.442969,0.491406,0.443750,0.442969,0.398438,0.634375,0.491406,0.398438,0.382812,0.443750,0.634375,0.382812
codon,70_011,0.392318,4.021686,0.355469,0.411719,0.339063,0.355469,0.396875,0.482031,0.411719,0.396875,0.368750,0.339063,0.482031,0.368750
codon,70_100,0.450521,3.767623,0.405469,0.608594,0.382031,0.405469,0.416406,0.496875,0.608594,0.416406,0.393750,0.382031,0.496875,0.393750
codon,70_101,0.437240,3.790601,0.475000,0.603906,0.365625,0.475000,0.438281,0.408594,0.603906,0.438281,0.332031,0.365625,0.408594,0.332031
codon,70_110,0.480078,3.608385,0.445312,0.563281,0.452344,0.445312,0.410156,0.595313,0.563281,0.410156,0.414062,0.452344,0.595313,0.414062
codon,70_codon,0.519531,3.210449,0.583594,0.515625,0.516406,0.583594,0.479688,0.546875,0.515625,0.479688,0.475000,0.516406,0.546875,0.475000
codon,71,0.357161,4.044038,0.349219,0.389062,0.339063,0.349219,0.372656,0.364844,0.389062,0.372656,0.328125,0.339063,0.364844,0.328125
codon,71_001,0.404818,4.126833,0.446875,0.378906,0.438281,0.446875,0.401563,0.445312,0.378906,0.401563,0.317969,0.438281,0.445312,0.317969
codon,71_010,0.445443,3.830946,0.359375,0.413281,0.348437,0.359375,0.460156,0.591406,0.413281,0.460156,0.500000,0.348437,0.591406,0.500000
codon,71_011,0.467578,3.512122,0.457031,0.544531,0.444531,0.457031,0.486719,0.481250,0.544531,0.486719,0.391406,0.444531,0.481250,0.391406
codon,71_100,0.468620,3.630798,0.416406,0.415625,0.396094,0.416406,0.463281,0.658594,0.415625,0.463281,0.461719,0.396094,0.658594,0.461719
codon,71_101,0.429167,3.953228,0.431250,0.332031,0.432031,0.431250,0.443750,0.557031,0.332031,0.443750,0.378906,0.432031,0.557031,0.378906
codon,71_110,0.481120,3.399195,0.442187,0.570312,0.392969,0.442187,0.456250,0.592187,0.570312,0.456250,0.432813,0.392969,0.592187,0.432813
codon,71_codon,0.542708,3.192256,0.500000,0.610938,0.611719,0.500000,0.460938,0.518750,0.610938,0.460938,0.553906,0.611719,0.518750,0.553906
codon,72,0.379687,3.969599,0.378906,0.439844,0.386719,0.378906,0.382812,0.345313,0.439844,0.382812,0.344531,0.386719,0.345313,0.344531
codon,72_001,0.435286,3.755497,0.432031,0.548438,0.384375,0.432031,0.382031,0.510938,0.548438,0.382031,0.353906,0.384375,0.510938,0.353906
codon,72_010,0.502604,3.432158,0.433594,0.627344,0.564063,0.433594,0.400000,0.445312,0.627344,0.400000,0.545312,0.564063,0.445312,0.545312
codon,72_011,0.466146,3.547752,0.462500,0.649219,0.403125,0.462500,0.423438,0.482812,0.649219,0.423438,0.375781,0.403125,0.482812,0.375781
codon,72_100,0.496484,3.429746,0.420312,0.557813,0.594531,0.420312,0.434375,0.462500,0.557813,0.434375,0.509375,0.594531,0.462500,0.509375
codon,72_101,0.453516,3.717800,0.448438,0.556250,0.432813,0.448438,0.361719,0.538281,0.556250,0.361719,0.383594,0.432813,0.538281,0.383594
codon,72_110,0.487760,3.602876,0.463281,0.559375,0.439063,0.463281,0.464844,0.509375,0.559375,0.464844,0.490625,0.439063,0.509375,0.490625
codon,72_codon,0.542969,3.207650,0.479688,0.632812,0.586719,0.479688,0.467969,0.515625,0.632812,0.467969,0.575000,0.586719,0.515625,0.575000
codon,73,0.380078,3.857743,0.380469,0.430469,0.392969,0.380469,0.321875,0.378906,0.430469,0.321875,0.375781,0.392969,0.378906,0.375781
codon,73_001,0.388411,4.198513,0.349219,0.429688,0.433594,0.349219,0.386719,0.355469,0.429688,0.386719,0.375781,0.433594,0.355469,0.375781
codon,73_010,0.498568,3.268994,0.637500,0.552344,0.404687,0.637500,0.523438,0.473437,0.552344,0.523438,0.400000,0.404687,0.473437,0.400000
codon,73_011,0.447005,3.706180,0.550781,0.469531,0.410156,0.550781,0.403906,0.428125,0.469531,0.403906,0.419531,0.410156,0.428125,0.419531
codon,73_100,0.463411,3.549461,0.510938,0.650781,0.342187,0.510938,0.489844,0.446875,0.650781,0.489844,0.339844,0.342187,0.446875,0.339844
codon,73_101,0.439583,3.757142,0.445312,0.492969,0.365625,0.445312,0.512500,0.424219,0.492969,0.512500,0.396875,0.365625,0.424219,0.396875
codon,73_110,0.537760,3.106675,0.654687,0.566406,0.466406,0.654687,0.556250,0.525000,0.566406,0.556250,0.457812,0.466406,0.525000,0.457812
codon,73_codon,0.544922,3.009603,0.667969,0.588281,0.484375,0.667969,0.547656,0.515625,0.588281,0.547656,0.465625,0.484375,0.515625,0.465625
codon,74,0.370573,4.075632,0.431250,0.372656,0.362500,0.431250,0.413281,0.349219,0.372656,0.413281,0.294531,0.362500,0.349219,0.294531
codon,74_001,0.411719,3.957636,0.453906,0.402344,0.436719,0.453906,0.465625,0.382812,0.402344,0.465625,0.328906,0.436719,0.382812,0.328906
codon,74_010,0.471224,3.533229,0.492969,0.439844,0.446875,0.492969,0.389844,0.687500,0.439844,0.389844,0.370313,0.446875,0.687500,0.370313
codon,74_011,0.435807,3.781701,0.380469,0.396094,0.366406,0.380469,0.395312,0.680469,0.396094,0.395312,0.396094,0.366406,0.680469,0.396094
codon,74_100,0.471094,3.479377,0.444531,0.539844,0.475000,0.444531,0.404687,0.450781,0.539844,0.404687,0.511719,0.475000,0.450781,0.511719
codon,74_101,0.461068,3.679918,0.400000,0.573438,0.506250,0.400000,0.368750,0.389844,0.573438,0.368750,0.528125,0.506250,0.389844,0.528125
codon,74_110,0.505599,3.368769,0.564063,0.479688,0.481250,0.564063,0.463281,0.574219,0.479688,0.463281,0.471094,0.481250,0.574219,0.471094
codon,74_codon,0.525260,2.979458,0.567187,0.503125,0.584375,0.567187,0.450000,0.546875,0.503125,0.450000,0.500000,0.584375,0.546875,0.500000
codon,75,0.377474,4.033050,0.367188,0.377344,0.354688,0.367188,0.349219,0.465625,0.377344,0.349219,0.350781,0.354688,0.465625,0.350781
codon,75_001,0.442318,3.711346,0.403906,0.535937,0.453906,0.403906,0.341406,0.517969,0.535937,0.341406,0.400781,0.453906,0.517969,0.400781
codon,75_010,0.428776,3.905755,0.328125,0.397656,0.336719,0.328125,0.431250,0.660156,0.397656,0.431250,0.418750,0.336719,0.660156,0.418750
codon,75_011,0.419271,3.894285,0.398438,0.430469,0.440625,0.398438,0.442969,0.448438,0.430469,0.442969,0.354688,0.440625,0.448438,0.354688
codon,75_100,0.454036,3.639413,0.382031,0.390625,0.346875,0.382031,0.547656,0.595313,0.390625,0.547656,0.461719,0.346875,0.595313,0.461719
codon,75_101,0.406641,4.046469,0.361719,0.370313,0.437500,0.361719,0.471094,0.424219,0.370313,0.471094,0.375000,0.437500,0.424219,0.375000
codon,75_110,0.512760,3.362756,0.428906,0.580469,0.566406,0.428906,0.453125,0.527344,0.580469,0.453125,0.520312,0.566406,0.527344,0.520312
codon,75_codon,0.525000,3.231210,0.592969,0.567969,0.471875,0.592969,0.527344,0.518750,0.567969,0.527344,0.471094,0.471875,0.518750,0.471094
codon,76,0.350911,4.037808,0.353125,0.343750,0.369531,0.353125,0.334375,0.396094,0.343750,0.334375,0.308594,0.369531,0.396094,0.308594
codon,76_001,0.437760,3.742068,0.401563,0.543750,0.328125,0.401563,0.438281,0.522656,0.543750,0.438281,0.392188,0.328125,0.522656,0.392188
codon,76_010,0.451432,3.804877,0.366406,0.443750,0.335938,0.366406,0.492188,0.583594,0.443750,0.492188,0.486719,0.335938,0.583594,0.486719
codon,76_011,0.426042,3.934074,0.366406,0.407031,0.353125,0.366406,0.376563,0.692969,0.407031,0.376563,0.360156,0.353125,0.692969,0.360156
codon,76_100,0.463411,3.575949,0.454688,0.550781,0.385938,0.454688,0.534375,0.472656,0.550781,0.534375,0.382031,0.385938,0.472656,0.382031
codon,76_101,0.424740,3.997757,0.514062,0.435937,0.347656,0.514062,0.407813,0.409375,0.435937,0.407813,0.433594,0.347656,0.409375,0.433594
codon,76_110,0.520182,3.288194,0.470313,0.616406,0.549219,0.470313,0.459375,0.488281,0.616406,0.459375,0.537500,0.549219,0.488281,0.537500
codon,76_codon,0.539062,3.006045,0.578906,0.584375,0.521875,0.578906,0.498437,0.550000,0.584375,0.498437,0.500781,0.521875,0.550000,0.500781
codon,77,0.361068,4.087489,0.372656,0.414844,0.337500,0.372656,0.359375,0.355469,0.414844,0.359375,0.326562,0.337500,0.355469,0.326562
codon,77_001,0.427083,3.801963,0.478125,0.497656,0.411719,0.478125,0.349219,0.505469,0.497656,0.349219,0.320312,0.411719,0.505469,0.320312
codon,77_010,0.442318,3.835752,0.348437,0.401563,0.361719,0.348437,0.500000,0.589844,0.401563,0.500000,0.452344,0.361719,0.589844,0.452344
codon,77_011,0.463802,3.515161,0.479688,0.446875,0.609375,0.479688,0.404687,0.427344,0.446875,0.404687,0.414844,0.609375,0.427344,0.414844
codon,77_100,0.455208,3.708929,0.510156,0.539062,0.382812,0.510156,0.470313,0.447656,0.539062,0.470313,0.381250,0.382812,0.447656,0.381250
codon,77_101,0.469922,3.547229,0.382812,0.660156,0.496094,0.382812,0.366406,0.414062,0.660156,0.366406,0.500000,0.496094,0.414062,0.500000
codon,77_110,0.480599,3.529297,0.461719,0.528906,0.462500,0.461719,0.407031,0.618750,0.528906,0.407031,0.404687,0.462500,0.618750,0.404687
codon,77_codon,0.508333,3.370208,0.455469,0.647656,0.479688,0.455469,0.457812,0.514844,0.647656,0.457812,0.494531,0.479688,0.514844,0.494531
codon,78,0.379687,3.998874,0.382031,0.378125,0.365625,0.382031,0.356250,0.478125,0.378125,0.356250,0.317969,0.365625,0.478125,0.317969
codon,78_001,0.395833,4.038128,0.382031,0.435156,0.296094,0.382031,0.405469,0.542188,0.435156,0.405469,0.314063,0.296094,0.542188,0.314063
codon,78_010,0.453906,3.796312,0.356250,0.424219,0.371094,0.356250,0.454688,0.583594,0.424219,0.454688,0.533594,0.371094,0.583594,0.533594
codon,78_011,0.416406,3.986241,0.379687,0.418750,0.325781,0.379687,0.424219,0.584375,0.418750,0.424219,0.365625,0.325781,0.584375,0.365625
codon,78_100,0.467969,3.610517,0.500000,0.415625,0.565625,0.500000,0.375781,0.588281,0.415625,0.375781,0.362500,0.565625,0.588281,0.362500
codon,78_101,0.426042,3.908510,0.479688,0.420312,0.446875,0.479688,0.468750,0.391406,0.420312,0.468750,0.349219,0.446875,0.391406,0.349219
codon,78_110,0.501823,3.466267,0.475000,0.435937,0.482031,0.475000,0.472656,0.671094,0.435937,0.472656,0.474219,0.482031,0.671094,0.474219
codon,78_codon,0.524609,3.254021,0.608594,0.528125,0.514844,0.608594,0.491406,0.564063,0.528125,0.491406,0.440625,0.514844,0.564063,0.440625
codon,79,0.381641,3.892329,0.346875,0.382812,0.402344,0.346875,0.353906,0.398438,0.382812,0.353906,0.405469,0.402344,0.398438,0.405469
codon,79_001,0.400911,4.071039,0.456250,0.446875,0.319531,0.456250,0.425000,0.343750,0.446875,0.425000,0.414062,0.319531,0.343750,0.414062
codon,79_010,0.459766,3.608027,0.496094,0.425000,0.451562,0.496094,0.372656,0.650781,0.425000,0.372656,0.362500,0.451562,0.650781,0.362500
codon,79_011,0.466016,3.552971,0.531250,0.395312,0.472656,0.531250,0.362500,0.677344,0.395312,0.362500,0.357031,0.472656,0.677344,0.357031
codon,79_100,0.472135,3.465135,0.429688,0.518750,0.473437,0.429688,0.417969,0.470313,0.518750,0.417969,0.522656,0.473437,0.470313,0.522656
codon,79_101,0.431771,3.827905,0.386719,0.403906,0.367188,0.386719,0.390625,0.668750,0.403906,0.390625,0.373437,0.367188,0.668750,0.373437
codon,79_110,0.476693,3.566072,0.485938,0.500000,0.479688,0.485938,0.413281,0.548438,0.500000,0.413281,0.432813,0.479688,0.548438,0.432813
codon,79_codon,0.511849,3.254401,0.515625,0.441406,0.510938,0.515625,0.459375,0.632812,0.441406,0.459375,0.510938,0.510938,0.632812,0.510938
codon,7_001,0.413021,4.085348,0.413281,0.317187,0.415625,0.413281,0.390625,0.538281,0.317187,0.390625,0.403125,0.415625,0.538281,0.403125
codon,7_010,0.473307,3.549582,0.507031,0.513281,0.406250,0.507031,0.531250,0.477344,0.513281,0.531250,0.404687,0.406250,0.477344,0.404687
codon,7_011,0.409245,4.103566,0.339844,0.352344,0.353125,0.339844,0.418750,0.557031,0.352344,0.418750,0.434375,0.353125,0.557031,0.434375
codon,7_100,0.457552,3.738769,0.520312,0.565625,0.369531,0.520312,0.478906,0.454688,0.565625,0.478906,0.356250,0.369531,0.454688,0.356250
codon,7_101,0.421484,3.907155,0.510938,0.380469,0.357812,0.510938,0.394531,0.476562,0.380469,0.394531,0.408594,0.357812,0.476562,0.408594
codon,7_110,0.515234,3.283211,0.569531,0.580469,0.475781,0.569531,0.516406,0.496875,0.580469,0.516406,0.452344,0.475781,0.496875,0.452344
codon,7_codon,0.539193,3.168323,0.596875,0.624219,0.471094,0.596875,0.567187,0.530469,0.624219,0.567187,0.445312,0.471094,0.530469,0.445312
codon,8,0.356250,4.073012,0.318750,0.347656,0.288281,0.318750,0.349219,0.455469,0.347656,0.349219,0.378125,0.288281,0.455469,0.378125
codon,80,0.357682,4.107476,0.371875,0.362500,0.372656,0.371875,0.313281,0.402344,0.362500,0.313281,0.323438,0.372656,0.402344,0.323438
codon,80_001,0.383984,4.215114,0.394531,0.289062,0.428906,0.394531,0.388281,0.500000,0.289062,0.388281,0.303125,0.428906,0.500000,0.303125
codon,80_010,0.480990,3.546055,0.510156,0.519531,0.426562,0.510156,0.525781,0.488281,0.519531,0.525781,0.415625,0.426562,0.488281,0.415625
codon,80_011,0.465104,3.557507,0.444531,0.659375,0.403125,0.444531,0.409375,0.484375,0.659375,0.409375,0.389844,0.403125,0.484375,0.389844
codon,80_100,0.486328,3.489022,0.477344,0.471094,0.525000,0.477344,0.442969,0.583594,0.471094,0.442969,0.417969,0.525000,0.583594,0.417969
codon,80_101,0.483073,3.452837,0.380469,0.656250,0.500781,0.380469,0.379687,0.468750,0.656250,0.379687,0.512500,0.500781,0.468750,0.512500
codon,80_110,0.475130,3.633740,0.435937,0.538281,0.491406,0.435937,0.413281,0.528906,0.538281,0.413281,0.442969,0.491406,0.528906,0.442969
codon,80_codon,0.539323,3.178614,0.596094,0.613281,0.497656,0.596094,0.539844,0.542188,0.613281,0.539844,0.446875,0.497656,0.542188,0.446875
codon,81,0.352083,4.084202,0.367969,0.365625,0.329688,0.367969,0.358594,0.391406,0.365625,0.358594,0.299219,0.329688,0.391406,0.299219
codon,81_001,0.382812,4.227929,0.314844,0.390625,0.418750,0.314844,0.370313,0.406250,0.390625,0.370313,0.396094,0.418750,0.406250,0.396094
codon,81_010,0.460286,3.716830,0.390625,0.443750,0.432031,0.390625,0.443750,0.540625,0.443750,0.443750,0.510938,0.432031,0.540625,0.510938
codon,81_011,0.437370,3.917650,0.360156,0.369531,0.364062,0.360156,0.421875,0.611719,0.369531,0.421875,0.496875,0.364062,0.611719,0.496875
codon,81_100,0.475260,3.612472,0.526563,0.532813,0.432031,0.526563,0.467187,0.500000,0.532813,0.467187,0.392969,0.432031,0.500000,0.392969
codon,81_101,0.421745,3.796708,0.459375,0.432813,0.350000,0.459375,0.472656,0.462500,0.432813,0.472656,0.353125,0.350000,0.462500,0.353125
codon,81_110,0.493620,3.403168,0.464063,0.498437,0.435156,0.464063,0.516406,0.564844,0.498437,0.516406,0.482812,0.435156,0.564844,0.482812
codon,81_codon,0.525260,3.162687,0.500000,0.560937,0.544531,0.500000,0.470313,0.535156,0.560937,0.470313,0.540625,0.544531,0.535156,0.540625
codon,82,0.370182,4.111103,0.342969,0.357812,0.322656,0.342969,0.383594,0.467187,0.357812,0.383594,0.346875,0.322656,0.467187,0.346875
codon,82_001,0.373958,4.288963,0.290625,0.380469,0.440625,0.290625,0.350781,0.391406,0.380469,0.350781,0.389844,0.440625,0.391406,0.389844
codon,82_010,0.476432,3.577387,0.497656,0.500000,0.443750,0.497656,0.525000,0.496875,0.500000,0.525000,0.395312,0.443750,0.496875,0.395312
codon,82_011,0.420703,3.960701,0.382812,0.444531,0.389062,0.382812,0.479688,0.447656,0.444531,0.479688,0.380469,0.389062,0.447656,0.380469
codon,82_100,0.471615,3.496136,0.397656,0.400000,0.385938,0.397656,0.490625,0.607812,0.400000,0.490625,0.547656,0.385938,0.607812,0.547656
codon,82_101,0.395182,4.226629,0.371094,0.371875,0.473437,0.371094,0.410937,0.412500,0.371875,0.410937,0.331250,0.473437,0.412500,0.331250
codon,82_110,0.503125,3.401083,0.479688,0.517969,0.509375,0.479688,0.497656,0.572656,0.517969,0.497656,0.441406,0.509375,0.572656,0.441406
codon,82_codon,0.531641,3.207336,0.575781,0.621094,0.500000,0.575781,0.514844,0.525781,0.621094,0.514844,0.452344,0.500000,0.525781,0.452344
codon,83,0.349089,4.127189,0.300000,0.406250,0.387500,0.300000,0.290625,0.348437,0.406250,0.290625,0.361719,0.387500,0.348437,0.361719
codon,83_001,0.428255,3.753694,0.417969,0.363281,0.497656,0.417969,0.427344,0.482812,0.363281,0.427344,0.380469,0.497656,0.482812,0.380469
codon,83_010,0.441667,3.898652,0.339063,0.425781,0.344531,0.339063,0.446875,0.663281,0.425781,0.446875,0.430469,0.344531,0.663281,0.430469
codon,83_011,0.459245,3.637873,0.514844,0.407031,0.489844,0.514844,0.367969,0.592969,0.407031,0.367969,0.382812,0.489844,0.592969,0.382812
codon,83_100,0.466406,3.556617,0.407813,0.578906,0.485938,0.407813,0.379687,0.427344,0.578906,0.379687,0.518750,0.485938,0.427344,0.518750
codon,83_101,0.409115,4.010470,0.375000,0.552344,0.403125,0.375000,0.396094,0.335938,0.552344,0.396094,0.392188,0.403125,0.335938,0.392188
codon,83_110,0.473177,3.635088,0.408594,0.563281,0.382812,0.408594,0.459375,0.611719,0.563281,0.459375,0.413281,0.382812,0.611719,0.413281
codon,83_codon,0.505078,3.214905,0.520312,0.517188,0.588281,0.520312,0.407031,0.533594,0.517188,0.407031,0.464063,0.588281,0.533594,0.464063
codon,84,0.367578,3.980088,0.289062,0.407031,0.371875,0.289062,0.303906,0.424219,0.407031,0.303906,0.409375,0.371875,0.424219,0.409375
codon,84_001,0.429427,3.747811,0.500781,0.366406,0.392969,0.500781,0.385156,0.485938,0.366406,0.385156,0.445312,0.392969,0.485938,0.445312
codon,84_010,0.491146,3.256145,0.550781,0.442969,0.563281,0.550781,0.420312,0.571094,0.442969,0.420312,0.398438,0.563281,0.571094,0.398438
codon,84_011,0.484505,3.349150,0.549219,0.404687,0.620313,0.549219,0.378906,0.560937,0.404687,0.378906,0.392969,0.620313,0.560937,0.392969
codon,84_100,0.489323,3.530740,0.523438,0.438281,0.512500,0.523438,0.406250,0.641406,0.438281,0.406250,0.414062,0.512500,0.641406,0.414062
codon,84_101,0.453516,3.777437,0.553125,0.353906,0.478906,0.553125,0.367969,0.602344,0.353906,0.367969,0.364844,0.478906,0.602344,0.364844
codon,84_110,0.515885,3.356757,0.557813,0.547656,0.485156,0.557813,0.535156,0.527344,0.547656,0.535156,0.442187,0.485156,0.527344,0.442187
codon,84_codon,0.535937,3.279111,0.529687,0.556250,0.581250,0.529687,0.474219,0.557031,0.556250,0.474219,0.517188,0.581250,0.557031,0.517188
codon,85,0.380599,4.016715,0.371875,0.389062,0.333594,0.371875,0.380469,0.458594,0.389062,0.380469,0.350000,0.333594,0.458594,0.350000
codon,85_001,0.406901,4.108783,0.472656,0.377344,0.437500,0.472656,0.319531,0.425000,0.377344,0.319531,0.409375,0.437500,0.425000,0.409375
codon,85_010,0.478125,3.615425,0.405469,0.557813,0.518750,0.405469,0.400000,0.428125,0.557813,0.400000,0.558594,0.518750,0.428125,0.558594
codon,85_011,0.426953,3.983404,0.365625,0.365625,0.353125,0.365625,0.450781,0.608594,0.365625,0.450781,0.417969,0.353125,0.608594,0.417969
codon,85_100,0.464714,3.666445,0.487500,0.629687,0.362500,0.487500,0.481250,0.459375,0.629687,0.481250,0.367969,0.362500,0.459375,0.367969
codon,85_101,0.438281,3.746397,0.449219,0.568750,0.427344,0.449219,0.354688,0.486719,0.568750,0.354688,0.342969,0.427344,0.486719,0.342969
codon,85_110,0.500781,3.446076,0.460156,0.501563,0.488281,0.460156,0.493750,0.598437,0.501563,0.493750,0.462500,0.488281,0.598437,0.462500
codon,85_codon,0.538281,3.180039,0.585938,0.617188,0.492969,0.585938,0.538281,0.545312,0.617188,0.538281,0.450000,0.492969,0.545312,0.450000
codon,86,0.367318,4.052098,0.382812,0.373437,0.373437,0.382812,0.350781,0.368750,0.373437,0.350781,0.354688,0.373437,0.368750,0.354688
codon,86_001,0.413672,3.938241,0.466406,0.382031,0.314844,0.466406,0.445312,0.449219,0.382031,0.445312,0.424219,0.314844,0.449219,0.424219
codon,86_010,0.456120,3.745645,0.392188,0.435937,0.382031,0.392188,0.437500,0.662500,0.435937,0.437500,0.426562,0.382031,0.662500,0.426562
codon,86_011,0.465625,3.451458,0.420312,0.635938,0.428125,0.420312,0.421094,0.470313,0.635938,0.421094,0.417969,0.428125,0.470313,0.417969
codon,86_100,0.459245,3.527819,0.453125,0.632031,0.383594,0.453125,0.439844,0.474219,0.632031,0.439844,0.372656,0.383594,0.474219,0.372656
codon,86_101,0.430078,3.775589,0.375000,0.544531,0.312500,0.375000,0.439844,0.504687,0.544531,0.439844,0.403906,0.312500,0.504687,0.403906
codon,86_110,0.465495,3.684905,0.433594,0.582031,0.357031,0.433594,0.489844,0.521094,0.582031,0.489844,0.409375,0.357031,0.521094,0.409375
codon,86_codon,0.536458,3.133074,0.582812,0.603906,0.494531,0.582812,0.520312,0.543750,0.603906,0.520312,0.473437,0.494531,0.543750,0.473437
codon,87,0.351953,4.088471,0.325000,0.339063,0.336719,0.325000,0.324219,0.439063,0.339063,0.324219,0.347656,0.336719,0.439063,0.347656
codon,87_001,0.415625,3.862364,0.353125,0.437500,0.378125,0.353125,0.347656,0.593750,0.437500,0.347656,0.383594,0.378125,0.593750,0.383594
codon,87_010,0.497526,3.335517,0.616406,0.557031,0.412500,0.616406,0.509375,0.496875,0.557031,0.509375,0.392969,0.412500,0.496875,0.392969
codon,87_011,0.402083,4.177077,0.314063,0.448438,0.406250,0.314063,0.371875,0.446875,0.448438,0.371875,0.425000,0.406250,0.446875,0.425000
codon,87_100,0.468229,3.662067,0.367188,0.402344,0.374219,0.367188,0.498437,0.669531,0.402344,0.498437,0.497656,0.374219,0.669531,0.497656
codon,87_101,0.444401,3.737071,0.369531,0.480469,0.372656,0.369531,0.382812,0.674219,0.480469,0.382812,0.386719,0.372656,0.674219,0.386719
codon,87_110,0.500391,3.348078,0.437500,0.442187,0.442187,0.437500,0.509375,0.630469,0.442187,0.509375,0.540625,0.442187,0.630469,0.540625
codon,87_codon,0.527214,3.114963,0.525781,0.515625,0.582031,0.525781,0.460156,0.578906,0.515625,0.460156,0.500781,0.582031,0.578906,0.500781
codon,88,0.358203,4.102865,0.339063,0.376563,0.326562,0.339063,0.346094,0.411719,0.376563,0.346094,0.349219,0.326562,0.411719,0.349219
codon,88_001,0.388411,4.148257,0.307813,0.412500,0.389844,0.307813,0.337500,0.491406,0.412500,0.337500,0.391406,0.389844,0.491406,0.391406
codon,88_010,0.436068,3.885066,0.347656,0.397656,0.337500,0.347656,0.440625,0.587500,0.397656,0.440625,0.505469,0.337500,0.587500,0.505469
codon,88_011,0.480599,3.498462,0.372656,0.595313,0.524219,0.372656,0.390625,0.431250,0.595313,0.390625,0.569531,0.524219,0.431250,0.569531
codon,88_100,0.446094,3.761768,0.529687,0.573438,0.340625,0.529687,0.470313,0.421094,0.573438,0.470313,0.341406,0.340625,0.421094,0.341406
codon,88_101,0.432161,3.911161,0.433594,0.411719,0.521094,0.433594,0.446094,0.397656,0.411719,0.446094,0.382812,0.521094,0.397656,0.382812
codon,88_110,0.467187,3.570774,0.453906,0.503125,0.389062,0.453906,0.460156,0.546875,0.503125,0.460156,0.450000,0.389062,0.546875,0.450000
codon,88_codon,0.532943,3.105064,0.612500,0.610156,0.474219,0.612500,0.535937,0.510938,0.610156,0.535937,0.453906,0.474219,0.510938,0.453906
codon,89,0.374740,3.908562,0.385156,0.410937,0.363281,0.385156,0.329688,0.407813,0.410937,0.329688,0.351562,0.363281,0.407813,0.351562
codon,89_001,0.392318,4.127600,0.401563,0.411719,0.428906,0.401563,0.288281,0.370313,0.411719,0.288281,0.453125,0.428906,0.370313,0.453125
codon,89_010,0.480859,3.326497,0.569531,0.397656,0.580469,0.569531,0.378906,0.574219,0.397656,0.378906,0.384375,0.580469,0.574219,0.384375
codon,89_011,0.466146,3.444778,0.564063,0.396875,0.517969,0.564063,0.355469,0.550000,0.396875,0.355469,0.412500,0.517969,0.550000,0.412500
codon,89_100,0.453906,3.505466,0.413281,0.404687,0.365625,0.413281,0.553125,0.563281,0.404687,0.553125,0.423438,0.365625,0.563281,0.423438
codon,89_101,0.430859,3.842976,0.347656,0.446094,0.415625,0.347656,0.336719,0.632031,0.446094,0.336719,0.407031,0.415625,0.632031,0.407031
codon,89_110,0.510026,3.173667,0.584375,0.462500,0.518750,0.584375,0.471094,0.599219,0.462500,0.471094,0.424219,0.518750,0.599219,0.424219
codon,89_codon,0.530990,3.103899,0.510938,0.664062,0.489062,0.510938,0.469531,0.568750,0.664062,0.469531,0.483594,0.489062,0.568750,0.483594
codon,8_001,0.408724,3.846929,0.465625,0.346094,0.354688,0.465625,0.374219,0.474219,0.346094,0.374219,0.437500,0.354688,0.474219,0.437500
codon,8_010,0.493229,3.562632,0.430469,0.571875,0.507812,0.430469,0.434375,0.450781,0.571875,0.434375,0.564063,0.507812,0.450781,0.564063
codon,8_011,0.462891,3.566355,0.487500,0.557031,0.412500,0.487500,0.501563,0.447656,0.557031,0.501563,0.371094,0.412500,0.447656,0.371094
codon,8_100,0.453255,3.629263,0.376563,0.395312,0.378906,0.376563,0.537500,0.563281,0.395312,0.537500,0.467969,0.378906,0.563281,0.467969
codon,8_101,0.464974,3.672732,0.496094,0.396094,0.540625,0.496094,0.378125,0.595313,0.396094,0.378125,0.383594,0.540625,0.595313,0.383594
codon,8_110,0.530990,3.341573,0.518750,0.516406,0.517188,0.518750,0.504687,0.625000,0.516406,0.504687,0.503906,0.517188,0.625000,0.503906
codon,8_codon,0.530859,2.975098,0.583594,0.560156,0.462500,0.583594,0.503906,0.570312,0.560156,0.503906,0.504687,0.462500,0.570312,0.504687
codon,9,0.387370,3.790936,0.407813,0.416406,0.316406,0.407813,0.397656,0.428125,0.416406,0.397656,0.357812,0.316406,0.428125,0.357812
codon,90,0.361979,4.112407,0.352344,0.319531,0.370313,0.352344,0.321875,0.439844,0.319531,0.321875,0.367969,0.370313,0.439844,0.367969
codon,90_001,0.388411,4.220708,0.357812,0.437500,0.432031,0.357812,0.385156,0.353906,0.437500,0.385156,0.364062,0.432031,0.353906,0.364062
codon,90_010,0.445052,3.811926,0.335156,0.386719,0.339063,0.335156,0.528125,0.624219,0.386719,0.528125,0.457031,0.339063,0.624219,0.457031
codon,90_011,0.432552,3.982128,0.341406,0.386719,0.342969,0.341406,0.417188,0.685156,0.386719,0.417188,0.421875,0.342969,0.685156,0.421875
codon,90_100,0.443490,3.683886,0.444531,0.534375,0.339844,0.444531,0.547656,0.437500,0.534375,0.547656,0.357031,0.339844,0.437500,0.357031
codon,90_101,0.410156,3.996400,0.316406,0.447656,0.425000,0.316406,0.319531,0.521094,0.447656,0.319531,0.431250,0.425000,0.521094,0.431250
codon,90_110,0.521484,3.191455,0.585938,0.506250,0.484375,0.585938,0.491406,0.589063,0.506250,0.491406,0.471875,0.484375,0.589063,0.471875
codon,90_codon,0.535026,3.145807,0.488281,0.564063,0.611719,0.488281,0.473437,0.519531,0.564063,0.473437,0.553125,0.611719,0.519531,0.553125
codon,91,0.369271,3.932138,0.346094,0.383594,0.353906,0.346094,0.314063,0.454688,0.383594,0.314063,0.363281,0.353906,0.454688,0.363281
codon,91_001,0.384505,4.209155,0.402344,0.301562,0.439844,0.402344,0.378906,0.488281,0.301562,0.378906,0.296094,0.439844,0.488281,0.296094
codon,91_010,0.501302,3.310771,0.450000,0.558594,0.566406,0.450000,0.445312,0.467969,0.558594,0.445312,0.519531,0.566406,0.467969,0.519531
codon,91_011,0.457943,3.444234,0.535156,0.410156,0.478906,0.535156,0.374219,0.564063,0.410156,0.374219,0.385156,0.478906,0.564063,0.385156
codon,91_100,0.504557,3.452215,0.489844,0.463281,0.480469,0.489844,0.479688,0.611719,0.463281,0.479688,0.502344,0.480469,0.611719,0.502344
codon,91_101,0.454427,3.655884,0.421875,0.360156,0.397656,0.421875,0.446875,0.649219,0.360156,0.446875,0.450781,0.397656,0.649219,0.450781
codon,91_110,0.515625,3.247502,0.514062,0.467187,0.422656,0.514062,0.564844,0.611719,0.467187,0.564844,0.513281,0.422656,0.611719,0.513281
codon,91_codon,0.544010,2.994041,0.641406,0.560937,0.514844,0.641406,0.516406,0.527344,0.560937,0.516406,0.503125,0.514844,0.527344,0.503125
codon,92,0.376693,4.041751,0.404687,0.395312,0.355469,0.404687,0.408594,0.375000,0.395312,0.408594,0.321094,0.355469,0.375000,0.321094
codon,92_001,0.434896,3.719189,0.356250,0.507812,0.388281,0.356250,0.381250,0.530469,0.507812,0.381250,0.445312,0.388281,0.530469,0.445312
codon,92_010,0.498958,3.332566,0.435937,0.630469,0.529687,0.435937,0.432031,0.442187,0.630469,0.432031,0.523438,0.529687,0.442187,0.523438
codon,92_011,0.422135,4.018991,0.412500,0.432031,0.400781,0.412500,0.416406,0.507031,0.432031,0.416406,0.364062,0.400781,0.507031,0.364062
codon,92_100,0.471094,3.622669,0.400781,0.401563,0.395312,0.400781,0.496875,0.642969,0.401563,0.496875,0.489062,0.395312,0.642969,0.489062
codon,92_101,0.463802,3.656237,0.392188,0.435937,0.406250,0.392188,0.442187,0.642969,0.435937,0.442187,0.463281,0.406250,0.642969,0.463281
codon,92_110,0.527083,3.197421,0.577344,0.511719,0.448438,0.577344,0.557813,0.576562,0.511719,0.557813,0.490625,0.448438,0.576562,0.490625
codon,92_codon,0.546094,3.057870,0.680469,0.571094,0.475000,0.680469,0.559375,0.528906,0.571094,0.559375,0.461719,0.475000,0.528906,0.461719
codon,93,0.389453,3.852248,0.379687,0.489062,0.403906,0.379687,0.317187,0.389844,0.489062,0.317187,0.357031,0.403906,0.389844,0.357031
codon,93_001,0.420182,3.863627,0.427344,0.520312,0.382031,0.427344,0.364844,0.492188,0.520312,0.364844,0.334375,0.382031,0.492188,0.334375
codon,93_010,0.488281,3.599595,0.435937,0.543750,0.489062,0.435937,0.439063,0.459375,0.543750,0.439063,0.562500,0.489062,0.459375,0.562500
codon,93_011,0.488672,3.374777,0.589844,0.570312,0.393750,0.589844,0.512500,0.473437,0.570312,0.512500,0.392188,0.393750,0.473437,0.392188
codon,93_100,0.468490,3.665477,0.472656,0.644531,0.386719,0.472656,0.469531,0.469531,0.644531,0.469531,0.367969,0.386719,0.469531,0.367969
codon,93_101,0.462500,3.618554,0.446094,0.679688,0.403906,0.446094,0.408594,0.453125,0.679688,0.408594,0.383594,0.403906,0.453125,0.383594
codon,93_110,0.466667,3.708997,0.387500,0.572656,0.396875,0.387500,0.433594,0.581250,0.572656,0.433594,0.428125,0.396875,0.581250,0.428125
codon,93_codon,0.530339,3.250818,0.504687,0.557031,0.577344,0.504687,0.478906,0.508594,0.557031,0.478906,0.555469,0.577344,0.508594,0.555469
codon,94,0.369531,4.076775,0.353906,0.424219,0.359375,0.353906,0.367969,0.374219,0.424219,0.367969,0.337500,0.359375,0.374219,0.337500
codon,94_001,0.424089,3.735432,0.400000,0.510938,0.315625,0.400000,0.423438,0.517188,0.510938,0.423438,0.377344,0.315625,0.517188,0.377344
codon,94_010,0.493359,3.542989,0.456250,0.557813,0.501563,0.456250,0.450000,0.453125,0.557813,0.450000,0.541406,0.501563,0.453125,0.541406
codon,94_011,0.404557,4.033320,0.421875,0.436719,0.365625,0.421875,0.420312,0.382031,0.436719,0.420312,0.400781,0.365625,0.382031,0.400781
codon,94_100,0.471484,3.469164,0.513281,0.640625,0.361719,0.513281,0.489844,0.465625,0.640625,0.489844,0.357812,0.361719,0.465625,0.357812
codon,94_101,0.440365,3.806879,0.403906,0.490625,0.344531,0.403906,0.466406,0.503125,0.490625,0.466406,0.433594,0.344531,0.503125,0.433594
codon,94_110,0.477474,3.667699,0.457031,0.621875,0.385938,0.457031,0.496094,0.504687,0.621875,0.496094,0.399219,0.385938,0.504687,0.399219
codon,94_codon,0.519010,3.176583,0.550000,0.535156,0.521094,0.550000,0.499219,0.508594,0.535156,0.499219,0.500000,0.521094,0.508594,0.500000
codon,95,0.357682,4.080119,0.343750,0.371875,0.349219,0.343750,0.376563,0.350000,0.371875,0.376563,0.354688,0.349219,0.350000,0.354688
codon,95_001,0.435286,3.735341,0.412500,0.526563,0.429688,0.412500,0.346875,0.500000,0.526563,0.346875,0.396094,0.429688,0.500000,0.396094
codon,95_010,0.499219,3.331520,0.426562,0.625781,0.553125,0.426562,0.419531,0.436719,0.625781,0.419531,0.533594,0.553125,0.436719,0.533594
codon,95_011,0.435417,3.587998,0.508594,0.407813,0.440625,0.508594,0.399219,0.445312,0.407813,0.399219,0.410937,0.440625,0.445312,0.410937
codon,95_100,0.452083,3.594427,0.478125,0.643750,0.347656,0.478125,0.467969,0.420312,0.643750,0.467969,0.354688,0.347656,0.420312,0.354688
codon,95_101,0.431380,3.758315,0.453125,0.550781,0.324219,0.453125,0.543750,0.382812,0.550781,0.543750,0.333594,0.324219,0.382812,0.333594
codon,95_110,0.496224,3.508658,0.519531,0.586719,0.453906,0.519531,0.497656,0.484375,0.586719,0.497656,0.435156,0.453906,0.484375,0.435156
codon,95_codon,0.523698,3.060952,0.590625,0.528906,0.587500,0.590625,0.435156,0.541406,0.528906,0.435156,0.458594,0.587500,0.541406,0.458594
codon,96,0.362109,3.978749,0.382031,0.360156,0.370313,0.382031,0.285156,0.403125,0.360156,0.285156,0.371875,0.370313,0.403125,0.371875
codon,96_001,0.397526,4.077773,0.405469,0.442969,0.397656,0.405469,0.325781,0.350781,0.442969,0.325781,0.462500,0.397656,0.350781,0.462500
codon,96_010,0.504036,3.295141,0.470313,0.579688,0.558594,0.470313,0.450000,0.453125,0.579688,0.450000,0.512500,0.558594,0.453125,0.512500
codon,96_011,0.447656,3.591750,0.474219,0.459375,0.522656,0.474219,0.432813,0.414844,0.459375,0.432813,0.382031,0.522656,0.414844,0.382031
codon,96_100,0.490365,3.500569,0.489062,0.414844,0.477344,0.489062,0.444531,0.678125,0.414844,0.444531,0.438281,0.477344,0.678125,0.438281
codon,96_101,0.453516,3.793983,0.495313,0.403125,0.484375,0.495313,0.385156,0.603125,0.403125,0.385156,0.350000,0.484375,0.603125,0.350000
codon,96_110,0.491927,3.541601,0.422656,0.530469,0.469531,0.422656,0.513281,0.548438,0.530469,0.513281,0.467187,0.469531,0.548438,0.467187
codon,96_codon,0.527344,3.161893,0.500781,0.671094,0.519531,0.500781,0.457812,0.514062,0.671094,0.457812,0.500781,0.519531,0.514062,0.500781
codon,97,0.381641,3.952882,0.417969,0.415625,0.334375,0.417969,0.364062,0.375781,0.415625,0.364062,0.382031,0.334375,0.375781,0.382031
codon,97_001,0.426953,3.847766,0.344531,0.391406,0.453906,0.344531,0.457812,0.449219,0.391406,0.457812,0.464844,0.453906,0.449219,0.464844
codon,97_010,0.500911,3.329115,0.463281,0.554688,0.556250,0.463281,0.450000,0.465625,0.554688,0.450000,0.515625,0.556250,0.465625,0.515625
codon,97_011,0.476693,3.468932,0.403125,0.639062,0.464063,0.403125,0.393750,0.497656,0.639062,0.393750,0.462500,0.464063,0.497656,0.462500
codon,97_100,0.473307,3.474980,0.490625,0.578125,0.397656,0.490625,0.518750,0.452344,0.578125,0.518750,0.402344,0.397656,0.452344,0.402344
codon,97_101,0.411198,4.037067,0.433594,0.330469,0.439063,0.433594,0.408594,0.515625,0.330469,0.408594,0.339844,0.439063,0.515625,0.339844
codon,97_110,0.520573,3.421694,0.486719,0.639062,0.516406,0.486719,0.483594,0.467187,0.639062,0.483594,0.530469,0.516406,0.467187,0.530469
codon,97_codon,0.549349,3.181344,0.492188,0.653125,0.590625,0.492188,0.478906,0.510156,0.653125,0.478906,0.571094,0.590625,0.510156,0.571094
codon,98,0.366146,3.955739,0.343750,0.368750,0.322656,0.343750,0.415625,0.370313,0.368750,0.415625,0.375781,0.322656,0.370313,0.375781
codon,98_001,0.445573,3.726744,0.414062,0.601562,0.353125,0.414062,0.425781,0.500000,0.601562,0.425781,0.378906,0.353125,0.500000,0.378906
codon,98_010,0.420833,3.867892,0.456250,0.367188,0.371094,0.456250,0.400000,0.540625,0.367188,0.400000,0.389844,0.371094,0.540625,0.389844
codon,98_011,0.454557,3.520910,0.462500,0.383594,0.603906,0.462500,0.389844,0.483594,0.383594,0.389844,0.403906,0.603906,0.483594,0.403906
codon,98_100,0.454557,3.527261,0.406250,0.386719,0.371875,0.406250,0.543750,0.561719,0.386719,0.543750,0.457031,0.371875,0.561719,0.457031
codon,98_101,0.418620,4.051046,0.465625,0.366406,0.359375,0.465625,0.365625,0.424219,0.366406,0.365625,0.530469,0.359375,0.424219,0.530469
codon,98_110,0.468750,3.617511,0.425781,0.441406,0.409375,0.425781,0.503906,0.553906,0.441406,0.503906,0.478125,0.409375,0.553906,0.478125
codon,98_codon,0.537370,3.001670,0.598437,0.565625,0.521094,0.598437,0.495313,0.555469,0.565625,0.495313,0.488281,0.521094,0.555469,0.488281
codon,99,0.362370,3.947669,0.331250,0.404687,0.356250,0.331250,0.365625,0.371875,0.404687,0.365625,0.344531,0.356250,0.371875,0.344531
codon,99_001,0.431510,3.781656,0.446875,0.536719,0.383594,0.446875,0.387500,0.488281,0.536719,0.387500,0.346094,0.383594,0.488281,0.346094
codon,99_010,0.500781,3.331221,0.428125,0.638281,0.531250,0.428125,0.412500,0.450781,0.638281,0.412500,0.543750,0.531250,0.450781,0.543750
codon,99_011,0.487109,3.480920,0.385156,0.638281,0.568750,0.385156,0.374219,0.407031,0.638281,0.374219,0.549219,0.568750,0.407031,0.549219
codon,99_100,0.488802,3.567437,0.432031,0.432031,0.410937,0.432031,0.510938,0.634375,0.432031,0.510938,0.512500,0.410937,0.634375,0.512500
codon,99_101,0.466667,3.453668,0.425781,0.425781,0.484375,0.425781,0.517969,0.489844,0.425781,0.517969,0.456250,0.484375,0.489844,0.456250
codon,99_110,0.523958,3.180545,0.566406,0.622656,0.480469,0.566406,0.511719,0.493750,0.622656,0.511719,0.468750,0.480469,0.493750,0.468750
codon,99_codon,0.500911,3.290999,0.392188,0.637500,0.589063,0.392188,0.392188,0.417188,0.637500,0.392188,0.577344,0.589063,0.417188,0.577344
codon,9_001,0.388672,4.230880,0.321875,0.399219,0.416406,0.321875,0.392188,0.411719,0.399219,0.392188,0.390625,0.416406,0.411719,0.390625
codon,9_010,0.474870,3.342851,0.531250,0.413281,0.542188,0.531250,0.400000,0.545312,0.413281,0.400000,0.417188,0.542188,0.545312,0.417188
codon,9_011,0.434635,3.759751,0.459375,0.424219,0.382812,0.459375,0.429688,0.532031,0.424219,0.429688,0.379687,0.382812,0.532031,0.379687
codon,9_100,0.478125,3.522421,0.503906,0.631250,0.377344,0.503906,0.476562,0.489844,0.631250,0.476562,0.389844,0.377344,0.489844,0.389844
codon,9_101,0.406510,3.931491,0.426562,0.425000,0.389062,0.426562,0.478906,0.414062,0.425000,0.478906,0.305469,0.389062,0.414062,0.305469
codon,9_110,0.509375,3.179763,0.607031,0.549219,0.450000,0.607031,0.496094,0.544531,0.549219,0.496094,0.409375,0.450000,0.544531,0.409375
codon,9_codon,0.527083,3.055529,0.510938,0.510938,0.575000,0.510938,0.470313,0.576562,0.510938,0.470313,0.518750,0.575000,0.576562,0.518750
codon,k3_alphabetical,0.456771,3.661167,0.355469,0.379687,0.322656,0.355469,0.482031,0.589063,0.379687,0.482031,0.611719,0.322656,0.589063,0.611719
