,n,Alpha,Replicate,Dataset,N50,Total_MUMs,Coverage,Location_Consistent_MUMs
0,2,0.0025,1,MFT (w=11),937,16,8938,16
1,2,0.0025,1,MFT (w=8),587,22,8920,22
2,2,0.0025,1,MFT (w=5),451,27,8885,27
3,2,0.0025,1,Nucleotide,376,32,8953,32
4,2,0.0025,2,MFT (w=11),2424,8,8683,8
5,2,0.0025,2,MFT (w=8),931,16,9371,16
6,2,0.0025,2,MFT (w=5),930,17,9369,17
7,2,0.0025,2,Nucleotide,814,21,9411,21
8,2,0.0025,3,MFT (w=11),1241,10,8119,10
9,2,0.0025,3,MFT (w=8),1378,14,9503,14
10,2,0.0025,3,MFT (w=5),651,23,9498,23
11,2,0.0025,3,Nucleotide,512,29,9540,29
12,2,0.0025,4,MFT (w=11),1881,8,9352,8
13,2,0.0025,4,MFT (w=8),985,14,9344,14
14,2,0.0025,4,MFT (w=5),766,23,9360,23
15,2,0.0025,4,Nucleotide,516,30,9391,30
16,2,0.0025,5,MFT (w=11),928,10,6325,10
17,2,0.0025,5,MFT (w=8),921,15,8695,15
18,2,0.0025,5,MFT (w=5),580,20,8682,20
19,2,0.0025,5,Nucleotide,574,22,8717,22
20,2,0.0025,6,MFT (w=11),2775,6,9019,6
21,2,0.0025,6,MFT (w=8),2084,9,9016,9
22,2,0.0025,6,MFT (w=5),2085,12,9016,12
23,2,0.0025,6,Nucleotide,832,19,9019,19
24,2,0.0025,7,MFT (w=11),1247,9,9364,9
25,2,0.0025,7,MFT (w=8),1153,13,9357,13
26,2,0.0025,7,MFT (w=5),705,18,9346,18
27,2,0.0025,7,Nucleotide,570,26,9369,26
28,2,0.0025,8,MFT (w=11),3490,7,6056,7
29,2,0.0025,8,MFT (w=8),2195,14,8775,14
30,2,0.0025,8,MFT (w=5),719,24,8773,24
31,2,0.0025,8,Nucleotide,556,28,9592,28
32,2,0.0025,9,MFT (w=11),1153,13,9039,13
33,2,0.0025,9,MFT (w=8),1150,16,9076,16
34,2,0.0025,9,MFT (w=5),917,22,9089,22
35,2,0.0025,9,Nucleotide,881,25,9124,25
36,2,0.0025,10,MFT (w=11),937,16,8938,16
37,2,0.0025,10,MFT (w=8),587,22,8920,22
38,2,0.0025,10,MFT (w=5),451,27,8885,27
39,2,0.0025,10,Nucleotide,376,32,8953,32
40,2,0.005,1,MFT (w=11),585,22,8736,22
41,2,0.005,1,MFT (w=8),560,26,8720,26
42,2,0.005,1,MFT (w=5),311,36,8862,36
43,2,0.005,1,Nucleotide,276,44,8906,44
44,2,0.005,2,MFT (w=11),1172,18,9816,18
45,2,0.005,2,MFT (w=8),787,29,9845,29
46,2,0.005,2,MFT (w=5),500,36,9836,36
47,2,0.005,2,Nucleotide,395,43,9888,43
48,2,0.005,3,MFT (w=11),871,19,8624,19
49,2,0.005,3,MFT (w=8),546,33,9562,33
50,2,0.005,3,MFT (w=5),511,41,9508,41
51,2,0.005,3,Nucleotide,285,53,9755,53
52,2,0.005,4,MFT (w=11),677,21,9601,21
53,2,0.005,4,MFT (w=8),447,30,9622,30
54,2,0.005,4,MFT (w=5),360,43,9577,43
55,2,0.005,4,Nucleotide,265,60,9855,60
56,2,0.005,5,MFT (w=11),774,15,9615,15
57,2,0.005,5,MFT (w=8),567,23,9589,23
58,2,0.005,5,MFT (w=5),456,33,9556,33
59,2,0.005,5,Nucleotide,437,40,9587,40
60,2,0.005,6,MFT (w=11),1520,14,9457,14
61,2,0.005,6,MFT (w=8),881,24,9618,24
62,2,0.005,6,MFT (w=5),500,38,9582,38
63,2,0.005,6,Nucleotide,350,45,9615,45
64,2,0.005,7,MFT (w=11),668,21,9174,21
65,2,0.005,7,MFT (w=8),520,28,9737,28
66,2,0.005,7,MFT (w=5),410,40,9748,40
67,2,0.005,7,Nucleotide,332,52,9850,52
68,2,0.005,8,MFT (w=11),722,22,9495,22
69,2,0.005,8,MFT (w=8),564,26,9482,26
70,2,0.005,8,MFT (w=5),392,40,9471,40
71,2,0.005,8,Nucleotide,373,48,9521,48
72,2,0.005,9,MFT (w=11),1060,11,9814,11
73,2,0.005,9,MFT (w=8),691,21,9870,21
74,2,0.005,9,MFT (w=5),410,34,9855,34
75,2,0.005,9,Nucleotide,361,43,9905,43
76,2,0.005,10,MFT (w=11),585,22,8736,22
77,2,0.005,10,MFT (w=8),560,26,8720,26
78,2,0.005,10,MFT (w=5),311,36,8862,36
79,2,0.005,10,Nucleotide,276,44,8906,44
80,2,0.0075,1,MFT (w=11),563,24,9186,24
81,2,0.0075,1,MFT (w=8),490,29,9619,29
82,2,0.0075,1,MFT (w=5),265,49,9639,49
83,2,0.0075,1,Nucleotide,219,65,9731,65
84,2,0.0075,2,MFT (w=11),564,30,9632,30
85,2,0.0075,2,MFT (w=8),327,47,9669,47
86,2,0.0075,2,MFT (w=5),231,62,9701,62
87,2,0.0075,2,Nucleotide,197,74,9814,74
88,2,0.0075,3,MFT (w=11),530,24,9583,24
89,2,0.0075,3,MFT (w=8),379,39,9629,39
90,2,0.0075,3,MFT (w=5),312,50,9542,50
91,2,0.0075,3,Nucleotide,238,67,9627,67
92,2,0.0075,4,MFT (w=11),570,26,9576,26
93,2,0.0075,4,MFT (w=8),386,39,9579,39
94,2,0.0075,4,MFT (w=5),262,52,9519,52
95,2,0.0075,4,Nucleotide,186,76,9801,76
96,2,0.0075,5,MFT (w=11),430,26,8938,26
97,2,0.0075,5,MFT (w=8),331,34,8920,34
98,2,0.0075,5,MFT (w=5),291,45,9713,45
99,2,0.0075,5,Nucleotide,243,57,9748,57
100,2,0.0075,6,MFT (w=11),647,20,8837,20
101,2,0.0075,6,MFT (w=8),482,35,9529,35
102,2,0.0075,6,MFT (w=5),299,52,9525,52
103,2,0.0075,6,Nucleotide,239,64,9587,64
104,2,0.0075,7,MFT (w=11),524,27,9628,27
105,2,0.0075,7,MFT (w=8),363,41,9639,41
106,2,0.0075,7,MFT (w=5),325,52,9632,52
107,2,0.0075,7,Nucleotide,213,68,9764,68
108,2,0.0075,8,MFT (w=11),533,24,9629,24
109,2,0.0075,8,MFT (w=8),386,38,9702,38
110,2,0.0075,8,MFT (w=5),259,55,9710,55
111,2,0.0075,8,Nucleotide,225,65,9766,65
112,2,0.0075,9,MFT (w=11),744,25,9717,25
113,2,0.0075,9,MFT (w=8),538,32,9723,32
114,2,0.0075,9,MFT (w=5),239,51,9696,51
115,2,0.0075,9,Nucleotide,191,63,9727,63
116,2,0.0075,10,MFT (w=11),563,24,9186,24
117,2,0.0075,10,MFT (w=8),490,29,9619,29
118,2,0.0075,10,MFT (w=5),265,49,9639,49
119,2,0.0075,10,Nucleotide,219,65,9731,65
120,2,0.01,1,MFT (w=11),374,35,9056,35
121,2,0.01,1,MFT (w=8),302,50,9545,50
122,2,0.01,1,MFT (w=5),180,72,9592,72
123,2,0.01,1,Nucleotide,164,87,9667,87
124,2,0.01,2,MFT (w=11),408,36,9583,36
125,2,0.01,2,MFT (w=8),217,60,9656,60
126,2,0.01,2,MFT (w=5),176,73,9549,73
127,2,0.01,2,Nucleotide,147,90,9637,90
128,2,0.01,3,MFT (w=11),450,30,9530,30
129,2,0.01,3,MFT (w=8),290,47,9610,47
130,2,0.01,3,MFT (w=5),267,58,9450,58
131,2,0.01,3,Nucleotide,177,78,9579,78
132,2,0.01,4,MFT (w=11),325,36,9539,36
133,2,0.01,4,MFT (w=8),263,52,9564,52
134,2,0.01,4,MFT (w=5),159,82,9576,82
135,2,0.01,4,Nucleotide,122,104,9680,104
136,2,0.01,5,MFT (w=11),660,28,9577,28
137,2,0.01,5,MFT (w=8),353,44,9657,44
138,2,0.01,5,MFT (w=5),179,72,9555,72
139,2,0.01,5,Nucleotide,166,81,9623,81
140,2,0.01,6,MFT (w=11),478,33,9477,33
141,2,0.01,6,MFT (w=8),309,47,9434,47
142,2,0.01,6,MFT (w=5),190,65,9382,65
143,2,0.01,6,Nucleotide,155,76,9438,76
144,2,0.01,7,MFT (w=11),517,27,9690,27
145,2,0.01,7,MFT (w=8),347,47,9663,47
146,2,0.01,7,MFT (w=5),228,64,9577,64
147,2,0.01,7,Nucleotide,197,80,9692,80
148,2,0.01,8,MFT (w=11),361,34,9617,34
149,2,0.01,8,MFT (w=8),296,44,9594,44
150,2,0.01,8,MFT (w=5),218,68,9582,68
151,2,0.01,8,Nucleotide,163,80,9669,80
152,2,0.01,9,MFT (w=11),608,24,9164,24
153,2,0.01,9,MFT (w=8),278,43,9591,43
154,2,0.01,9,MFT (w=5),208,63,9592,63
155,2,0.01,9,Nucleotide,172,73,9647,73
156,2,0.01,10,MFT (w=11),374,35,9056,35
157,2,0.01,10,MFT (w=8),302,50,9545,50
158,2,0.01,10,MFT (w=5),180,72,9592,72
159,2,0.01,10,Nucleotide,164,87,9667,87
160,2,0.0125,1,MFT (w=11),355,37,9410,37
161,2,0.0125,1,MFT (w=8),287,51,9418,51
162,2,0.0125,1,MFT (w=5),194,75,9476,75
163,2,0.0125,1,Nucleotide,128,105,9555,105
164,2,0.0125,2,MFT (w=11),319,41,9455,41
165,2,0.0125,2,MFT (w=8),199,66,9390,66
166,2,0.0125,2,MFT (w=5),149,90,9409,90
167,2,0.0125,2,Nucleotide,109,112,9560,112
168,2,0.0125,3,MFT (w=11),424,31,9766,31
169,2,0.0125,3,MFT (w=8),338,46,9755,46
170,2,0.0125,3,MFT (w=5),184,72,9638,72
171,2,0.0125,3,Nucleotide,142,90,9634,90
172,2,0.0125,4,MFT (w=11),288,48,9416,48
173,2,0.0125,4,MFT (w=8),215,65,9524,65
174,2,0.0125,4,MFT (w=5),125,96,9402,96
175,2,0.0125,4,Nucleotide,113,116,9645,116
176,2,0.0125,5,MFT (w=11),389,36,9697,36
177,2,0.0125,5,MFT (w=8),216,64,9689,64
178,2,0.0125,5,MFT (w=5),169,85,9561,85
179,2,0.0125,5,Nucleotide,117,99,9583,99
180,2,0.0125,6,MFT (w=11),407,35,9735,35
181,2,0.0125,6,MFT (w=8),292,52,9525,52
182,2,0.0125,6,MFT (w=5),195,72,9449,72
183,2,0.0125,6,Nucleotide,140,93,9490,93
184,2,0.0125,7,MFT (w=11),323,40,9491,40
185,2,0.0125,7,MFT (w=8),242,52,9622,52
186,2,0.0125,7,MFT (w=5),198,69,9552,69
187,2,0.0125,7,Nucleotide,157,88,9600,88
188,2,0.0125,8,MFT (w=11),330,40,9459,40
189,2,0.0125,8,MFT (w=8),254,59,9449,59
190,2,0.0125,8,MFT (w=5),158,78,9369,78
191,2,0.0125,8,Nucleotide,132,100,9453,100
192,2,0.0125,9,MFT (w=11),418,33,9519,33
193,2,0.0125,9,MFT (w=8),263,46,9505,46
194,2,0.0125,9,MFT (w=5),165,80,9486,80
195,2,0.0125,9,Nucleotide,138,89,9596,89
196,2,0.0125,10,MFT (w=11),355,37,9410,37
197,2,0.0125,10,MFT (w=8),287,51,9418,51
198,2,0.0125,10,MFT (w=5),194,75,9476,75
199,2,0.0125,10,Nucleotide,128,105,9555,105
200,2,0.015,1,MFT (w=11),248,49,9290,49
201,2,0.015,1,MFT (w=8),195,69,9337,69
202,2,0.015,1,MFT (w=5),132,93,9218,93
203,2,0.015,1,Nucleotide,109,117,9369,117
204,2,0.015,2,MFT (w=11),265,47,9407,47
205,2,0.015,2,MFT (w=8),208,66,9401,66
206,2,0.015,2,MFT (w=5),137,96,9246,96
207,2,0.015,2,Nucleotide,92,124,9369,124
208,2,0.015,3,MFT (w=11),291,42,9504,42
209,2,0.015,3,MFT (w=8),225,60,9634,60
210,2,0.015,3,MFT (w=5),157,82,9499,82
211,2,0.015,3,Nucleotide,121,102,9520,102
212,2,0.015,4,MFT (w=11),294,49,9368,49
213,2,0.015,4,MFT (w=8),174,69,9452,69
214,2,0.015,4,MFT (w=5),110,112,9427,112
215,2,0.015,4,Nucleotide,91,133,9588,133
216,2,0.015,5,MFT (w=11),317,46,9470,46
217,2,0.015,5,MFT (w=8),204,65,9500,65
218,2,0.015,5,MFT (w=5),125,90,9321,90
219,2,0.015,5,Nucleotide,105,108,9415,108
220,2,0.015,6,MFT (w=11),384,41,9501,41
221,2,0.015,6,MFT (w=8),248,59,9572,59
222,2,0.015,6,MFT (w=5),149,83,9355,83
223,2,0.015,6,Nucleotide,121,101,9329,101
224,2,0.015,7,MFT (w=11),302,41,9369,41
225,2,0.015,7,MFT (w=8),222,60,9444,60
226,2,0.015,7,MFT (w=5),140,95,9367,95
227,2,0.015,7,Nucleotide,127,102,9442,102
228,2,0.015,8,MFT (w=11),354,44,9118,44
229,2,0.015,8,MFT (w=8),185,64,9010,64
230,2,0.015,8,MFT (w=5),144,94,9248,94
231,2,0.015,8,Nucleotide,115,110,9333,110
232,2,0.015,9,MFT (w=11),311,44,9543,44
233,2,0.015,9,MFT (w=8),232,59,9552,59
234,2,0.015,9,MFT (w=5),165,86,9533,86
235,2,0.015,9,Nucleotide,117,105,9601,105
236,2,0.015,10,MFT (w=11),248,49,9290,49
237,2,0.015,10,MFT (w=8),195,69,9337,69
238,2,0.015,10,MFT (w=5),132,93,9218,93
239,2,0.015,10,Nucleotide,109,117,9369,117
240,2,0.02,1,MFT (w=11),254,53,8961,53
241,2,0.02,1,MFT (w=8),166,74,9037,74
242,2,0.02,1,MFT (w=5),100,113,9111,113
243,2,0.02,1,Nucleotide,87,133,9184,133
244,2,0.02,2,MFT (w=11),227,57,9414,57
245,2,0.02,2,MFT (w=8),159,82,9388,82
246,2,0.02,2,MFT (w=5),89,124,9142,124
247,2,0.02,2,Nucleotide,76,143,9084,143
248,2,0.02,3,MFT (w=11),255,48,9145,48
249,2,0.02,3,MFT (w=8),183,72,9320,72
250,2,0.02,3,MFT (w=5),121,99,9146,99
251,2,0.02,3,Nucleotide,98,117,9224,117
252,2,0.02,4,MFT (w=11),238,57,9127,57
253,2,0.02,4,MFT (w=8),164,82,9135,82
254,2,0.02,4,MFT (w=5),103,118,9102,118
255,2,0.02,4,Nucleotide,73,149,9344,149
256,2,0.02,5,MFT (w=11),226,58,9074,58
257,2,0.02,5,MFT (w=8),160,89,9195,89
258,2,0.02,5,MFT (w=5),95,119,9013,119
259,2,0.02,5,Nucleotide,75,144,9059,144
260,2,0.02,6,MFT (w=11),230,53,9070,53
261,2,0.02,6,MFT (w=8),146,89,9249,89
262,2,0.02,6,MFT (w=5),111,115,8931,115
263,2,0.02,6,Nucleotide,82,132,8898,132
264,2,0.02,7,MFT (w=11),203,59,9022,59
265,2,0.02,7,MFT (w=8),151,73,9159,73
266,2,0.02,7,MFT (w=5),103,108,8926,108
267,2,0.02,7,Nucleotide,86,130,8993,130
268,2,0.02,8,MFT (w=11),216,59,9341,59
269,2,0.02,8,MFT (w=8),165,82,9364,82
270,2,0.02,8,MFT (w=5),113,108,9234,108
271,2,0.02,8,Nucleotide,91,128,9179,128
272,2,0.02,9,MFT (w=11),273,52,9354,52
273,2,0.02,9,MFT (w=8),182,77,9411,77
274,2,0.02,9,MFT (w=5),109,114,9295,114
275,2,0.02,9,Nucleotide,81,139,9313,139
276,2,0.02,10,MFT (w=11),254,53,8961,53
277,2,0.02,10,MFT (w=8),166,74,9037,74
278,2,0.02,10,MFT (w=5),100,113,9111,113
279,2,0.02,10,Nucleotide,87,133,9184,133
280,2,0.025,1,MFT (w=11),198,63,9090,63
281,2,0.025,1,MFT (w=8),142,91,9114,91
282,2,0.025,1,MFT (w=5),94,120,8885,120
283,2,0.025,1,Nucleotide,79,147,8951,147
284,2,0.025,2,MFT (w=11),169,72,8744,72
285,2,0.025,2,MFT (w=8),124,105,9117,105
286,2,0.025,2,MFT (w=5),83,136,8703,136
287,2,0.025,2,Nucleotide,66,155,8662,155
288,2,0.025,3,MFT (w=11),226,58,9207,58
289,2,0.025,3,MFT (w=8),137,86,9276,86
290,2,0.025,3,MFT (w=5),95,123,9089,123
291,2,0.025,3,Nucleotide,81,138,8985,138
292,2,0.025,4,MFT (w=11),207,64,9041,64
293,2,0.025,4,MFT (w=8),115,99,9081,99
294,2,0.025,4,MFT (w=5),83,132,8817,132
295,2,0.025,4,Nucleotide,64,159,8882,159
296,2,0.025,5,MFT (w=11),172,66,8736,66
297,2,0.025,5,MFT (w=8),127,97,8831,97
298,2,0.025,5,MFT (w=5),83,133,8801,133
299,2,0.025,5,Nucleotide,62,162,8909,162
300,2,0.025,6,MFT (w=11),191,64,8964,64
301,2,0.025,6,MFT (w=8),131,96,8963,96
302,2,0.025,6,MFT (w=5),97,130,8817,130
303,2,0.025,6,Nucleotide,76,145,8757,145
304,2,0.025,7,MFT (w=11),166,62,8482,62
305,2,0.025,7,MFT (w=8),119,94,8672,94
306,2,0.025,7,MFT (w=5),90,122,8633,122
307,2,0.025,7,Nucleotide,73,149,8634,149
308,2,0.025,8,MFT (w=11),208,66,9080,66
309,2,0.025,8,MFT (w=8),118,97,8974,97
310,2,0.025,8,MFT (w=5),87,133,8829,133
311,2,0.025,8,Nucleotide,66,156,8840,156
312,2,0.025,9,MFT (w=11),178,64,9206,64
313,2,0.025,9,MFT (w=8),120,89,9181,89
314,2,0.025,9,MFT (w=5),89,127,9018,127
315,2,0.025,9,Nucleotide,73,152,9030,152
316,2,0.025,10,MFT (w=11),198,63,9090,63
317,2,0.025,10,MFT (w=8),142,91,9114,91
318,2,0.025,10,MFT (w=5),94,120,8885,120
319,2,0.025,10,Nucleotide,79,147,8951,147
320,2,0.03,1,MFT (w=11),159,70,8638,70
321,2,0.03,1,MFT (w=8),102,106,8586,106
322,2,0.03,1,MFT (w=5),75,144,8488,144
323,2,0.03,1,Nucleotide,64,164,8589,164
324,2,0.03,2,MFT (w=11),138,79,8702,79
325,2,0.03,2,MFT (w=8),88,116,8748,116
326,2,0.03,2,MFT (w=5),73,143,8386,143
327,2,0.03,2,Nucleotide,57,172,8389,172
328,2,0.03,3,MFT (w=11),168,64,9053,64
329,2,0.03,3,MFT (w=8),113,100,9009,100
330,2,0.03,3,MFT (w=5),83,134,8805,134
331,2,0.03,3,Nucleotide,69,152,8696,152
332,2,0.03,4,MFT (w=11),137,76,8339,76
333,2,0.03,4,MFT (w=8),100,105,8626,105
334,2,0.03,4,MFT (w=5),68,140,8433,140
335,2,0.03,4,Nucleotide,61,164,8589,164
336,2,0.03,5,MFT (w=11),170,69,8609,69
337,2,0.03,5,MFT (w=8),114,106,8778,106
338,2,0.03,5,MFT (w=5),73,139,8415,139
339,2,0.03,5,Nucleotide,57,167,8506,167
340,2,0.03,6,MFT (w=11),185,68,8867,68
341,2,0.03,6,MFT (w=8),105,105,8756,105
342,2,0.03,6,MFT (w=5),80,136,8414,136
343,2,0.03,6,Nucleotide,64,160,8431,160
344,2,0.03,7,MFT (w=11),174,70,8571,70
345,2,0.03,7,MFT (w=8),115,106,8977,106
346,2,0.03,7,MFT (w=5),70,151,8615,151
347,2,0.03,7,Nucleotide,61,167,8545,167
348,2,0.03,8,MFT (w=11),153,72,8909,72
349,2,0.03,8,MFT (w=8),112,102,8874,102
350,2,0.03,8,MFT (w=5),76,136,8593,136
351,2,0.03,8,Nucleotide,60,167,8584,167
352,2,0.03,9,MFT (w=11),158,68,8948,68
353,2,0.03,9,MFT (w=8),122,100,9027,100
354,2,0.03,9,MFT (w=5),82,140,8719,140
355,2,0.03,9,Nucleotide,63,161,8747,161
356,2,0.03,10,MFT (w=11),159,70,8638,70
357,2,0.03,10,MFT (w=8),102,106,8586,106
358,2,0.03,10,MFT (w=5),75,144,8488,144
359,2,0.03,10,Nucleotide,64,164,8589,164
360,2,0.035,1,MFT (w=11),127,79,8240,79
361,2,0.035,1,MFT (w=8),97,113,8322,113
362,2,0.035,1,MFT (w=5),70,143,8108,143
363,2,0.035,1,Nucleotide,52,169,8079,169
364,2,0.035,2,MFT (w=11),118,93,8628,93
365,2,0.035,2,MFT (w=8),83,120,8619,120
366,2,0.035,2,MFT (w=5),66,148,8110,148
367,2,0.035,2,Nucleotide,54,176,8125,176
368,2,0.035,3,MFT (w=11),138,79,8851,79
369,2,0.035,3,MFT (w=8),98,111,8641,111
370,2,0.035,3,MFT (w=5),76,134,8311,134
371,2,0.035,3,Nucleotide,65,159,8335,159
372,2,0.035,4,MFT (w=11),122,83,8535,83
373,2,0.035,4,MFT (w=8),101,115,8647,115
374,2,0.035,4,MFT (w=5),66,147,8170,147
375,2,0.035,4,Nucleotide,57,169,8190,169
376,2,0.035,5,MFT (w=11),135,82,8825,82
377,2,0.035,5,MFT (w=8),87,123,8675,123
378,2,0.035,5,MFT (w=5),64,153,8209,153
379,2,0.035,5,Nucleotide,52,175,7995,175
380,2,0.035,6,MFT (w=11),141,81,8743,81
381,2,0.035,6,MFT (w=8),94,118,8704,118
382,2,0.035,6,MFT (w=5),69,147,8226,147
383,2,0.035,6,Nucleotide,52,169,8024,169
384,2,0.035,7,MFT (w=11),123,82,8371,82
385,2,0.035,7,MFT (w=8),83,121,8569,121
386,2,0.035,7,MFT (w=5),64,156,8169,156
387,2,0.035,7,Nucleotide,54,171,7954,171
388,2,0.035,8,MFT (w=11),125,79,8340,79
389,2,0.035,8,MFT (w=8),87,118,8509,118
390,2,0.035,8,MFT (w=5),64,149,8109,149
391,2,0.035,8,Nucleotide,58,169,8213,169
392,2,0.035,9,MFT (w=11),186,65,8956,65
393,2,0.035,9,MFT (w=8),107,98,8772,98
394,2,0.035,9,MFT (w=5),75,141,8496,141
395,2,0.035,9,Nucleotide,59,166,8447,166
396,2,0.035,10,MFT (w=11),127,79,8240,79
397,2,0.035,10,MFT (w=8),97,113,8322,113
398,2,0.035,10,MFT (w=5),70,143,8108,143
399,2,0.035,10,Nucleotide,52,169,8079,169
400,2,0.04,1,MFT (w=11),121,83,8563,83
401,2,0.04,1,MFT (w=8),90,125,8513,125
402,2,0.04,1,MFT (w=5),58,157,7927,157
403,2,0.04,1,Nucleotide,48,169,7480,169
404,2,0.04,2,MFT (w=11),120,84,8519,84
405,2,0.04,2,MFT (w=8),85,116,8489,116
406,2,0.04,2,MFT (w=5),64,160,8192,160
407,2,0.04,2,Nucleotide,49,179,7758,179
408,2,0.04,3,MFT (w=11),154,70,8493,70
409,2,0.04,3,MFT (w=8),96,115,8455,115
410,2,0.04,3,MFT (w=5),72,150,8180,150
411,2,0.04,3,Nucleotide,60,166,7983,166
412,2,0.04,4,MFT (w=11),110,83,8220,83
413,2,0.04,4,MFT (w=8),82,118,8340,118
414,2,0.04,4,MFT (w=5),59,152,7863,152
415,2,0.04,4,Nucleotide,51,175,7710,175
416,2,0.04,5,MFT (w=11),117,86,8020,86
417,2,0.04,5,MFT (w=8),77,125,8092,125
418,2,0.04,5,MFT (w=5),52,159,7640,159
419,2,0.04,5,Nucleotide,47,183,7678,183
420,2,0.04,6,MFT (w=11),116,86,8435,86
421,2,0.04,6,MFT (w=8),76,125,8277,125
422,2,0.04,6,MFT (w=5),54,158,7818,158
423,2,0.04,6,Nucleotide,46,174,7545,174
424,2,0.04,7,MFT (w=11),98,82,7852,82
425,2,0.04,7,MFT (w=8),81,123,7935,123
426,2,0.04,7,MFT (w=5),56,161,7679,161
427,2,0.04,7,Nucleotide,46,178,7511,178
428,2,0.04,8,MFT (w=11),141,77,8113,77
429,2,0.04,8,MFT (w=8),89,115,8214,115
430,2,0.04,8,MFT (w=5),63,150,8127,150
431,2,0.04,8,Nucleotide,54,175,8038,175
432,2,0.04,9,MFT (w=11),139,79,8341,79
433,2,0.04,9,MFT (w=8),110,110,8339,110
434,2,0.04,9,MFT (w=5),74,142,7983,142
435,2,0.04,9,Nucleotide,49,173,7960,173
436,2,0.04,10,MFT (w=11),121,83,8563,83
437,2,0.04,10,MFT (w=8),90,125,8513,125
438,2,0.04,10,MFT (w=5),58,157,7927,157
439,2,0.04,10,Nucleotide,48,169,7480,169
440,2,0.045,1,MFT (w=11),108,87,7735,87
441,2,0.045,1,MFT (w=8),75,128,7768,128
442,2,0.045,1,MFT (w=5),56,148,7281,148
443,2,0.045,1,Nucleotide,48,164,7058,164
444,2,0.045,2,MFT (w=11),122,92,7970,92
445,2,0.045,2,MFT (w=8),72,133,8139,133
446,2,0.045,2,MFT (w=5),54,164,7576,164
447,2,0.045,2,Nucleotide,46,180,7437,180
448,2,0.045,3,MFT (w=11),131,81,8326,81
449,2,0.045,3,MFT (w=8),94,112,8204,112
450,2,0.045,3,MFT (w=5),71,146,7617,146
451,2,0.045,3,Nucleotide,57,158,7377,158
452,2,0.045,4,MFT (w=11),117,88,8293,88
453,2,0.045,4,MFT (w=8),76,128,8268,128
454,2,0.045,4,MFT (w=5),58,149,7432,149
455,2,0.045,4,Nucleotide,46,174,7203,174
456,2,0.045,5,MFT (w=11),110,88,8209,88
457,2,0.045,5,MFT (w=8),77,126,8166,126
458,2,0.045,5,MFT (w=5),55,157,7575,157
459,2,0.045,5,Nucleotide,43,184,7435,184
460,2,0.045,6,MFT (w=11),101,91,7544,91
461,2,0.045,6,MFT (w=8),68,132,7666,132
462,2,0.045,6,MFT (w=5),48,171,7388,171
463,2,0.045,6,Nucleotide,43,186,7260,186
464,2,0.045,7,MFT (w=11),106,92,8260,92
465,2,0.045,7,MFT (w=8),78,131,8273,131
466,2,0.045,7,MFT (w=5),51,162,7549,162
467,2,0.045,7,Nucleotide,45,178,7231,178
468,2,0.045,8,MFT (w=11),117,84,8190,84
469,2,0.045,8,MFT (w=8),81,117,8078,117
470,2,0.045,8,MFT (w=5),55,156,7796,156
471,2,0.045,8,Nucleotide,49,175,7679,175
472,2,0.045,9,MFT (w=11),120,87,8460,87
473,2,0.045,9,MFT (w=8),92,115,8379,115
474,2,0.045,9,MFT (w=5),60,156,7783,156
475,2,0.045,9,Nucleotide,48,172,7517,172
476,2,0.045,10,MFT (w=11),108,87,7735,87
477,2,0.045,10,MFT (w=8),75,128,7768,128
478,2,0.045,10,MFT (w=5),56,148,7281,148
479,2,0.045,10,Nucleotide,48,164,7058,164
480,2,0.05,1,MFT (w=11),94,99,7818,99
481,2,0.05,1,MFT (w=8),67,134,7772,134
482,2,0.05,1,MFT (w=5),51,159,6940,159
483,2,0.05,1,Nucleotide,43,170,6723,170
484,2,0.05,2,MFT (w=11),103,89,7813,89
485,2,0.05,2,MFT (w=8),69,131,7893,131
486,2,0.05,2,MFT (w=5),54,163,7217,163
487,2,0.05,2,Nucleotide,43,182,7064,182
488,2,0.05,3,MFT (w=11),113,84,7866,84
489,2,0.05,3,MFT (w=8),82,123,7914,123
490,2,0.05,3,MFT (w=5),57,154,7327,154
491,2,0.05,3,Nucleotide,48,162,6974,162
492,2,0.05,4,MFT (w=11),98,92,7676,92
493,2,0.05,4,MFT (w=8),73,131,7667,131
494,2,0.05,4,MFT (w=5),50,166,7099,166
495,2,0.05,4,Nucleotide,41,177,6791,177
496,2,0.05,5,MFT (w=11),105,88,7821,88
497,2,0.05,5,MFT (w=8),69,135,8017,135
498,2,0.05,5,MFT (w=5),51,160,7357,160
499,2,0.05,5,Nucleotide,44,174,6923,174
500,2,0.05,6,MFT (w=11),103,86,7547,86
501,2,0.05,6,MFT (w=8),61,141,7747,141
502,2,0.05,6,MFT (w=5),46,168,7103,168
503,2,0.05,6,Nucleotide,40,181,6841,181
504,2,0.05,7,MFT (w=11),101,94,7644,94
505,2,0.05,7,MFT (w=8),72,127,7720,127
506,2,0.05,7,MFT (w=5),52,161,7206,161
507,2,0.05,7,Nucleotide,43,172,6734,172
508,2,0.05,8,MFT (w=11),97,95,8006,95
509,2,0.05,8,MFT (w=8),73,128,8028,128
510,2,0.05,8,MFT (w=5),51,156,7266,156
511,2,0.05,8,Nucleotide,42,180,7188,180
512,2,0.05,9,MFT (w=11),102,82,7609,82
513,2,0.05,9,MFT (w=8),73,137,8148,137
514,2,0.05,9,MFT (w=5),52,155,7222,155
515,2,0.05,9,Nucleotide,45,170,7007,170
516,2,0.05,10,MFT (w=11),94,99,7818,99
517,2,0.05,10,MFT (w=8),67,134,7772,134
518,2,0.05,10,MFT (w=5),51,159,6940,159
519,2,0.05,10,Nucleotide,43,170,6723,170
520,5,0.0025,1,MFT (w=11),535,31,9632,31
521,5,0.0025,1,MFT (w=8),316,50,9571,50
522,5,0.0025,1,MFT (w=5),219,66,9480,66
523,5,0.0025,1,Nucleotide,167,85,9657,85
524,5,0.0025,2,MFT (w=11),455,30,9653,30
525,5,0.0025,2,MFT (w=8),354,45,9590,45
526,5,0.0025,2,MFT (w=5),259,63,9555,63
527,5,0.0025,2,Nucleotide,187,74,9571,74
528,5,0.0025,3,MFT (w=11),532,31,9596,31
529,5,0.0025,3,MFT (w=8),321,49,9610,49
530,5,0.0025,3,MFT (w=5),280,66,9647,66
531,5,0.0025,3,Nucleotide,182,81,9683,81
532,5,0.0025,4,MFT (w=11),365,34,9421,34
533,5,0.0025,4,MFT (w=8),251,52,9387,52
534,5,0.0025,4,MFT (w=5),216,70,9401,70
535,5,0.0025,4,Nucleotide,182,83,9476,83
536,5,0.0025,5,MFT (w=11),588,28,9773,28
537,5,0.0025,5,MFT (w=8),426,39,9770,39
538,5,0.0025,5,MFT (w=5),262,56,9733,56
539,5,0.0025,5,Nucleotide,220,67,9794,67
540,5,0.0025,6,MFT (w=11),494,28,8797,28
541,5,0.0025,6,MFT (w=8),326,47,9513,47
542,5,0.0025,6,MFT (w=5),196,64,9600,64
543,5,0.0025,6,Nucleotide,172,73,9657,73
544,5,0.0025,7,MFT (w=11),405,37,9542,37
545,5,0.0025,7,MFT (w=8),269,48,9620,48
546,5,0.0025,7,MFT (w=5),195,67,9615,67
547,5,0.0025,7,Nucleotide,163,83,9736,83
548,5,0.0025,8,MFT (w=11),369,34,9293,34
549,5,0.0025,8,MFT (w=8),258,54,9552,54
550,5,0.0025,8,MFT (w=5),166,78,9493,78
551,5,0.0025,8,Nucleotide,137,91,9542,91
552,5,0.0025,9,MFT (w=11),484,38,9606,38
553,5,0.0025,9,MFT (w=8),329,49,9646,49
554,5,0.0025,9,MFT (w=5),183,76,9505,76
555,5,0.0025,9,Nucleotide,156,91,9573,91
556,5,0.0025,10,MFT (w=11),535,31,9632,31
557,5,0.0025,10,MFT (w=8),316,50,9571,50
558,5,0.0025,10,MFT (w=5),219,66,9480,66
559,5,0.0025,10,Nucleotide,167,85,9657,85
560,5,0.005,1,MFT (w=11),237,54,9291,54
561,5,0.005,1,MFT (w=8),153,79,9359,79
562,5,0.005,1,MFT (w=5),114,104,9169,104
563,5,0.005,1,Nucleotide,101,123,9165,123
564,5,0.005,2,MFT (w=11),256,51,9438,51
565,5,0.005,2,MFT (w=8),155,79,9444,79
566,5,0.005,2,MFT (w=5),119,110,9299,110
567,5,0.005,2,Nucleotide,94,131,9228,131
568,5,0.005,3,MFT (w=11),197,55,9232,55
569,5,0.005,3,MFT (w=8),163,79,9206,79
570,5,0.005,3,MFT (w=5),116,101,9037,101
571,5,0.005,3,Nucleotide,96,129,9089,129
572,5,0.005,4,MFT (w=11),186,63,8762,63
573,5,0.005,4,MFT (w=8),121,98,8952,98
574,5,0.005,4,MFT (w=5),86,124,8683,124
575,5,0.005,4,Nucleotide,70,153,9046,153
576,5,0.005,5,MFT (w=11),231,51,9324,51
577,5,0.005,5,MFT (w=8),151,80,9366,80
578,5,0.005,5,MFT (w=5),109,108,9224,108
579,5,0.005,5,Nucleotide,92,123,9245,123
580,5,0.005,6,MFT (w=11),228,48,9134,48
581,5,0.005,6,MFT (w=8),160,80,9428,80
582,5,0.005,6,MFT (w=5),104,115,9197,115
583,5,0.005,6,Nucleotide,82,136,9108,136
584,5,0.005,7,MFT (w=11),215,53,9257,53
585,5,0.005,7,MFT (w=8),181,70,9345,70
586,5,0.005,7,MFT (w=5),117,102,9248,102
587,5,0.005,7,Nucleotide,88,129,9117,129
588,5,0.005,8,MFT (w=11),220,54,9388,54
589,5,0.005,8,MFT (w=8),171,70,9361,70
590,5,0.005,8,MFT (w=5),107,111,9233,111
591,5,0.005,8,Nucleotide,91,134,9233,134
592,5,0.005,9,MFT (w=11),220,60,9218,60
593,5,0.005,9,MFT (w=8),163,78,9187,78
594,5,0.005,9,MFT (w=5),107,116,9101,116
595,5,0.005,9,Nucleotide,80,139,9117,139
596,5,0.005,10,MFT (w=11),237,54,9291,54
597,5,0.005,10,MFT (w=8),153,79,9359,79
598,5,0.005,10,MFT (w=5),114,104,9169,104
599,5,0.005,10,Nucleotide,101,123,9165,123
600,5,0.0075,1,MFT (w=11),194,66,9142,66
601,5,0.0075,1,MFT (w=8),129,98,9207,98
602,5,0.0075,1,MFT (w=5),80,142,8777,142
603,5,0.0075,1,Nucleotide,63,162,8605,162
604,5,0.0075,2,MFT (w=11),148,74,8669,74
605,5,0.0075,2,MFT (w=8),105,104,8540,104
606,5,0.0075,2,MFT (w=5),76,139,8311,139
607,5,0.0075,2,Nucleotide,63,167,8379,167
608,5,0.0075,3,MFT (w=11),138,71,8789,71
609,5,0.0075,3,MFT (w=8),112,101,8702,101
610,5,0.0075,3,MFT (w=5),80,130,8485,130
611,5,0.0075,3,Nucleotide,74,149,8396,149
612,5,0.0075,4,MFT (w=11),157,76,8594,76
613,5,0.0075,4,MFT (w=8),113,105,8623,105
614,5,0.0075,4,MFT (w=5),74,139,8420,139
615,5,0.0075,4,Nucleotide,56,179,8463,179
616,5,0.0075,5,MFT (w=11),157,70,8896,70
617,5,0.0075,5,MFT (w=8),110,98,8888,98
618,5,0.0075,5,MFT (w=5),81,127,8634,127
619,5,0.0075,5,Nucleotide,63,152,8623,152
620,5,0.0075,6,MFT (w=11),166,70,8572,70
621,5,0.0075,6,MFT (w=8),97,110,8843,110
622,5,0.0075,6,MFT (w=5),72,141,8547,141
623,5,0.0075,6,Nucleotide,61,163,8571,163
624,5,0.0075,7,MFT (w=11),147,79,8631,79
625,5,0.0075,7,MFT (w=8),94,120,8878,120
626,5,0.0075,7,MFT (w=5),74,141,8440,141
627,5,0.0075,7,Nucleotide,62,158,8352,158
628,5,0.0075,8,MFT (w=11),171,71,8940,71
629,5,0.0075,8,MFT (w=8),114,109,9128,109
630,5,0.0075,8,MFT (w=5),76,143,8714,143
631,5,0.0075,8,Nucleotide,58,170,8710,170
632,5,0.0075,9,MFT (w=11),168,74,8942,74
633,5,0.0075,9,MFT (w=8),109,105,8826,105
634,5,0.0075,9,MFT (w=5),72,143,8601,143
635,5,0.0075,9,Nucleotide,64,164,8514,164
636,5,0.0075,10,MFT (w=11),194,66,9142,66
637,5,0.0075,10,MFT (w=8),129,98,9207,98
638,5,0.0075,10,MFT (w=5),80,142,8777,142
639,5,0.0075,10,Nucleotide,63,162,8605,162
640,5,0.01,1,MFT (w=11),132,82,8032,82
641,5,0.01,1,MFT (w=8),100,114,7959,114
642,5,0.01,1,MFT (w=5),64,154,7953,154
643,5,0.01,1,Nucleotide,50,173,7828,173
644,5,0.01,2,MFT (w=11),111,83,8375,83
645,5,0.01,2,MFT (w=8),84,122,8344,122
646,5,0.01,2,MFT (w=5),67,151,7849,151
647,5,0.01,2,Nucleotide,50,176,7769,176
648,5,0.01,3,MFT (w=11),121,83,8131,83
649,5,0.01,3,MFT (w=8),83,117,8221,117
650,5,0.01,3,MFT (w=5),66,140,7672,140
651,5,0.01,3,Nucleotide,52,165,7622,165
652,5,0.01,4,MFT (w=11),101,96,8187,96
653,5,0.01,4,MFT (w=8),80,129,8153,129
654,5,0.01,4,MFT (w=5),55,161,7711,161
655,5,0.01,4,Nucleotide,43,187,7452,187
656,5,0.01,5,MFT (w=11),122,75,8326,75
657,5,0.01,5,MFT (w=8),90,114,8426,114
658,5,0.01,5,MFT (w=5),67,149,7952,149
659,5,0.01,5,Nucleotide,54,175,7894,175
660,5,0.01,6,MFT (w=11),140,70,8176,70
661,5,0.01,6,MFT (w=8),93,111,8334,111
662,5,0.01,6,MFT (w=5),61,152,8034,152
663,5,0.01,6,Nucleotide,51,174,7882,174
664,5,0.01,7,MFT (w=11),142,78,8545,78
665,5,0.01,7,MFT (w=8),73,130,8498,130
666,5,0.01,7,MFT (w=5),60,159,7849,159
667,5,0.01,7,Nucleotide,52,176,7823,176
668,5,0.01,8,MFT (w=11),113,89,8383,89
669,5,0.01,8,MFT (w=8),77,123,8310,123
670,5,0.01,8,MFT (w=5),59,157,7879,157
671,5,0.01,8,Nucleotide,50,180,7924,180
672,5,0.01,9,MFT (w=11),158,72,8544,72
673,5,0.01,9,MFT (w=8),100,110,8440,110
674,5,0.01,9,MFT (w=5),63,147,7986,147
675,5,0.01,9,Nucleotide,53,170,8017,170
676,5,0.01,10,MFT (w=11),132,82,8032,82
677,5,0.01,10,MFT (w=8),100,114,7959,114
678,5,0.01,10,MFT (w=5),64,154,7953,154
679,5,0.01,10,Nucleotide,50,173,7828,173
680,5,0.0125,1,MFT (w=11),110,89,8076,89
681,5,0.0125,1,MFT (w=8),82,129,8164,129
682,5,0.0125,1,MFT (w=5),56,151,7450,151
683,5,0.0125,1,Nucleotide,43,183,7202,183
684,5,0.0125,2,MFT (w=11),89,92,7535,92
685,5,0.0125,2,MFT (w=8),71,128,7583,128
686,5,0.0125,2,MFT (w=5),53,154,7133,154
687,5,0.0125,2,Nucleotide,45,168,6916,168
688,5,0.0125,3,MFT (w=11),114,85,7956,85
689,5,0.0125,3,MFT (w=8),79,122,8009,122
690,5,0.0125,3,MFT (w=5),57,157,7453,157
691,5,0.0125,3,Nucleotide,44,174,7109,174
692,5,0.0125,4,MFT (w=11),94,90,7324,90
693,5,0.0125,4,MFT (w=8),66,130,7500,130
694,5,0.0125,4,MFT (w=5),45,167,6905,167
695,5,0.0125,4,Nucleotide,36,192,6917,192
696,5,0.0125,5,MFT (w=11),108,86,7882,86
697,5,0.0125,5,MFT (w=8),76,126,7864,126
698,5,0.0125,5,MFT (w=5),50,164,7315,164
699,5,0.0125,5,Nucleotide,45,183,7228,183
700,5,0.0125,6,MFT (w=11),107,89,7926,89
701,5,0.0125,6,MFT (w=8),68,135,7735,135
702,5,0.0125,6,MFT (w=5),52,165,7304,165
703,5,0.0125,6,Nucleotide,46,177,7057,177
704,5,0.0125,7,MFT (w=11),118,86,7773,86
705,5,0.0125,7,MFT (w=8),83,121,7956,121
706,5,0.0125,7,MFT (w=5),55,158,7408,158
707,5,0.0125,7,Nucleotide,43,180,7260,180
708,5,0.0125,8,MFT (w=11),102,90,7949,90
709,5,0.0125,8,MFT (w=8),76,122,7827,122
710,5,0.0125,8,MFT (w=5),53,156,7257,156
711,5,0.0125,8,Nucleotide,42,182,7136,182
712,5,0.0125,9,MFT (w=11),116,88,7937,88
713,5,0.0125,9,MFT (w=8),75,122,7883,122
714,5,0.0125,9,MFT (w=5),51,171,7581,171
715,5,0.0125,9,Nucleotide,46,176,7274,176
716,5,0.0125,10,MFT (w=11),110,89,8076,89
717,5,0.0125,10,MFT (w=8),82,129,8164,129
718,5,0.0125,10,MFT (w=5),56,151,7450,151
719,5,0.0125,10,Nucleotide,43,183,7202,183
720,5,0.015,1,MFT (w=11),86,88,7112,88
721,5,0.015,1,MFT (w=8),68,135,7338,135
722,5,0.015,1,MFT (w=5),44,164,6550,164
723,5,0.015,1,Nucleotide,37,186,6405,186
724,5,0.015,2,MFT (w=11),90,98,7551,98
725,5,0.015,2,MFT (w=8),67,137,7373,137
726,5,0.015,2,MFT (w=5),44,162,6637,162
727,5,0.015,2,Nucleotide,39,168,6104,168
728,5,0.015,3,MFT (w=11),98,90,7711,90
729,5,0.015,3,MFT (w=8),65,138,7689,138
730,5,0.015,3,MFT (w=5),43,166,6812,166
731,5,0.015,3,Nucleotide,39,171,6361,171
732,5,0.015,4,MFT (w=11),90,91,6983,91
733,5,0.015,4,MFT (w=8),61,135,7187,135
734,5,0.015,4,MFT (w=5),41,162,6330,162
735,5,0.015,4,Nucleotide,37,174,6196,174
736,5,0.015,5,MFT (w=11),89,94,7144,94
737,5,0.015,5,MFT (w=8),60,141,7301,141
738,5,0.015,5,MFT (w=5),49,161,6748,161
739,5,0.015,5,Nucleotide,39,166,6214,166
740,5,0.015,6,MFT (w=11),95,90,7307,90
741,5,0.015,6,MFT (w=8),74,132,7753,132
742,5,0.015,6,MFT (w=5),49,164,6948,164
743,5,0.015,6,Nucleotide,36,178,6494,178
744,5,0.015,7,MFT (w=11),91,88,7249,88
745,5,0.015,7,MFT (w=8),67,128,7342,128
746,5,0.015,7,MFT (w=5),45,161,6705,161
747,5,0.015,7,Nucleotide,38,177,6457,177
748,5,0.015,8,MFT (w=11),95,93,7046,93
749,5,0.015,8,MFT (w=8),59,142,7542,142
750,5,0.015,8,MFT (w=5),44,168,6849,168
751,5,0.015,8,Nucleotide,37,182,6579,182
752,5,0.015,9,MFT (w=11),88,99,7559,99
753,5,0.015,9,MFT (w=8),64,136,7651,136
754,5,0.015,9,MFT (w=5),46,156,6729,156
755,5,0.015,9,Nucleotide,39,172,6384,172
756,5,0.015,10,MFT (w=11),86,88,7112,88
757,5,0.015,10,MFT (w=8),68,135,7338,135
758,5,0.015,10,MFT (w=5),44,164,6550,164
759,5,0.015,10,Nucleotide,37,186,6405,186
760,5,0.02,1,MFT (w=11),78,93,6332,93
761,5,0.02,1,MFT (w=8),50,132,6321,132
762,5,0.02,1,MFT (w=5),37,155,5373,155
763,5,0.02,1,Nucleotide,33,156,4948,156
764,5,0.02,2,MFT (w=11),81,88,6268,88
765,5,0.02,2,MFT (w=8),52,138,6359,138
766,5,0.02,2,MFT (w=5),36,149,5164,149
767,5,0.02,2,Nucleotide,31,159,5016,159
768,5,0.02,3,MFT (w=11),78,83,6141,83
769,5,0.02,3,MFT (w=8),53,134,6380,134
770,5,0.02,3,MFT (w=5),39,146,5409,146
771,5,0.02,3,Nucleotide,32,164,5222,164
772,5,0.02,4,MFT (w=11),81,85,6040,85
773,5,0.02,4,MFT (w=8),53,131,6228,131
774,5,0.02,4,MFT (w=5),38,154,5560,154
775,5,0.02,4,Nucleotide,33,147,4879,147
776,5,0.02,5,MFT (w=11),68,92,5871,92
777,5,0.02,5,MFT (w=8),51,130,6249,130
778,5,0.02,5,MFT (w=5),39,149,5334,149
779,5,0.02,5,Nucleotide,31,155,4899,155
780,5,0.02,6,MFT (w=11),79,83,5632,83
781,5,0.02,6,MFT (w=8),51,129,5992,129
782,5,0.02,6,MFT (w=5),36,158,5455,158
783,5,0.02,6,Nucleotide,31,160,5068,160
784,5,0.02,7,MFT (w=11),73,87,6013,87
785,5,0.02,7,MFT (w=8),52,132,6309,132
786,5,0.02,7,MFT (w=5),37,157,5615,157
787,5,0.02,7,Nucleotide,32,150,4842,150
788,5,0.02,8,MFT (w=11),81,101,6829,101
789,5,0.02,8,MFT (w=8),56,138,6665,138
790,5,0.02,8,MFT (w=5),39,164,5837,164
791,5,0.02,8,Nucleotide,34,162,5328,162
792,5,0.02,9,MFT (w=11),73,99,6442,99
793,5,0.02,9,MFT (w=8),53,139,6544,139
794,5,0.02,9,MFT (w=5),36,156,5483,156
795,5,0.02,9,Nucleotide,32,154,4950,154
796,5,0.02,10,MFT (w=11),78,93,6332,93
797,5,0.02,10,MFT (w=8),50,132,6321,132
798,5,0.02,10,MFT (w=5),37,155,5373,155
799,5,0.02,10,Nucleotide,33,156,4948,156
800,5,0.025,1,MFT (w=11),72,93,6350,93
801,5,0.025,1,MFT (w=8),51,129,5909,129
802,5,0.025,1,MFT (w=5),32,153,4819,153
803,5,0.025,1,Nucleotide,30,138,4100,138
804,5,0.025,2,MFT (w=11),68,80,4816,80
805,5,0.025,2,MFT (w=8),42,133,5309,133
806,5,0.025,2,MFT (w=5),34,126,4056,126
807,5,0.025,2,Nucleotide,28,121,3582,121
808,5,0.025,3,MFT (w=11),63,92,5497,92
809,5,0.025,3,MFT (w=8),42,132,5528,132
810,5,0.025,3,MFT (w=5),33,136,4459,136
811,5,0.025,3,Nucleotide,29,138,4017,138
812,5,0.025,4,MFT (w=11),72,83,5174,83
813,5,0.025,4,MFT (w=8),44,131,5494,131
814,5,0.025,4,MFT (w=5),33,130,4298,130
815,5,0.025,4,Nucleotide,30,124,3692,124
816,5,0.025,5,MFT (w=11),72,82,5323,82
817,5,0.025,5,MFT (w=8),44,119,5111,119
818,5,0.025,5,MFT (w=5),34,132,4519,132
819,5,0.025,5,Nucleotide,30,135,4063,135
820,5,0.025,6,MFT (w=11),69,94,5737,94
821,5,0.025,6,MFT (w=8),44,128,5413,128
822,5,0.025,6,MFT (w=5),35,141,4716,141
823,5,0.025,6,Nucleotide,30,135,4047,135
824,5,0.025,7,MFT (w=11),61,85,4917,85
825,5,0.025,7,MFT (w=8),47,124,5158,124
826,5,0.025,7,MFT (w=5),33,132,4295,132
827,5,0.025,7,Nucleotide,30,122,3688,122
828,5,0.025,8,MFT (w=11),75,83,5647,83
829,5,0.025,8,MFT (w=8),51,115,5358,115
830,5,0.025,8,MFT (w=5),32,144,4593,144
831,5,0.025,8,Nucleotide,29,146,4203,146
832,5,0.025,9,MFT (w=11),66,89,5260,89
833,5,0.025,9,MFT (w=8),45,134,5616,134
834,5,0.025,9,MFT (w=5),34,134,4370,134
835,5,0.025,9,Nucleotide,31,124,3761,124
836,5,0.025,10,MFT (w=11),72,93,6350,93
837,5,0.025,10,MFT (w=8),51,129,5909,129
838,5,0.025,10,MFT (w=5),32,153,4819,153
839,5,0.025,10,Nucleotide,30,138,4100,138
840,5,0.03,1,MFT (w=11),67,73,4155,73
841,5,0.03,1,MFT (w=8),45,111,4450,111
842,5,0.03,1,MFT (w=5),32,109,3339,109
843,5,0.03,1,Nucleotide,29,103,2925,103
844,5,0.03,2,MFT (w=11),65,68,3807,68
845,5,0.03,2,MFT (w=8),44,94,3839,94
846,5,0.03,2,MFT (w=5),31,113,3464,113
847,5,0.03,2,Nucleotide,29,91,2584,91
848,5,0.03,3,MFT (w=11),65,84,4942,84
849,5,0.03,3,MFT (w=8),40,123,4874,123
850,5,0.03,3,MFT (w=5),30,121,3665,121
851,5,0.03,3,Nucleotide,27,111,3088,111
852,5,0.03,4,MFT (w=11),59,70,3795,70
853,5,0.03,4,MFT (w=8),37,116,4255,116
854,5,0.03,4,MFT (w=5),29,116,3439,116
855,5,0.03,4,Nucleotide,26,113,2987,113
856,5,0.03,5,MFT (w=11),63,74,4167,74
857,5,0.03,5,MFT (w=8),42,110,4323,110
858,5,0.03,5,MFT (w=5),34,105,3415,105
859,5,0.03,5,Nucleotide,28,102,2957,102
860,5,0.03,6,MFT (w=11),66,74,4463,74
861,5,0.03,6,MFT (w=8),43,112,4403,112
862,5,0.03,6,MFT (w=5),32,112,3578,112
863,5,0.03,6,Nucleotide,30,105,3034,105
864,5,0.03,7,MFT (w=11),65,74,4320,74
865,5,0.03,7,MFT (w=8),41,118,4603,118
866,5,0.03,7,MFT (w=5),31,110,3484,110
867,5,0.03,7,Nucleotide,30,96,2791,96
868,5,0.03,8,MFT (w=11),58,85,4725,85
869,5,0.03,8,MFT (w=8),42,120,4736,120
870,5,0.03,8,MFT (w=5),30,121,3792,121
871,5,0.03,8,Nucleotide,27,109,3049,109
872,5,0.03,9,MFT (w=11),60,87,4741,87
873,5,0.03,9,MFT (w=8),40,115,4542,115
874,5,0.03,9,MFT (w=5),31,120,3575,120
875,5,0.03,9,Nucleotide,27,106,2955,106
876,5,0.03,10,MFT (w=11),67,73,4155,73
877,5,0.03,10,MFT (w=8),45,111,4450,111
878,5,0.03,10,MFT (w=5),32,109,3339,109
879,5,0.03,10,Nucleotide,29,103,2925,103
880,5,0.035,1,MFT (w=11),62,57,3223,57
881,5,0.035,1,MFT (w=8),38,105,3846,105
882,5,0.035,1,MFT (w=5),29,91,2691,91
883,5,0.035,1,Nucleotide,27,76,2026,76
884,5,0.035,2,MFT (w=11),54,66,3441,66
885,5,0.035,2,MFT (w=8),36,99,3463,99
886,5,0.035,2,MFT (w=5),27,100,2663,100
887,5,0.035,2,Nucleotide,25,71,1856,71
888,5,0.035,3,MFT (w=11),55,73,3752,73
889,5,0.035,3,MFT (w=8),37,91,3256,91
890,5,0.035,3,MFT (w=5),28,92,2605,92
891,5,0.035,3,Nucleotide,26,85,2245,85
892,5,0.035,4,MFT (w=11),62,65,3653,65
893,5,0.035,4,MFT (w=8),39,108,4127,108
894,5,0.035,4,MFT (w=5),28,103,2972,103
895,5,0.035,4,Nucleotide,25,93,2409,93
896,5,0.035,5,MFT (w=11),62,61,3567,61
897,5,0.035,5,MFT (w=8),41,108,4089,108
898,5,0.035,5,MFT (w=5),31,89,2615,89
899,5,0.035,5,Nucleotide,27,71,1994,71
900,5,0.035,6,MFT (w=11),59,61,3388,61
901,5,0.035,6,MFT (w=8),38,97,3526,97
902,5,0.035,6,MFT (w=5),29,96,2815,96
903,5,0.035,6,Nucleotide,28,73,1991,73
904,5,0.035,7,MFT (w=11),58,65,3548,65
905,5,0.035,7,MFT (w=8),41,95,3627,95
906,5,0.035,7,MFT (w=5),28,99,2795,99
907,5,0.035,7,Nucleotide,26,85,2223,85
908,5,0.035,8,MFT (w=11),53,70,3402,70
909,5,0.035,8,MFT (w=8),37,104,3752,104
910,5,0.035,8,MFT (w=5),27,105,2945,105
911,5,0.035,8,Nucleotide,25,85,2268,85
912,5,0.035,9,MFT (w=11),62,68,3831,68
913,5,0.035,9,MFT (w=8),42,95,3831,95
914,5,0.035,9,MFT (w=5),28,103,2955,103
915,5,0.035,9,Nucleotide,26,85,2215,85
916,5,0.035,10,MFT (w=11),62,57,3223,57
917,5,0.035,10,MFT (w=8),38,105,3846,105
918,5,0.035,10,MFT (w=5),29,91,2691,91
919,5,0.035,10,Nucleotide,27,76,2026,76
920,5,0.04,1,MFT (w=11),63,52,2862,52
921,5,0.04,1,MFT (w=8),33,91,3003,91
922,5,0.04,1,MFT (w=5),24,76,1953,76
923,5,0.04,1,Nucleotide,25,59,1535,59
924,5,0.04,2,MFT (w=11),58,54,2727,54
925,5,0.04,2,MFT (w=8),33,97,3208,97
926,5,0.04,2,MFT (w=5),27,82,2236,82
927,5,0.04,2,Nucleotide,25,64,1625,64
928,5,0.04,3,MFT (w=11),52,52,2589,52
929,5,0.04,3,MFT (w=8),39,82,2934,82
930,5,0.04,3,MFT (w=5),27,73,2057,73
931,5,0.04,3,Nucleotide,26,66,1698,66
932,5,0.04,4,MFT (w=11),56,47,2642,47
933,5,0.04,4,MFT (w=8),36,75,2558,75
934,5,0.04,4,MFT (w=5),26,79,2122,79
935,5,0.04,4,Nucleotide,24,59,1486,59
936,5,0.04,5,MFT (w=11),59,60,3131,60
937,5,0.04,5,MFT (w=8),38,89,3273,89
938,5,0.04,5,MFT (w=5),27,79,2239,79
939,5,0.04,5,Nucleotide,26,66,1801,66
940,5,0.04,6,MFT (w=11),53,56,2879,56
941,5,0.04,6,MFT (w=8),35,78,2706,78
942,5,0.04,6,MFT (w=5),27,71,1913,71
943,5,0.04,6,Nucleotide,25,57,1446,57
944,5,0.04,7,MFT (w=11),57,55,2931,55
945,5,0.04,7,MFT (w=8),38,80,2909,80
946,5,0.04,7,MFT (w=5),28,72,1982,72
947,5,0.04,7,Nucleotide,25,60,1515,60
948,5,0.04,8,MFT (w=11),52,68,3297,68
949,5,0.04,8,MFT (w=8),35,90,3171,90
950,5,0.04,8,MFT (w=5),28,90,2595,90
951,5,0.04,8,Nucleotide,26,64,1737,64
952,5,0.04,9,MFT (w=11),52,57,2987,57
953,5,0.04,9,MFT (w=8),37,83,3122,83
954,5,0.04,9,MFT (w=5),28,80,2278,80
955,5,0.04,9,Nucleotide,25,67,1702,67
956,5,0.04,10,MFT (w=11),63,52,2862,52
957,5,0.04,10,MFT (w=8),33,91,3003,91
958,5,0.04,10,MFT (w=5),24,76,1953,76
959,5,0.04,10,Nucleotide,25,59,1535,59
960,5,0.045,1,MFT (w=11),52,43,2061,43
961,5,0.045,1,MFT (w=8),34,74,2485,74
962,5,0.045,1,MFT (w=5),28,64,1793,64
963,5,0.045,1,Nucleotide,25,45,1144,45
964,5,0.045,2,MFT (w=11),57,47,2299,47
965,5,0.045,2,MFT (w=8),36,66,2276,66
966,5,0.045,2,MFT (w=5),25,62,1571,62
967,5,0.045,2,Nucleotide,23,49,1158,49
968,5,0.045,3,MFT (w=11),51,45,2193,45
969,5,0.045,3,MFT (w=8),33,70,2303,70
970,5,0.045,3,MFT (w=5),26,58,1513,58
971,5,0.045,3,Nucleotide,23,48,1160,48
972,5,0.045,4,MFT (w=11),50,45,2226,45
973,5,0.045,4,MFT (w=8),35,77,2474,77
974,5,0.045,4,MFT (w=5),26,62,1647,62
975,5,0.045,4,Nucleotide,25,42,1062,42
976,5,0.045,5,MFT (w=11),55,51,2555,51
977,5,0.045,5,MFT (w=8),37,75,2628,75
978,5,0.045,5,MFT (w=5),28,53,1497,53
979,5,0.045,5,Nucleotide,25,48,1276,48
980,5,0.045,6,MFT (w=11),55,49,2423,49
981,5,0.045,6,MFT (w=8),34,64,2175,64
982,5,0.045,6,MFT (w=5),25,56,1467,56
983,5,0.045,6,Nucleotide,23,41,1019,41
984,5,0.045,7,MFT (w=11),57,56,2846,56
985,5,0.045,7,MFT (w=8),37,80,2876,80
986,5,0.045,7,MFT (w=5),26,67,1824,67
987,5,0.045,7,Nucleotide,25,49,1247,49
988,5,0.045,8,MFT (w=11),55,61,2937,61
989,5,0.045,8,MFT (w=8),34,81,2792,81
990,5,0.045,8,MFT (w=5),25,62,1614,62
991,5,0.045,8,Nucleotide,25,45,1146,45
992,5,0.045,9,MFT (w=11),60,48,2434,48
993,5,0.045,9,MFT (w=8),36,73,2494,73
994,5,0.045,9,MFT (w=5),25,55,1450,55
995,5,0.045,9,Nucleotide,23,54,1281,54
996,5,0.045,10,MFT (w=11),52,43,2061,43
997,5,0.045,10,MFT (w=8),34,74,2485,74
998,5,0.045,10,MFT (w=5),28,64,1793,64
999,5,0.045,10,Nucleotide,25,45,1144,45
1000,5,0.05,1,MFT (w=11),48,37,1646,37
1001,5,0.05,1,MFT (w=8),31,68,2160,68
1002,5,0.05,1,MFT (w=5),26,47,1263,47
1003,5,0.05,1,Nucleotide,25,30,769,30
1004,5,0.05,2,MFT (w=11),50,38,1862,38
1005,5,0.05,2,MFT (w=8),33,48,1542,48
1006,5,0.05,2,MFT (w=5),23,49,1181,49
1007,5,0.05,2,Nucleotide,23,31,724,31
1008,5,0.05,3,MFT (w=11),50,37,1870,37
1009,5,0.05,3,MFT (w=8),33,71,2321,71
1010,5,0.05,3,MFT (w=5),28,47,1305,47
1011,5,0.05,3,Nucleotide,22,28,665,28
1012,5,0.05,4,MFT (w=11),45,38,1630,38
1013,5,0.05,4,MFT (w=8),31,56,1753,56
1014,5,0.05,4,MFT (w=5),25,40,1040,40
1015,5,0.05,4,Nucleotide,27,23,622,23
1016,5,0.05,5,MFT (w=11),53,41,2125,41
1017,5,0.05,5,MFT (w=8),32,65,2122,65
1018,5,0.05,5,MFT (w=5),25,51,1373,51
1019,5,0.05,5,Nucleotide,25,26,695,26
1020,5,0.05,6,MFT (w=11),51,36,1768,36
1021,5,0.05,6,MFT (w=8),30,59,1810,59
1022,5,0.05,6,MFT (w=5),25,52,1272,52
1023,5,0.05,6,Nucleotide,25,27,693,27
1024,5,0.05,7,MFT (w=11),47,51,2242,51
1025,5,0.05,7,MFT (w=8),34,72,2449,72
1026,5,0.05,7,MFT (w=5),26,60,1588,60
1027,5,0.05,7,Nucleotide,25,38,949,38
1028,5,0.05,8,MFT (w=11),46,47,2070,47
1029,5,0.05,8,MFT (w=8),33,78,2521,78
1030,5,0.05,8,MFT (w=5),24,52,1288,52
1031,5,0.05,8,Nucleotide,23,35,811,35
1032,5,0.05,9,MFT (w=11),47,37,1635,37
1033,5,0.05,9,MFT (w=8),33,58,1852,58
1034,5,0.05,9,MFT (w=5),24,59,1485,59
1035,5,0.05,9,Nucleotide,23,40,937,40
1036,5,0.05,10,MFT (w=11),48,37,1646,37
1037,5,0.05,10,MFT (w=8),31,68,2160,68
1038,5,0.05,10,MFT (w=5),26,47,1263,47
1039,5,0.05,10,Nucleotide,25,30,769,30
1040,10,0.0025,1,MFT (w=11),257,54,9170,54
1041,10,0.0025,1,MFT (w=8),137,86,9002,86
1042,10,0.0025,1,MFT (w=5),100,118,8892,118
1043,10,0.0025,1,Nucleotide,85,138,9040,138
1044,10,0.0025,2,MFT (w=11),202,64,9131,64
1045,10,0.0025,2,MFT (w=8),114,95,8920,95
1046,10,0.0025,2,MFT (w=5),87,129,8827,129
1047,10,0.0025,2,Nucleotide,70,151,8792,151
1048,10,0.0025,3,MFT (w=11),230,59,9227,59
1049,10,0.0025,3,MFT (w=8),162,87,9290,87
1050,10,0.0025,3,MFT (w=5),107,126,9192,126
1051,10,0.0025,3,Nucleotide,93,136,9098,136
1052,10,0.0025,4,MFT (w=11),236,62,9143,62
1053,10,0.0025,4,MFT (w=8),142,92,9023,92
1054,10,0.0025,4,MFT (w=5),84,128,9009,128
1055,10,0.0025,4,Nucleotide,74,145,9006,145
1056,10,0.0025,5,MFT (w=11),266,58,9320,58
1057,10,0.0025,5,MFT (w=8),170,92,9341,92
1058,10,0.0025,5,MFT (w=5),105,119,9186,119
1059,10,0.0025,5,Nucleotide,84,135,9218,135
1060,10,0.0025,6,MFT (w=11),224,56,9295,56
1061,10,0.0025,6,MFT (w=8),140,85,9208,85
1062,10,0.0025,6,MFT (w=5),101,121,9022,121
1063,10,0.0025,6,Nucleotide,83,146,9109,146
1064,10,0.0025,7,MFT (w=11),199,62,9170,62
1065,10,0.0025,7,MFT (w=8),147,83,9172,83
1066,10,0.0025,7,MFT (w=5),99,120,9017,120
1067,10,0.0025,7,Nucleotide,82,143,9183,143
1068,10,0.0025,8,MFT (w=11),191,60,9020,60
1069,10,0.0025,8,MFT (w=8),135,85,8974,85
1070,10,0.0025,8,MFT (w=5),98,120,8797,120
1071,10,0.0025,8,Nucleotide,79,142,8792,142
1072,10,0.0025,9,MFT (w=11),190,67,9061,67
1073,10,0.0025,9,MFT (w=8),134,91,8997,91
1074,10,0.0025,9,MFT (w=5),84,131,8825,131
1075,10,0.0025,9,Nucleotide,71,155,8945,155
1076,10,0.0025,10,MFT (w=11),257,54,9170,54
1077,10,0.0025,10,MFT (w=8),137,86,9002,86
1078,10,0.0025,10,MFT (w=5),100,118,8892,118
1079,10,0.0025,10,Nucleotide,85,138,9040,138
1080,10,0.005,1,MFT (w=11),104,88,8240,88
1081,10,0.005,1,MFT (w=8),79,124,8267,124
1082,10,0.005,1,MFT (w=5),61,152,7699,152
1083,10,0.005,1,Nucleotide,48,170,7666,170
1084,10,0.005,2,MFT (w=11),122,86,8089,86
1085,10,0.005,2,MFT (w=8),78,127,8081,127
1086,10,0.005,2,MFT (w=5),57,159,7794,159
1087,10,0.005,2,Nucleotide,49,179,7553,179
1088,10,0.005,3,MFT (w=11),108,86,8183,86
1089,10,0.005,3,MFT (w=8),76,126,8163,126
1090,10,0.005,3,MFT (w=5),56,163,7634,163
1091,10,0.005,3,Nucleotide,44,175,7288,175
1092,10,0.005,4,MFT (w=11),99,86,7317,86
1093,10,0.005,4,MFT (w=8),67,129,7752,129
1094,10,0.005,4,MFT (w=5),49,163,7272,163
1095,10,0.005,4,Nucleotide,44,190,7327,190
1096,10,0.005,5,MFT (w=11),123,82,7958,82
1097,10,0.005,5,MFT (w=8),76,133,8109,133
1098,10,0.005,5,MFT (w=5),52,165,7777,165
1099,10,0.005,5,Nucleotide,45,181,7601,181
1100,10,0.005,6,MFT (w=11),110,82,8281,82
1101,10,0.005,6,MFT (w=8),80,128,8264,128
1102,10,0.005,6,MFT (w=5),54,162,7607,162
1103,10,0.005,6,Nucleotide,45,176,7304,176
1104,10,0.005,7,MFT (w=11),102,93,8155,93
1105,10,0.005,7,MFT (w=8),76,129,8236,129
1106,10,0.005,7,MFT (w=5),57,160,7737,160
1107,10,0.005,7,Nucleotide,49,174,7307,174
1108,10,0.005,8,MFT (w=11),108,95,8121,95
1109,10,0.005,8,MFT (w=8),74,126,8219,126
1110,10,0.005,8,MFT (w=5),50,172,7717,172
1111,10,0.005,8,Nucleotide,44,184,7355,184
1112,10,0.005,9,MFT (w=11),109,92,8211,92
1113,10,0.005,9,MFT (w=8),75,129,8124,129
1114,10,0.005,9,MFT (w=5),45,174,7525,174
1115,10,0.005,9,Nucleotide,40,191,7298,191
1116,10,0.005,10,MFT (w=11),104,88,8240,88
1117,10,0.005,10,MFT (w=8),79,124,8267,124
1118,10,0.005,10,MFT (w=5),61,152,7699,152
1119,10,0.005,10,Nucleotide,48,170,7666,170
1120,10,0.0075,1,MFT (w=11),90,90,6782,90
1121,10,0.0075,1,MFT (w=8),55,147,7263,147
1122,10,0.0075,1,MFT (w=5),40,169,6280,169
1123,10,0.0075,1,Nucleotide,36,175,5976,175
1124,10,0.0075,2,MFT (w=11),85,92,6640,92
1125,10,0.0075,2,MFT (w=8),56,134,6577,134
1126,10,0.0075,2,MFT (w=5),42,155,5867,155
1127,10,0.0075,2,Nucleotide,34,168,5675,168
1128,10,0.0075,3,MFT (w=11),80,91,6630,91
1129,10,0.0075,3,MFT (w=8),56,136,6834,136
1130,10,0.0075,3,MFT (w=5),42,161,6251,161
1131,10,0.0075,3,Nucleotide,34,175,5953,175
1132,10,0.0075,4,MFT (w=11),89,86,6605,86
1133,10,0.0075,4,MFT (w=8),55,134,6845,134
1134,10,0.0075,4,MFT (w=5),45,155,6154,155
1135,10,0.0075,4,Nucleotide,35,171,5731,171
1136,10,0.0075,5,MFT (w=11),75,96,6971,96
1137,10,0.0075,5,MFT (w=8),54,135,6882,135
1138,10,0.0075,5,MFT (w=5),42,161,6389,161
1139,10,0.0075,5,Nucleotide,38,176,6225,176
1140,10,0.0075,6,MFT (w=11),79,89,6399,89
1141,10,0.0075,6,MFT (w=8),57,134,6756,134
1142,10,0.0075,6,MFT (w=5),40,164,6182,164
1143,10,0.0075,6,Nucleotide,35,165,5658,165
1144,10,0.0075,7,MFT (w=11),76,96,6460,96
1145,10,0.0075,7,MFT (w=8),55,131,6513,131
1146,10,0.0075,7,MFT (w=5),40,159,6046,159
1147,10,0.0075,7,Nucleotide,33,172,5672,172
1148,10,0.0075,8,MFT (w=11),92,87,6525,87
1149,10,0.0075,8,MFT (w=8),54,140,6944,140
1150,10,0.0075,8,MFT (w=5),39,173,6276,173
1151,10,0.0075,8,Nucleotide,35,170,5583,170
1152,10,0.0075,9,MFT (w=11),83,99,7160,99
1153,10,0.0075,9,MFT (w=8),53,141,6966,141
1154,10,0.0075,9,MFT (w=5),38,166,6198,166
1155,10,0.0075,9,Nucleotide,31,172,5530,172
1156,10,0.0075,10,MFT (w=11),90,90,6782,90
1157,10,0.0075,10,MFT (w=8),55,147,7263,147
1158,10,0.0075,10,MFT (w=5),40,169,6280,169
1159,10,0.0075,10,Nucleotide,36,175,5976,175
1160,10,0.01,1,MFT (w=11),70,76,4884,76
1161,10,0.01,1,MFT (w=8),48,127,5464,127
1162,10,0.01,1,MFT (w=5),33,142,4765,142
1163,10,0.01,1,Nucleotide,30,139,4352,139
1164,10,0.01,2,MFT (w=11),67,86,5107,86
1165,10,0.01,2,MFT (w=8),44,134,5510,134
1166,10,0.01,2,MFT (w=5),34,141,4797,141
1167,10,0.01,2,Nucleotide,31,147,4512,147
1168,10,0.01,3,MFT (w=11),73,85,5389,85
1169,10,0.01,3,MFT (w=8),47,127,5709,127
1170,10,0.01,3,MFT (w=5),35,138,4757,138
1171,10,0.01,3,Nucleotide,31,137,4260,137
1172,10,0.01,4,MFT (w=11),64,93,5565,93
1173,10,0.01,4,MFT (w=8),43,138,5690,138
1174,10,0.01,4,MFT (w=5),32,153,4861,153
1175,10,0.01,4,Nucleotide,29,137,4099,137
1176,10,0.01,5,MFT (w=11),65,87,5776,87
1177,10,0.01,5,MFT (w=8),47,134,5915,134
1178,10,0.01,5,MFT (w=5),35,140,4853,140
1179,10,0.01,5,Nucleotide,33,135,4272,135
1180,10,0.01,6,MFT (w=11),64,90,5477,90
1181,10,0.01,6,MFT (w=8),44,140,5916,140
1182,10,0.01,6,MFT (w=5),35,148,5037,148
1183,10,0.01,6,Nucleotide,30,131,4075,131
1184,10,0.01,7,MFT (w=11),76,91,6240,91
1185,10,0.01,7,MFT (w=8),51,135,6033,135
1186,10,0.01,7,MFT (w=5),33,144,4817,144
1187,10,0.01,7,Nucleotide,31,144,4481,144
1188,10,0.01,8,MFT (w=11),67,79,4975,79
1189,10,0.01,8,MFT (w=8),42,136,5418,136
1190,10,0.01,8,MFT (w=5),30,154,4682,154
1191,10,0.01,8,Nucleotide,27,151,4220,151
1192,10,0.01,9,MFT (w=11),67,90,5757,90
1193,10,0.01,9,MFT (w=8),47,132,5762,132
1194,10,0.01,9,MFT (w=5),33,146,4761,146
1195,10,0.01,9,Nucleotide,29,146,4369,146
1196,10,0.01,10,MFT (w=11),70,76,4884,76
1197,10,0.01,10,MFT (w=8),48,127,5464,127
1198,10,0.01,10,MFT (w=5),33,142,4765,142
1199,10,0.01,10,Nucleotide,30,139,4352,139
1200,10,0.0125,1,MFT (w=11),62,77,4552,77
1201,10,0.0125,1,MFT (w=8),43,116,4933,116
1202,10,0.0125,1,MFT (w=5),33,125,4021,125
1203,10,0.0125,1,Nucleotide,27,111,3169,111
1204,10,0.0125,2,MFT (w=11),68,74,4499,74
1205,10,0.0125,2,MFT (w=8),41,114,4569,114
1206,10,0.0125,2,MFT (w=5),33,115,3711,115
1207,10,0.0125,2,Nucleotide,29,109,3134,109
1208,10,0.0125,3,MFT (w=11),67,75,4474,75
1209,10,0.0125,3,MFT (w=8),42,118,4634,118
1210,10,0.0125,3,MFT (w=5),29,125,3755,125
1211,10,0.0125,3,Nucleotide,26,117,3208,117
1212,10,0.0125,4,MFT (w=11),61,71,3977,71
1213,10,0.0125,4,MFT (w=8),44,113,4511,113
1214,10,0.0125,4,MFT (w=5),31,122,3706,122
1215,10,0.0125,4,Nucleotide,26,123,3338,123
1216,10,0.0125,5,MFT (w=11),65,76,4315,76
1217,10,0.0125,5,MFT (w=8),40,121,4707,121
1218,10,0.0125,5,MFT (w=5),29,127,3753,127
1219,10,0.0125,5,Nucleotide,27,121,3299,121
1220,10,0.0125,6,MFT (w=11),72,78,4996,78
1221,10,0.0125,6,MFT (w=8),42,118,4872,118
1222,10,0.0125,6,MFT (w=5),34,116,3768,116
1223,10,0.0125,6,Nucleotide,29,103,3083,103
1224,10,0.0125,7,MFT (w=11),66,76,4518,76
1225,10,0.0125,7,MFT (w=8),42,116,4679,116
1226,10,0.0125,7,MFT (w=5),30,127,3797,127
1227,10,0.0125,7,Nucleotide,29,114,3311,114
1228,10,0.0125,8,MFT (w=11),60,82,4503,82
1229,10,0.0125,8,MFT (w=8),39,121,4657,121
1230,10,0.0125,8,MFT (w=5),30,120,3539,120
1231,10,0.0125,8,Nucleotide,25,119,3102,119
1232,10,0.0125,9,MFT (w=11),60,76,4393,76
1233,10,0.0125,9,MFT (w=8),42,121,4784,121
1234,10,0.0125,9,MFT (w=5),29,132,3830,132
1235,10,0.0125,9,Nucleotide,28,115,3160,115
1236,10,0.0125,10,MFT (w=11),62,77,4552,77
1237,10,0.0125,10,MFT (w=8),43,116,4933,116
1238,10,0.0125,10,MFT (w=5),33,125,4021,125
1239,10,0.0125,10,Nucleotide,27,111,3169,111
1240,10,0.015,1,MFT (w=11),60,70,3860,70
1241,10,0.015,1,MFT (w=8),38,107,4012,107
1242,10,0.015,1,MFT (w=5),29,103,3020,103
1243,10,0.015,1,Nucleotide,26,89,2403,89
1244,10,0.015,2,MFT (w=11),58,60,3267,60
1245,10,0.015,2,MFT (w=8),36,102,3630,102
1246,10,0.015,2,MFT (w=5),29,100,2885,100
1247,10,0.015,2,Nucleotide,26,86,2297,86
1248,10,0.015,3,MFT (w=11),63,63,3797,63
1249,10,0.015,3,MFT (w=8),42,107,4235,107
1250,10,0.015,3,MFT (w=5),30,101,2972,101
1251,10,0.015,3,Nucleotide,26,85,2290,85
1252,10,0.015,4,MFT (w=11),59,67,3686,67
1253,10,0.015,4,MFT (w=8),38,116,4160,116
1254,10,0.015,4,MFT (w=5),27,100,2781,100
1255,10,0.015,4,Nucleotide,25,90,2296,90
1256,10,0.015,5,MFT (w=11),55,64,3374,64
1257,10,0.015,5,MFT (w=8),38,102,3702,102
1258,10,0.015,5,MFT (w=5),30,95,2776,95
1259,10,0.015,5,Nucleotide,27,76,2028,76
1260,10,0.015,6,MFT (w=11),68,56,3573,56
1261,10,0.015,6,MFT (w=8),43,96,3927,96
1262,10,0.015,6,MFT (w=5),29,107,3153,107
1263,10,0.015,6,Nucleotide,27,83,2313,83
1264,10,0.015,7,MFT (w=11),54,67,3398,67
1265,10,0.015,7,MFT (w=8),37,95,3423,95
1266,10,0.015,7,MFT (w=5),29,89,2527,89
1267,10,0.015,7,Nucleotide,27,80,2134,80
1268,10,0.015,8,MFT (w=11),54,69,3464,69
1269,10,0.015,8,MFT (w=8),36,107,3711,107
1270,10,0.015,8,MFT (w=5),28,110,3025,110
1271,10,0.015,8,Nucleotide,26,86,2289,86
1272,10,0.015,9,MFT (w=11),54,75,3887,75
1273,10,0.015,9,MFT (w=8),40,102,3840,102
1274,10,0.015,9,MFT (w=5),27,106,2995,106
1275,10,0.015,9,Nucleotide,25,83,2106,83
1276,10,0.015,10,MFT (w=11),60,70,3860,70
1277,10,0.015,10,MFT (w=8),38,107,4012,107
1278,10,0.015,10,MFT (w=5),29,103,3020,103
1279,10,0.015,10,Nucleotide,26,89,2403,89
1280,10,0.02,1,MFT (w=11),55,55,2845,55
1281,10,0.02,1,MFT (w=8),38,76,2778,76
1282,10,0.02,1,MFT (w=5),27,58,1626,58
1283,10,0.02,1,Nucleotide,26,52,1388,52
1284,10,0.02,2,MFT (w=11),53,49,2355,49
1285,10,0.02,2,MFT (w=8),34,64,2134,64
1286,10,0.02,2,MFT (w=5),25,56,1450,56
1287,10,0.02,2,Nucleotide,23,42,1013,42
1288,10,0.02,3,MFT (w=11),55,42,2101,42
1289,10,0.02,3,MFT (w=8),35,67,2253,67
1290,10,0.02,3,MFT (w=5),28,58,1614,58
1291,10,0.02,3,Nucleotide,24,44,1121,44
1292,10,0.02,4,MFT (w=11),53,34,1637,34
1293,10,0.02,4,MFT (w=8),33,73,2341,73
1294,10,0.02,4,MFT (w=5),27,56,1484,56
1295,10,0.02,4,Nucleotide,23,46,1134,46
1296,10,0.02,5,MFT (w=11),51,39,1890,39
1297,10,0.02,5,MFT (w=8),36,67,2318,67
1298,10,0.02,5,MFT (w=5),25,60,1518,60
1299,10,0.02,5,Nucleotide,25,30,758,30
1300,10,0.02,6,MFT (w=11),58,43,2337,43
1301,10,0.02,6,MFT (w=8),35,69,2360,69
1302,10,0.02,6,MFT (w=5),27,51,1395,51
1303,10,0.02,6,Nucleotide,24,41,1003,41
1304,10,0.02,7,MFT (w=11),48,42,1999,42
1305,10,0.02,7,MFT (w=8),34,65,2211,65
1306,10,0.02,7,MFT (w=5),26,65,1764,65
1307,10,0.02,7,Nucleotide,25,43,1084,43
1308,10,0.02,8,MFT (w=11),54,46,2310,46
1309,10,0.02,8,MFT (w=8),35,78,2663,78
1310,10,0.02,8,MFT (w=5),25,75,1916,75
1311,10,0.02,8,Nucleotide,23,47,1131,47
1312,10,0.02,9,MFT (w=11),49,45,2175,45
1313,10,0.02,9,MFT (w=8),33,83,2673,83
1314,10,0.02,9,MFT (w=5),25,62,1592,62
1315,10,0.02,9,Nucleotide,23,41,1010,41
1316,10,0.02,10,MFT (w=11),55,55,2845,55
1317,10,0.02,10,MFT (w=8),38,76,2778,76
1318,10,0.02,10,MFT (w=5),27,58,1626,58
1319,10,0.02,10,Nucleotide,26,52,1388,52
1320,10,0.025,1,MFT (w=11),49,38,1782,38
1321,10,0.025,1,MFT (w=8),33,64,1990,64
1322,10,0.025,1,MFT (w=5),25,48,1186,48
1323,10,0.025,1,Nucleotide,25,26,659,26
1324,10,0.025,2,MFT (w=11),54,22,1008,22
1325,10,0.025,2,MFT (w=8),30,45,1332,45
1326,10,0.025,2,MFT (w=5),23,31,780,31
1327,10,0.025,2,Nucleotide,22,26,612,26
1328,10,0.025,3,MFT (w=11),49,29,1371,29
1329,10,0.025,3,MFT (w=8),32,47,1506,47
1330,10,0.025,3,MFT (w=5),23,38,912,38
1331,10,0.025,3,Nucleotide,23,27,653,27
1332,10,0.025,4,MFT (w=11),46,29,1302,29
1333,10,0.025,4,MFT (w=8),30,49,1441,49
1334,10,0.025,4,MFT (w=5),24,35,838,35
1335,10,0.025,4,Nucleotide,23,26,595,26
1336,10,0.025,5,MFT (w=11),47,35,1496,35
1337,10,0.025,5,MFT (w=8),32,47,1514,47
1338,10,0.025,5,MFT (w=5),24,31,792,31
1339,10,0.025,5,Nucleotide,21,26,596,26
1340,10,0.025,6,MFT (w=11),47,36,1626,36
1341,10,0.025,6,MFT (w=8),31,48,1516,48
1342,10,0.025,6,MFT (w=5),26,32,826,32
1343,10,0.025,6,Nucleotide,23,26,638,26
1344,10,0.025,7,MFT (w=11),50,19,901,19
1345,10,0.025,7,MFT (w=8),32,45,1411,45
1346,10,0.025,7,MFT (w=5),25,36,906,36
1347,10,0.025,7,Nucleotide,24,27,657,27
1348,10,0.025,8,MFT (w=11),50,29,1365,29
1349,10,0.025,8,MFT (w=8),32,52,1709,52
1350,10,0.025,8,MFT (w=5),27,33,852,33
1351,10,0.025,8,Nucleotide,25,22,543,22
1352,10,0.025,9,MFT (w=11),52,28,1362,28
1353,10,0.025,9,MFT (w=8),30,48,1498,48
1354,10,0.025,9,MFT (w=5),27,21,577,21
1355,10,0.025,9,Nucleotide,23,19,477,19
1356,10,0.025,10,MFT (w=11),49,38,1782,38
1357,10,0.025,10,MFT (w=8),33,64,1990,64
1358,10,0.025,10,MFT (w=5),25,48,1186,48
1359,10,0.025,10,Nucleotide,25,26,659,26
1360,10,0.03,1,MFT (w=11),48,15,657,15
1361,10,0.03,1,MFT (w=8),30,29,909,29
1362,10,0.03,1,MFT (w=5),22,23,540,23
1363,10,0.03,1,Nucleotide,23,11,257,11
1364,10,0.03,2,MFT (w=11),46,17,795,17
1365,10,0.03,2,MFT (w=8),33,29,933,29
1366,10,0.03,2,MFT (w=5),25,21,556,21
1367,10,0.03,2,Nucleotide,23,11,271,11
1368,10,0.03,3,MFT (w=11),47,20,874,20
1369,10,0.03,3,MFT (w=8),34,32,1027,32
1370,10,0.03,3,MFT (w=5),26,21,523,21
1371,10,0.03,3,Nucleotide,24,12,299,12
1372,10,0.03,4,MFT (w=11),47,16,603,16
1373,10,0.03,4,MFT (w=8),28,25,700,25
1374,10,0.03,4,MFT (w=5),23,20,463,20
1375,10,0.03,4,Nucleotide,22,9,207,9
1376,10,0.03,5,MFT (w=11),45,20,917,20
1377,10,0.03,5,MFT (w=8),35,26,845,26
1378,10,0.03,5,MFT (w=5),24,27,693,27
1379,10,0.03,5,Nucleotide,24,12,294,12
1380,10,0.03,6,MFT (w=11),44,17,712,17
1381,10,0.03,6,MFT (w=8),32,29,868,29
1382,10,0.03,6,MFT (w=5),26,22,595,22
1383,10,0.03,6,Nucleotide,26,13,323,13
1384,10,0.03,7,MFT (w=11),38,17,637,17
1385,10,0.03,7,MFT (w=8),29,31,875,31
1386,10,0.03,7,MFT (w=5),27,15,399,15
1387,10,0.03,7,Nucleotide,24,13,301,13
1388,10,0.03,8,MFT (w=11),41,12,455,12
1389,10,0.03,8,MFT (w=8),31,20,617,20
1390,10,0.03,8,MFT (w=5),23,22,532,22
1391,10,0.03,8,Nucleotide,22,13,291,13
1392,10,0.03,9,MFT (w=11),49,19,839,19
1393,10,0.03,9,MFT (w=8),31,30,927,30
1394,10,0.03,9,MFT (w=5),25,21,510,21
1395,10,0.03,9,Nucleotide,22,9,204,9
1396,10,0.03,10,MFT (w=11),48,15,657,15
1397,10,0.03,10,MFT (w=8),30,29,909,29
1398,10,0.03,10,MFT (w=5),22,23,540,23
1399,10,0.03,10,Nucleotide,23,11,257,11
1400,10,0.035,1,MFT (w=11),45,13,536,13
1401,10,0.035,1,MFT (w=8),29,25,708,25
1402,10,0.035,1,MFT (w=5),23,13,294,13
1403,10,0.035,1,Nucleotide,21,9,195,9
1404,10,0.035,2,MFT (w=11),46,10,458,10
1405,10,0.035,2,MFT (w=8),33,12,359,12
1406,10,0.035,2,MFT (w=5),21,8,174,8
1407,10,0.035,2,Nucleotide,23,3,68,3
1408,10,0.035,3,MFT (w=11),48,11,531,11
1409,10,0.035,3,MFT (w=8),30,18,517,18
1410,10,0.035,3,MFT (w=5),24,13,318,13
1411,10,0.035,3,Nucleotide,25,6,141,6
1412,10,0.035,4,MFT (w=11),40,15,579,15
1413,10,0.035,4,MFT (w=8),28,27,749,27
1414,10,0.035,4,MFT (w=5),23,16,383,16
1415,10,0.035,4,Nucleotide,23,10,233,10
1416,10,0.035,5,MFT (w=11),47,13,587,13
1417,10,0.035,5,MFT (w=8),33,22,657,22
1418,10,0.035,5,MFT (w=5),24,9,225,9
1419,10,0.035,5,Nucleotide,25,4,103,4
1420,10,0.035,6,MFT (w=11),46,9,398,9
1421,10,0.035,6,MFT (w=8),33,21,681,21
1422,10,0.035,6,MFT (w=5),23,12,290,12
1423,10,0.035,6,Nucleotide,23,4,97,4
1424,10,0.035,7,MFT (w=11),42,15,618,15
1425,10,0.035,7,MFT (w=8),29,18,528,18
1426,10,0.035,7,MFT (w=5),23,13,307,13
1427,10,0.035,7,Nucleotide,23,7,160,7
1428,10,0.035,8,MFT (w=11),43,16,692,16
1429,10,0.035,8,MFT (w=8),36,19,652,19
1430,10,0.035,8,MFT (w=5),23,12,291,12
1431,10,0.035,8,Nucleotide,23,7,157,7
1432,10,0.035,9,MFT (w=11),45,6,256,6
1433,10,0.035,9,MFT (w=8),29,21,610,21
1434,10,0.035,9,MFT (w=5),25,9,228,9
1435,10,0.035,9,Nucleotide,21,1,21,1
1436,10,0.035,10,MFT (w=11),45,13,536,13
1437,10,0.035,10,MFT (w=8),29,25,708,25
1438,10,0.035,10,MFT (w=5),23,13,294,13
1439,10,0.035,10,Nucleotide,21,9,195,9
1440,10,0.04,1,MFT (w=11),39,7,254,7
1441,10,0.04,1,MFT (w=8),28,12,323,12
1442,10,0.04,1,MFT (w=5),22,5,117,5
1443,10,0.04,1,Nucleotide,0,0,0,0
1444,10,0.04,2,MFT (w=11),39,8,321,8
1445,10,0.04,2,MFT (w=8),27,15,419,15
1446,10,0.04,2,MFT (w=5),25,4,99,4
1447,10,0.04,2,Nucleotide,0,0,0,0
1448,10,0.04,3,MFT (w=11),36,8,284,8
1449,10,0.04,3,MFT (w=8),33,9,274,9
1450,10,0.04,3,MFT (w=5),35,2,59,2
1451,10,0.04,3,Nucleotide,28,2,48,2
1452,10,0.04,4,MFT (w=11),48,7,315,7
1453,10,0.04,4,MFT (w=8),36,8,241,8
1454,10,0.04,4,MFT (w=5),22,2,43,2
1455,10,0.04,4,Nucleotide,21,4,83,4
1456,10,0.04,5,MFT (w=11),38,8,315,8
1457,10,0.04,5,MFT (w=8),31,12,352,12
1458,10,0.04,5,MFT (w=5),22,10,232,10
1459,10,0.04,5,Nucleotide,26,2,49,2
1460,10,0.04,6,MFT (w=11),57,10,540,10
1461,10,0.04,6,MFT (w=8),33,12,383,12
1462,10,0.04,6,MFT (w=5),22,8,183,8
1463,10,0.04,6,Nucleotide,27,2,51,2
1464,10,0.04,7,MFT (w=11),48,11,452,11
1465,10,0.04,7,MFT (w=8),33,13,412,13
1466,10,0.04,7,MFT (w=5),22,10,232,10
1467,10,0.04,7,Nucleotide,21,5,112,5
1468,10,0.04,8,MFT (w=11),43,9,393,9
1469,10,0.04,8,MFT (w=8),28,14,432,14
1470,10,0.04,8,MFT (w=5),23,11,250,11
1471,10,0.04,8,Nucleotide,23,3,71,3
1472,10,0.04,9,MFT (w=11),46,7,284,7
1473,10,0.04,9,MFT (w=8),26,8,234,8
1474,10,0.04,9,MFT (w=5),21,5,115,5
1475,10,0.04,9,Nucleotide,21,1,21,1
1476,10,0.04,10,MFT (w=11),39,7,254,7
1477,10,0.04,10,MFT (w=8),28,12,323,12
1478,10,0.04,10,MFT (w=5),22,5,117,5
1479,10,0.04,10,Nucleotide,0,0,0,0
1480,10,0.045,1,MFT (w=11),43,1,43,1
1481,10,0.045,1,MFT (w=8),28,7,194,7
1482,10,0.045,1,MFT (w=5),27,2,50,2
1483,10,0.045,1,Nucleotide,0,0,0,0
1484,10,0.045,2,MFT (w=11),42,1,42,1
1485,10,0.045,2,MFT (w=8),21,3,67,3
1486,10,0.045,2,MFT (w=5),26,1,26,1
1487,10,0.045,2,Nucleotide,25,1,25,1
1488,10,0.045,3,MFT (w=11),42,3,132,3
1489,10,0.045,3,MFT (w=8),28,8,218,8
1490,10,0.045,3,MFT (w=5),20,1,20,1
1491,10,0.045,3,Nucleotide,21,2,41,2
1492,10,0.045,4,MFT (w=11),62,2,113,2
1493,10,0.045,4,MFT (w=8),30,7,193,7
1494,10,0.045,4,MFT (w=5),21,2,41,2
1495,10,0.045,4,Nucleotide,20,3,63,3
1496,10,0.045,5,MFT (w=11),39,6,228,6
1497,10,0.045,5,MFT (w=8),28,9,243,9
1498,10,0.045,5,MFT (w=5),26,4,96,4
1499,10,0.045,5,Nucleotide,21,1,21,1
1500,10,0.045,6,MFT (w=11),0,0,0,0
1501,10,0.045,6,MFT (w=8),29,6,168,6
1502,10,0.045,6,MFT (w=5),24,2,47,2
1503,10,0.045,6,Nucleotide,0,0,0,0
1504,10,0.045,7,MFT (w=11),45,5,237,5
1505,10,0.045,7,MFT (w=8),32,12,353,12
1506,10,0.045,7,MFT (w=5),23,6,139,6
1507,10,0.045,7,Nucleotide,22,1,22,1
1508,10,0.045,8,MFT (w=11),31,4,131,4
1509,10,0.045,8,MFT (w=8),27,9,251,9
1510,10,0.045,8,MFT (w=5),21,5,112,5
1511,10,0.045,8,Nucleotide,23,3,67,3
1512,10,0.045,9,MFT (w=11),43,6,246,6
1513,10,0.045,9,MFT (w=8),37,2,58,2
1514,10,0.045,9,MFT (w=5),0,0,0,0
1515,10,0.045,9,Nucleotide,0,0,0,0
1516,10,0.045,10,MFT (w=11),43,1,43,1
1517,10,0.045,10,MFT (w=8),28,7,194,7
1518,10,0.045,10,MFT (w=5),27,2,50,2
1519,10,0.045,10,Nucleotide,0,0,0,0
1520,10,0.05,1,MFT (w=11),29,1,29,1
1521,10,0.05,1,MFT (w=8),29,6,172,6
1522,10,0.05,1,MFT (w=5),22,2,43,2
1523,10,0.05,1,Nucleotide,0,0,0,0
1524,10,0.05,2,MFT (w=11),37,6,208,6
1525,10,0.05,2,MFT (w=8),23,3,79,3
1526,10,0.05,2,MFT (w=5),24,1,24,1
1527,10,0.05,2,Nucleotide,0,0,0,0
1528,10,0.05,3,MFT (w=11),53,2,89,2
1529,10,0.05,3,MFT (w=8),49,2,73,2
1530,10,0.05,3,MFT (w=5),0,0,0,0
1531,10,0.05,3,Nucleotide,20,1,20,1
1532,10,0.05,4,MFT (w=11),30,1,30,1
1533,10,0.05,4,MFT (w=8),27,4,98,4
1534,10,0.05,4,MFT (w=5),23,3,66,3
1535,10,0.05,4,Nucleotide,21,2,41,2
1536,10,0.05,5,MFT (w=11),28,1,28,1
1537,10,0.05,5,MFT (w=8),0,0,0,0
1538,10,0.05,5,MFT (w=5),23,2,43,2
1539,10,0.05,5,Nucleotide,0,0,0,0
1540,10,0.05,6,MFT (w=11),41,1,41,1
1541,10,0.05,6,MFT (w=8),24,4,97,4
1542,10,0.05,6,MFT (w=5),23,2,43,2
1543,10,0.05,6,Nucleotide,0,0,0,0
1544,10,0.05,7,MFT (w=11),34,3,103,3
1545,10,0.05,7,MFT (w=8),29,3,84,3
1546,10,0.05,7,MFT (w=5),22,3,70,3
1547,10,0.05,7,Nucleotide,0,0,0,0
1548,10,0.05,8,MFT (w=11),40,4,155,4
1549,10,0.05,8,MFT (w=8),29,6,163,6
1550,10,0.05,8,MFT (w=5),0,0,0,0
1551,10,0.05,8,Nucleotide,0,0,0,0
1552,10,0.05,9,MFT (w=11),24,1,24,1
1553,10,0.05,9,MFT (w=8),28,3,95,3
1554,10,0.05,9,MFT (w=5),24,2,45,2
1555,10,0.05,9,Nucleotide,21,1,21,1
1556,10,0.05,10,MFT (w=11),29,1,29,1
1557,10,0.05,10,MFT (w=8),29,6,172,6
1558,10,0.05,10,MFT (w=5),22,2,43,2
1559,10,0.05,10,Nucleotide,0,0,0,0
1560,20,0.0025,1,MFT (w=11),112,87,8006,87
1561,20,0.0025,1,MFT (w=8),74,130,7995,130
1562,20,0.0025,1,MFT (w=5),55,164,7569,164
1563,20,0.0025,1,Nucleotide,47,172,7324,172
1564,20,0.0025,2,MFT (w=11),108,88,7836,88
1565,20,0.0025,2,MFT (w=8),67,129,7526,129
1566,20,0.0025,2,MFT (w=5),50,171,7318,171
1567,20,0.0025,2,Nucleotide,40,188,7005,188
1568,20,0.0025,3,MFT (w=11),128,83,7974,83
1569,20,0.0025,3,MFT (w=8),83,120,7899,120
1570,20,0.0025,3,MFT (w=5),58,155,7507,155
1571,20,0.0025,3,Nucleotide,48,170,7183,170
1572,20,0.0025,4,MFT (w=11),128,81,8061,81
1573,20,0.0025,4,MFT (w=8),76,127,7932,127
1574,20,0.0025,4,MFT (w=5),55,157,7483,157
1575,20,0.0025,4,Nucleotide,44,177,7295,177
1576,20,0.0025,5,MFT (w=11),108,88,7942,88
1577,20,0.0025,5,MFT (w=8),78,132,8186,132
1578,20,0.0025,5,MFT (w=5),51,171,7673,171
1579,20,0.0025,5,Nucleotide,43,189,7643,189
1580,20,0.0025,6,MFT (w=11),122,81,8210,81
1581,20,0.0025,6,MFT (w=8),82,119,7970,119
1582,20,0.0025,6,MFT (w=5),55,158,7555,158
1583,20,0.0025,6,Nucleotide,43,182,7366,182
1584,20,0.0025,7,MFT (w=11),106,90,7926,90
1585,20,0.0025,7,MFT (w=8),78,126,7884,126
1586,20,0.0025,7,MFT (w=5),57,155,7317,155
1587,20,0.0025,7,Nucleotide,46,169,7127,169
1588,20,0.0025,8,MFT (w=11),106,86,7734,86
1589,20,0.0025,8,MFT (w=8),78,128,8032,128
1590,20,0.0025,8,MFT (w=5),48,166,7427,166
1591,20,0.0025,8,Nucleotide,42,179,7208,179
1592,20,0.0025,9,MFT (w=11),105,87,7854,87
1593,20,0.0025,9,MFT (w=8),79,115,7786,115
1594,20,0.0025,9,MFT (w=5),51,159,7374,159
1595,20,0.0025,9,Nucleotide,47,178,7245,178
1596,20,0.0025,10,MFT (w=11),112,87,8006,87
1597,20,0.0025,10,MFT (w=8),74,130,7995,130
1598,20,0.0025,10,MFT (w=5),55,164,7569,164
1599,20,0.0025,10,Nucleotide,47,172,7324,172
1600,20,0.005,1,MFT (w=11),77,88,6011,88
1601,20,0.005,1,MFT (w=8),50,134,5978,134
1602,20,0.005,1,MFT (w=5),35,140,4773,140
1603,20,0.005,1,Nucleotide,32,140,4427,140
1604,20,0.005,2,MFT (w=11),65,87,5370,87
1605,20,0.005,2,MFT (w=8),42,135,5622,135
1606,20,0.005,2,MFT (w=5),32,144,4525,144
1607,20,0.005,2,Nucleotide,30,137,3995,137
1608,20,0.005,3,MFT (w=11),63,88,5383,88
1609,20,0.005,3,MFT (w=8),47,122,5171,122
1610,20,0.005,3,MFT (w=5),31,132,4195,132
1611,20,0.005,3,Nucleotide,29,120,3466,120
1612,20,0.005,4,MFT (w=11),72,85,5285,85
1613,20,0.005,4,MFT (w=8),46,129,5481,129
1614,20,0.005,4,MFT (w=5),31,147,4494,147
1615,20,0.005,4,Nucleotide,28,146,4112,146
1616,20,0.005,5,MFT (w=11),63,83,4934,83
1617,20,0.005,5,MFT (w=8),42,130,5238,130
1618,20,0.005,5,MFT (w=5),33,130,4215,130
1619,20,0.005,5,Nucleotide,29,139,4005,139
1620,20,0.005,6,MFT (w=11),73,94,5922,94
1621,20,0.005,6,MFT (w=8),46,136,5790,136
1622,20,0.005,6,MFT (w=5),32,142,4536,142
1623,20,0.005,6,Nucleotide,30,134,3915,134
1624,20,0.005,7,MFT (w=11),63,81,4869,81
1625,20,0.005,7,MFT (w=8),45,131,5486,131
1626,20,0.005,7,MFT (w=5),30,145,4641,145
1627,20,0.005,7,Nucleotide,29,128,3806,128
1628,20,0.005,8,MFT (w=11),70,88,5572,88
1629,20,0.005,8,MFT (w=8),44,136,5801,136
1630,20,0.005,8,MFT (w=5),32,163,5250,163
1631,20,0.005,8,Nucleotide,30,156,4542,156
1632,20,0.005,9,MFT (w=11),61,89,5267,89
1633,20,0.005,9,MFT (w=8),46,125,5100,125
1634,20,0.005,9,MFT (w=5),30,145,4445,145
1635,20,0.005,9,Nucleotide,28,132,3766,132
1636,20,0.005,10,MFT (w=11),77,88,6011,88
1637,20,0.005,10,MFT (w=8),50,134,5978,134
1638,20,0.005,10,MFT (w=5),35,140,4773,140
1639,20,0.005,10,Nucleotide,32,140,4427,140
1640,20,0.0075,1,MFT (w=11),65,62,3490,62
1641,20,0.0075,1,MFT (w=8),40,103,4023,103
1642,20,0.0075,1,MFT (w=5),28,99,2769,99
1643,20,0.0075,1,Nucleotide,26,82,2155,82
1644,20,0.0075,2,MFT (w=11),62,55,3024,55
1645,20,0.0075,2,MFT (w=8),33,88,3103,88
1646,20,0.0075,2,MFT (w=5),27,77,2089,77
1647,20,0.0075,2,Nucleotide,25,68,1708,68
1648,20,0.0075,3,MFT (w=11),55,55,2939,55
1649,20,0.0075,3,MFT (w=8),39,83,3164,83
1650,20,0.0075,3,MFT (w=5),28,86,2489,86
1651,20,0.0075,3,Nucleotide,28,67,1845,67
1652,20,0.0075,4,MFT (w=11),57,64,3485,64
1653,20,0.0075,4,MFT (w=8),41,99,3777,99
1654,20,0.0075,4,MFT (w=5),29,91,2722,91
1655,20,0.0075,4,Nucleotide,25,81,2077,81
1656,20,0.0075,5,MFT (w=11),51,63,3054,63
1657,20,0.0075,5,MFT (w=8),37,100,3527,100
1658,20,0.0075,5,MFT (w=5),26,104,2832,104
1659,20,0.0075,5,Nucleotide,25,84,2199,84
1660,20,0.0075,6,MFT (w=11),53,54,2879,54
1661,20,0.0075,6,MFT (w=8),40,92,3427,92
1662,20,0.0075,6,MFT (w=5),28,97,2825,97
1663,20,0.0075,6,Nucleotide,25,76,2036,76
1664,20,0.0075,7,MFT (w=11),50,45,2265,45
1665,20,0.0075,7,MFT (w=8),36,86,3025,86
1666,20,0.0075,7,MFT (w=5),28,90,2565,90
1667,20,0.0075,7,Nucleotide,24,69,1727,69
1668,20,0.0075,8,MFT (w=11),62,59,3276,59
1669,20,0.0075,8,MFT (w=8),36,101,3718,101
1670,20,0.0075,8,MFT (w=5),29,95,2757,95
1671,20,0.0075,8,Nucleotide,27,71,1909,71
1672,20,0.0075,9,MFT (w=11),57,64,3264,64
1673,20,0.0075,9,MFT (w=8),37,111,3887,111
1674,20,0.0075,9,MFT (w=5),27,96,2689,96
1675,20,0.0075,9,Nucleotide,26,67,1805,67
1676,20,0.0075,10,MFT (w=11),65,62,3490,62
1677,20,0.0075,10,MFT (w=8),40,103,4023,103
1678,20,0.0075,10,MFT (w=5),28,99,2769,99
1679,20,0.0075,10,Nucleotide,26,82,2155,82
1680,20,0.01,1,MFT (w=11),56,42,1986,42
1681,20,0.01,1,MFT (w=8),34,71,2337,71
1682,20,0.01,1,MFT (w=5),25,61,1569,61
1683,20,0.01,1,Nucleotide,24,41,1024,41
1684,20,0.01,2,MFT (w=11),46,44,1875,44
1685,20,0.01,2,MFT (w=8),30,73,2248,73
1686,20,0.01,2,MFT (w=5),26,56,1418,56
1687,20,0.01,2,Nucleotide,24,38,926,38
1688,20,0.01,3,MFT (w=11),55,35,1773,35
1689,20,0.01,3,MFT (w=8),34,65,2202,65
1690,20,0.01,3,MFT (w=5),25,55,1415,55
1691,20,0.01,3,Nucleotide,24,33,823,33
1692,20,0.01,4,MFT (w=11),53,39,1962,39
1693,20,0.01,4,MFT (w=8),34,71,2331,71
1694,20,0.01,4,MFT (w=5),24,68,1721,68
1695,20,0.01,4,Nucleotide,25,36,898,36
1696,20,0.01,5,MFT (w=11),53,36,1835,36
1697,20,0.01,5,MFT (w=8),33,66,2094,66
1698,20,0.01,5,MFT (w=5),27,54,1434,54
1699,20,0.01,5,Nucleotide,24,37,921,37
1700,20,0.01,6,MFT (w=11),45,28,1382,28
1701,20,0.01,6,MFT (w=8),35,61,1981,61
1702,20,0.01,6,MFT (w=5),25,52,1390,52
1703,20,0.01,6,Nucleotide,24,42,1062,42
1704,20,0.01,7,MFT (w=11),58,41,2111,41
1705,20,0.01,7,MFT (w=8),37,59,2127,59
1706,20,0.01,7,MFT (w=5),26,44,1169,44
1707,20,0.01,7,Nucleotide,23,34,823,34
1708,20,0.01,8,MFT (w=11),53,39,1940,39
1709,20,0.01,8,MFT (w=8),36,63,2106,63
1710,20,0.01,8,MFT (w=5),25,59,1532,59
1711,20,0.01,8,Nucleotide,23,37,910,37
1712,20,0.01,9,MFT (w=11),51,42,2114,42
1713,20,0.01,9,MFT (w=8),36,74,2533,74
1714,20,0.01,9,MFT (w=5),27,52,1395,52
1715,20,0.01,9,Nucleotide,26,26,680,26
1716,20,0.01,10,MFT (w=11),56,42,1986,42
1717,20,0.01,10,MFT (w=8),34,71,2337,71
1718,20,0.01,10,MFT (w=5),25,61,1569,61
1719,20,0.01,10,Nucleotide,24,41,1024,41
1720,20,0.0125,1,MFT (w=11),53,34,1574,34
1721,20,0.0125,1,MFT (w=8),41,39,1442,39
1722,20,0.0125,1,MFT (w=5),26,37,940,37
1723,20,0.0125,1,Nucleotide,23,22,498,22
1724,20,0.0125,2,MFT (w=11),49,23,1032,23
1725,20,0.0125,2,MFT (w=8),29,42,1216,42
1726,20,0.0125,2,MFT (w=5),24,31,793,31
1727,20,0.0125,2,Nucleotide,22,14,322,14
1728,20,0.0125,3,MFT (w=11),54,30,1445,30
1729,20,0.0125,3,MFT (w=8),31,44,1403,44
1730,20,0.0125,3,MFT (w=5),23,28,671,28
1731,20,0.0125,3,Nucleotide,23,21,486,21
1732,20,0.0125,4,MFT (w=11),51,17,793,17
1733,20,0.0125,4,MFT (w=8),29,35,1104,35
1734,20,0.0125,4,MFT (w=5),23,31,718,31
1735,20,0.0125,4,Nucleotide,22,15,346,15
1736,20,0.0125,5,MFT (w=11),44,16,709,16
1737,20,0.0125,5,MFT (w=8),31,32,1021,32
1738,20,0.0125,5,MFT (w=5),23,24,570,24
1739,20,0.0125,5,Nucleotide,21,14,318,14
1740,20,0.0125,6,MFT (w=11),60,24,1286,24
1741,20,0.0125,6,MFT (w=8),33,40,1335,40
1742,20,0.0125,6,MFT (w=5),24,23,585,23
1743,20,0.0125,6,Nucleotide,24,20,510,20
1744,20,0.0125,7,MFT (w=11),45,18,802,18
1745,20,0.0125,7,MFT (w=8),28,39,1115,39
1746,20,0.0125,7,MFT (w=5),24,29,685,29
1747,20,0.0125,7,Nucleotide,22,24,550,24
1748,20,0.0125,8,MFT (w=11),48,20,827,20
1749,20,0.0125,8,MFT (w=8),31,41,1265,41
1750,20,0.0125,8,MFT (w=5),23,35,829,35
1751,20,0.0125,8,Nucleotide,22,20,467,20
1752,20,0.0125,9,MFT (w=11),49,29,1315,29
1753,20,0.0125,9,MFT (w=8),32,40,1328,40
1754,20,0.0125,9,MFT (w=5),24,24,603,24
1755,20,0.0125,9,Nucleotide,24,13,314,13
1756,20,0.0125,10,MFT (w=11),53,34,1574,34
1757,20,0.0125,10,MFT (w=8),41,39,1442,39
1758,20,0.0125,10,MFT (w=5),26,37,940,37
1759,20,0.0125,10,Nucleotide,23,22,498,22
1760,20,0.015,1,MFT (w=11),49,12,526,12
1761,20,0.015,1,MFT (w=8),30,23,675,23
1762,20,0.015,1,MFT (w=5),22,17,399,17
1763,20,0.015,1,Nucleotide,22,11,249,11
1764,20,0.015,2,MFT (w=11),49,14,662,14
1765,20,0.015,2,MFT (w=8),27,21,639,21
1766,20,0.015,2,MFT (w=5),22,12,270,12
1767,20,0.015,2,Nucleotide,20,1,20,1
1768,20,0.015,3,MFT (w=11),50,13,614,13
1769,20,0.015,3,MFT (w=8),33,24,762,24
1770,20,0.015,3,MFT (w=5),22,19,450,19
1771,20,0.015,3,Nucleotide,24,9,216,9
1772,20,0.015,4,MFT (w=11),44,10,434,10
1773,20,0.015,4,MFT (w=8),29,24,682,24
1774,20,0.015,4,MFT (w=5),22,15,342,15
1775,20,0.015,4,Nucleotide,20,7,156,7
1776,20,0.015,5,MFT (w=11),46,10,420,10
1777,20,0.015,5,MFT (w=8),31,27,790,27
1778,20,0.015,5,MFT (w=5),23,20,467,20
1779,20,0.015,5,Nucleotide,24,7,168,7
1780,20,0.015,6,MFT (w=11),51,13,626,13
1781,20,0.015,6,MFT (w=8),35,30,1017,30
1782,20,0.015,6,MFT (w=5),24,20,483,20
1783,20,0.015,6,Nucleotide,23,5,121,5
1784,20,0.015,7,MFT (w=11),44,12,511,12
1785,20,0.015,7,MFT (w=8),30,21,653,21
1786,20,0.015,7,MFT (w=5),21,15,332,15
1787,20,0.015,7,Nucleotide,23,6,138,6
1788,20,0.015,8,MFT (w=11),42,16,628,16
1789,20,0.015,8,MFT (w=8),30,23,666,23
1790,20,0.015,8,MFT (w=5),26,15,370,15
1791,20,0.015,8,Nucleotide,22,10,241,10
1792,20,0.015,9,MFT (w=11),41,18,705,18
1793,20,0.015,9,MFT (w=8),29,27,778,27
1794,20,0.015,9,MFT (w=5),25,16,389,16
1795,20,0.015,9,Nucleotide,22,12,266,12
1796,20,0.015,10,MFT (w=11),49,12,526,12
1797,20,0.015,10,MFT (w=8),30,23,675,23
1798,20,0.015,10,MFT (w=5),22,17,399,17
1799,20,0.015,10,Nucleotide,22,11,249,11
1800,20,0.02,1,MFT (w=11),49,6,243,6
1801,20,0.02,1,MFT (w=8),27,12,336,12
1802,20,0.02,1,MFT (w=5),23,4,94,4
1803,20,0.02,1,Nucleotide,23,2,43,2
1804,20,0.02,2,MFT (w=11),41,7,271,7
1805,20,0.02,2,MFT (w=8),30,5,141,5
1806,20,0.02,2,MFT (w=5),21,1,21,1
1807,20,0.02,2,Nucleotide,0,0,0,0
1808,20,0.02,3,MFT (w=11),41,4,162,4
1809,20,0.02,3,MFT (w=8),26,12,317,12
1810,20,0.02,3,MFT (w=5),22,4,84,4
1811,20,0.02,3,Nucleotide,0,0,0,0
1812,20,0.02,4,MFT (w=11),49,4,181,4
1813,20,0.02,4,MFT (w=8),34,8,263,8
1814,20,0.02,4,MFT (w=5),22,3,65,3
1815,20,0.02,4,Nucleotide,20,2,40,2
1816,20,0.02,5,MFT (w=11),41,7,275,7
1817,20,0.02,5,MFT (w=8),28,10,277,10
1818,20,0.02,5,MFT (w=5),24,6,144,6
1819,20,0.02,5,Nucleotide,26,3,76,3
1820,20,0.02,6,MFT (w=11),80,3,140,3
1821,20,0.02,6,MFT (w=8),27,8,219,8
1822,20,0.02,6,MFT (w=5),25,2,46,2
1823,20,0.02,6,Nucleotide,23,1,23,1
1824,20,0.02,7,MFT (w=11),28,3,85,3
1825,20,0.02,7,MFT (w=8),28,14,367,14
1826,20,0.02,7,MFT (w=5),25,9,230,9
1827,20,0.02,7,Nucleotide,21,3,68,3
1828,20,0.02,8,MFT (w=11),42,7,310,7
1829,20,0.02,8,MFT (w=8),30,13,395,13
1830,20,0.02,8,MFT (w=5),23,5,120,5
1831,20,0.02,8,Nucleotide,23,2,43,2
1832,20,0.02,9,MFT (w=11),44,8,326,8
1833,20,0.02,9,MFT (w=8),35,12,388,12
1834,20,0.02,9,MFT (w=5),20,3,65,3
1835,20,0.02,9,Nucleotide,0,0,0,0
1836,20,0.02,10,MFT (w=11),49,6,243,6
1837,20,0.02,10,MFT (w=8),27,12,336,12
1838,20,0.02,10,MFT (w=5),23,4,94,4
1839,20,0.02,10,Nucleotide,23,2,43,2
1840,20,0.025,1,MFT (w=11),64,2,111,2
1841,20,0.025,1,MFT (w=8),29,5,142,5
1842,20,0.025,1,MFT (w=5),22,2,43,2
1843,20,0.025,1,Nucleotide,0,0,0,0
1844,20,0.025,2,MFT (w=11),50,2,83,2
1845,20,0.025,2,MFT (w=8),26,3,78,3
1846,20,0.025,2,MFT (w=5),23,1,23,1
1847,20,0.025,2,Nucleotide,23,1,23,1
1848,20,0.025,3,MFT (w=11),33,3,100,3
1849,20,0.025,3,MFT (w=8),20,7,155,7
1850,20,0.025,3,MFT (w=5),21,1,21,1
1851,20,0.025,3,Nucleotide,0,0,0,0
1852,20,0.025,4,MFT (w=11),24,1,24,1
1853,20,0.025,4,MFT (w=8),30,1,30,1
1854,20,0.025,4,MFT (w=5),0,0,0,0
1855,20,0.025,4,Nucleotide,0,0,0,0
1856,20,0.025,5,MFT (w=11),53,2,97,2
1857,20,0.025,5,MFT (w=8),28,3,78,3
1858,20,0.025,5,MFT (w=5),23,3,72,3
1859,20,0.025,5,Nucleotide,20,1,20,1
1860,20,0.025,6,MFT (w=11),63,2,113,2
1861,20,0.025,6,MFT (w=8),31,2,62,2
1862,20,0.025,6,MFT (w=5),20,1,20,1
1863,20,0.025,6,Nucleotide,22,2,42,2
1864,20,0.025,7,MFT (w=11),36,1,36,1
1865,20,0.025,7,MFT (w=8),0,0,0,0
1866,20,0.025,7,MFT (w=5),20,1,20,1
1867,20,0.025,7,Nucleotide,21,1,21,1
1868,20,0.025,8,MFT (w=11),50,2,92,2
1869,20,0.025,8,MFT (w=8),34,2,60,2
1870,20,0.025,8,MFT (w=5),0,0,0,0
1871,20,0.025,8,Nucleotide,0,0,0,0
1872,20,0.025,9,MFT (w=11),20,1,20,1
1873,20,0.025,9,MFT (w=8),23,3,74,3
1874,20,0.025,9,MFT (w=5),0,0,0,0
1875,20,0.025,9,Nucleotide,0,0,0,0
1876,20,0.025,10,MFT (w=11),64,2,111,2
1877,20,0.025,10,MFT (w=8),29,5,142,5
1878,20,0.025,10,MFT (w=5),22,2,43,2
1879,20,0.025,10,Nucleotide,0,0,0,0
1880,20,0.03,1,MFT (w=11),0,0,0,0
1881,20,0.03,1,MFT (w=8),0,0,0,0
1882,20,0.03,1,MFT (w=5),0,0,0,0
1883,20,0.03,1,Nucleotide,0,0,0,0
1884,20,0.03,2,MFT (w=11),0,0,0,0
1885,20,0.03,2,MFT (w=8),26,2,52,2
1886,20,0.03,2,MFT (w=5),24,1,24,1
1887,20,0.03,2,Nucleotide,25,1,25,1
1888,20,0.03,3,MFT (w=11),37,2,71,2
1889,20,0.03,3,MFT (w=8),30,2,50,2
1890,20,0.03,3,MFT (w=5),0,0,0,0
1891,20,0.03,3,Nucleotide,0,0,0,0
1892,20,0.03,4,MFT (w=11),0,0,0,0
1893,20,0.03,4,MFT (w=8),0,0,0,0
1894,20,0.03,4,MFT (w=5),0,0,0,0
1895,20,0.03,4,Nucleotide,0,0,0,0
1896,20,0.03,5,MFT (w=11),0,0,0,0
1897,20,0.03,5,MFT (w=8),22,1,22,1
1898,20,0.03,5,MFT (w=5),21,2,41,2
1899,20,0.03,5,Nucleotide,23,2,43,2
1900,20,0.03,6,MFT (w=11),0,0,0,0
1901,20,0.03,6,MFT (w=8),21,1,21,1
1902,20,0.03,6,MFT (w=5),20,1,20,1
1903,20,0.03,6,Nucleotide,0,0,0,0
1904,20,0.03,7,MFT (w=11),32,1,32,1
1905,20,0.03,7,MFT (w=8),0,0,0,0
1906,20,0.03,7,MFT (w=5),0,0,0,0
1907,20,0.03,7,Nucleotide,0,0,0,0
1908,20,0.03,8,MFT (w=11),31,1,31,1
1909,20,0.03,8,MFT (w=8),23,1,23,1
1910,20,0.03,8,MFT (w=5),22,1,22,1
1911,20,0.03,8,Nucleotide,0,0,0,0
1912,20,0.03,9,MFT (w=11),44,1,44,1
1913,20,0.03,9,MFT (w=8),32,1,32,1
1914,20,0.03,9,MFT (w=5),0,0,0,0
1915,20,0.03,9,Nucleotide,0,0,0,0
1916,20,0.03,10,MFT (w=11),0,0,0,0
1917,20,0.03,10,MFT (w=8),0,0,0,0
1918,20,0.03,10,MFT (w=5),0,0,0,0
1919,20,0.03,10,Nucleotide,0,0,0,0
1920,20,0.035,1,MFT (w=11),0,0,0,0
1921,20,0.035,1,MFT (w=8),0,0,0,0
1922,20,0.035,1,MFT (w=5),0,0,0,0
1923,20,0.035,1,Nucleotide,0,0,0,0
1924,20,0.035,2,MFT (w=11),0,0,0,0
1925,20,0.035,2,MFT (w=8),0,0,0,0
1926,20,0.035,2,MFT (w=5),0,0,0,0
1927,20,0.035,2,Nucleotide,0,0,0,0
1928,20,0.035,3,MFT (w=11),0,0,0,0
1929,20,0.035,3,MFT (w=8),21,1,21,1
1930,20,0.035,3,MFT (w=5),0,0,0,0
1931,20,0.035,3,Nucleotide,0,0,0,0
1932,20,0.035,4,MFT (w=11),0,0,0,0
1933,20,0.035,4,MFT (w=8),24,1,24,1
1934,20,0.035,4,MFT (w=5),0,0,0,0
1935,20,0.035,4,Nucleotide,0,0,0,0
1936,20,0.035,5,MFT (w=11),0,0,0,0
1937,20,0.035,5,MFT (w=8),0,0,0,0
1938,20,0.035,5,MFT (w=5),0,0,0,0
1939,20,0.035,5,Nucleotide,0,0,0,0
1940,20,0.035,6,MFT (w=11),0,0,0,0
1941,20,0.035,6,MFT (w=8),0,0,0,0
1942,20,0.035,6,MFT (w=5),0,0,0,0
1943,20,0.035,6,Nucleotide,0,0,0,0
1944,20,0.035,7,MFT (w=11),0,0,0,0
1945,20,0.035,7,MFT (w=8),0,0,0,0
1946,20,0.035,7,MFT (w=5),0,0,0,0
1947,20,0.035,7,Nucleotide,0,0,0,0
1948,20,0.035,8,MFT (w=11),42,1,42,1
1949,20,0.035,8,MFT (w=8),27,1,27,1
1950,20,0.035,8,MFT (w=5),0,0,0,0
1951,20,0.035,8,Nucleotide,0,0,0,0
1952,20,0.035,9,MFT (w=11),0,0,0,0
1953,20,0.035,9,MFT (w=8),26,2,46,2
1954,20,0.035,9,MFT (w=5),23,2,43,2
1955,20,0.035,9,Nucleotide,0,0,0,0
1956,20,0.035,10,MFT (w=11),0,0,0,0
1957,20,0.035,10,MFT (w=8),0,0,0,0
1958,20,0.035,10,MFT (w=5),0,0,0,0
1959,20,0.035,10,Nucleotide,0,0,0,0
1960,20,0.04,1,MFT (w=11),0,0,0,0
1961,20,0.04,1,MFT (w=8),0,0,0,0
1962,20,0.04,1,MFT (w=5),0,0,0,0
1963,20,0.04,1,Nucleotide,0,0,0,0
1964,20,0.04,2,MFT (w=11),0,0,0,0
1965,20,0.04,2,MFT (w=8),27,1,27,1
1966,20,0.04,2,MFT (w=5),0,0,0,0
1967,20,0.04,2,Nucleotide,0,0,0,0
1968,20,0.04,3,MFT (w=11),0,0,0,0
1969,20,0.04,3,MFT (w=8),0,0,0,0
1970,20,0.04,3,MFT (w=5),0,0,0,0
1971,20,0.04,3,Nucleotide,0,0,0,0
1972,20,0.04,4,MFT (w=11),0,0,0,0
1973,20,0.04,4,MFT (w=8),0,0,0,0
1974,20,0.04,4,MFT (w=5),0,0,0,0
1975,20,0.04,4,Nucleotide,0,0,0,0
1976,20,0.04,5,MFT (w=11),0,0,0,0
1977,20,0.04,5,MFT (w=8),23,1,23,1
1978,20,0.04,5,MFT (w=5),0,0,0,0
1979,20,0.04,5,Nucleotide,0,0,0,0
1980,20,0.04,6,MFT (w=11),0,0,0,0
1981,20,0.04,6,MFT (w=8),21,1,21,1
1982,20,0.04,6,MFT (w=5),0,0,0,0
1983,20,0.04,6,Nucleotide,0,0,0,0
1984,20,0.04,7,MFT (w=11),0,0,0,0
1985,20,0.04,7,MFT (w=8),0,0,0,0
1986,20,0.04,7,MFT (w=5),0,0,0,0
1987,20,0.04,7,Nucleotide,0,0,0,0
1988,20,0.04,8,MFT (w=11),0,0,0,0
1989,20,0.04,8,MFT (w=8),0,0,0,0
1990,20,0.04,8,MFT (w=5),0,0,0,0
1991,20,0.04,8,Nucleotide,0,0,0,0
1992,20,0.04,9,MFT (w=11),0,0,0,0
1993,20,0.04,9,MFT (w=8),0,0,0,0
1994,20,0.04,9,MFT (w=5),0,0,0,0
1995,20,0.04,9,Nucleotide,0,0,0,0
1996,20,0.04,10,MFT (w=11),0,0,0,0
1997,20,0.04,10,MFT (w=8),0,0,0,0
1998,20,0.04,10,MFT (w=5),0,0,0,0
1999,20,0.04,10,Nucleotide,0,0,0,0
2000,20,0.045,1,MFT (w=11),0,0,0,0
2001,20,0.045,1,MFT (w=8),0,0,0,0
2002,20,0.045,1,MFT (w=5),0,0,0,0
2003,20,0.045,1,Nucleotide,0,0,0,0
2004,20,0.045,2,MFT (w=11),0,0,0,0
2005,20,0.045,2,MFT (w=8),0,0,0,0
2006,20,0.045,2,MFT (w=5),0,0,0,0
2007,20,0.045,2,Nucleotide,0,0,0,0
2008,20,0.045,3,MFT (w=11),0,0,0,0
2009,20,0.045,3,MFT (w=8),0,0,0,0
2010,20,0.045,3,MFT (w=5),0,0,0,0
2011,20,0.045,3,Nucleotide,0,0,0,0
2012,20,0.045,4,MFT (w=11),0,0,0,0
2013,20,0.045,4,MFT (w=8),0,0,0,0
2014,20,0.045,4,MFT (w=5),0,0,0,0
2015,20,0.045,4,Nucleotide,0,0,0,0
2016,20,0.045,5,MFT (w=11),0,0,0,0
2017,20,0.045,5,MFT (w=8),24,1,24,1
2018,20,0.045,5,MFT (w=5),0,0,0,0
2019,20,0.045,5,Nucleotide,0,0,0,0
2020,20,0.045,6,MFT (w=11),0,0,0,0
2021,20,0.045,6,MFT (w=8),0,0,0,0
2022,20,0.045,6,MFT (w=5),0,0,0,0
2023,20,0.045,6,Nucleotide,0,0,0,0
2024,20,0.045,7,MFT (w=11),0,0,0,0
2025,20,0.045,7,MFT (w=8),0,0,0,0
2026,20,0.045,7,MFT (w=5),0,0,0,0
2027,20,0.045,7,Nucleotide,0,0,0,0
2028,20,0.045,8,MFT (w=11),0,0,0,0
2029,20,0.045,8,MFT (w=8),0,0,0,0
2030,20,0.045,8,MFT (w=5),0,0,0,0
2031,20,0.045,8,Nucleotide,0,0,0,0
2032,20,0.045,9,MFT (w=11),0,0,0,0
2033,20,0.045,9,MFT (w=8),0,0,0,0
2034,20,0.045,9,MFT (w=5),0,0,0,0
2035,20,0.045,9,Nucleotide,0,0,0,0
2036,20,0.045,10,MFT (w=11),0,0,0,0
2037,20,0.045,10,MFT (w=8),0,0,0,0
2038,20,0.045,10,MFT (w=5),0,0,0,0
2039,20,0.045,10,Nucleotide,0,0,0,0
2040,20,0.05,1,MFT (w=11),0,0,0,0
2041,20,0.05,1,MFT (w=8),0,0,0,0
2042,20,0.05,1,MFT (w=5),0,0,0,0
2043,20,0.05,1,Nucleotide,0,0,0,0
2044,20,0.05,2,MFT (w=11),0,0,0,0
2045,20,0.05,2,MFT (w=8),0,0,0,0
2046,20,0.05,2,MFT (w=5),0,0,0,0
2047,20,0.05,2,Nucleotide,0,0,0,0
2048,20,0.05,3,MFT (w=11),0,0,0,0
2049,20,0.05,3,MFT (w=8),0,0,0,0
2050,20,0.05,3,MFT (w=5),0,0,0,0
2051,20,0.05,3,Nucleotide,0,0,0,0
2052,20,0.05,4,MFT (w=11),0,0,0,0
2053,20,0.05,4,MFT (w=8),0,0,0,0
2054,20,0.05,4,MFT (w=5),0,0,0,0
2055,20,0.05,4,Nucleotide,0,0,0,0
2056,20,0.05,5,MFT (w=11),0,0,0,0
2057,20,0.05,5,MFT (w=8),0,0,0,0
2058,20,0.05,5,MFT (w=5),0,0,0,0
2059,20,0.05,5,Nucleotide,0,0,0,0
2060,20,0.05,6,MFT (w=11),0,0,0,0
2061,20,0.05,6,MFT (w=8),0,0,0,0
2062,20,0.05,6,MFT (w=5),0,0,0,0
2063,20,0.05,6,Nucleotide,0,0,0,0
2064,20,0.05,7,MFT (w=11),0,0,0,0
2065,20,0.05,7,MFT (w=8),0,0,0,0
2066,20,0.05,7,MFT (w=5),0,0,0,0
2067,20,0.05,7,Nucleotide,0,0,0,0
2068,20,0.05,8,MFT (w=11),0,0,0,0
2069,20,0.05,8,MFT (w=8),0,0,0,0
2070,20,0.05,8,MFT (w=5),0,0,0,0
2071,20,0.05,8,Nucleotide,0,0,0,0
2072,20,0.05,9,MFT (w=11),0,0,0,0
2073,20,0.05,9,MFT (w=8),0,0,0,0
2074,20,0.05,9,MFT (w=5),0,0,0,0
2075,20,0.05,9,Nucleotide,0,0,0,0
2076,20,0.05,10,MFT (w=11),0,0,0,0
2077,20,0.05,10,MFT (w=8),0,0,0,0
2078,20,0.05,10,MFT (w=5),0,0,0,0
2079,20,0.05,10,Nucleotide,0,0,0,0
2080,30,0.0025,1,MFT (w=11),84,93,6645,93
2081,30,0.0025,1,MFT (w=8),53,140,6829,140
2082,30,0.0025,1,MFT (w=5),41,155,5992,155
2083,30,0.0025,1,Nucleotide,36,155,5466,155
2084,30,0.0025,2,MFT (w=11),71,95,6631,95
2085,30,0.0025,2,MFT (w=8),54,128,6167,128
2086,30,0.0025,2,MFT (w=5),39,153,5508,153
2087,30,0.0025,2,Nucleotide,32,159,5037,159
2088,30,0.0025,3,MFT (w=11),84,95,6784,95
2089,30,0.0025,3,MFT (w=8),56,137,6867,137
2090,30,0.0025,3,MFT (w=5),41,153,6039,153
2091,30,0.0025,3,Nucleotide,35,155,5347,155
2092,30,0.0025,4,MFT (w=11),73,99,6566,99
2093,30,0.0025,4,MFT (w=8),52,137,6470,137
2094,30,0.0025,4,MFT (w=5),40,151,5711,151
2095,30,0.0025,4,Nucleotide,33,156,5282,156
2096,30,0.0025,5,MFT (w=11),85,82,6126,82
2097,30,0.0025,5,MFT (w=8),55,135,6553,135
2098,30,0.0025,5,MFT (w=5),40,162,5881,162
2099,30,0.0025,5,Nucleotide,35,170,5679,170
2100,30,0.0025,6,MFT (w=11),90,88,6940,88
2101,30,0.0025,6,MFT (w=8),61,126,6607,126
2102,30,0.0025,6,MFT (w=5),40,154,5962,154
2103,30,0.0025,6,Nucleotide,35,152,5242,152
2104,30,0.0025,7,MFT (w=11),80,97,6752,97
2105,30,0.0025,7,MFT (w=8),55,143,6911,143
2106,30,0.0025,7,MFT (w=5),41,164,6051,164
2107,30,0.0025,7,Nucleotide,35,171,5715,171
2108,30,0.0025,8,MFT (w=11),82,86,6338,86
2109,30,0.0025,8,MFT (w=8),56,136,6757,136
2110,30,0.0025,8,MFT (w=5),40,163,5969,163
2111,30,0.0025,8,Nucleotide,32,176,5693,176
2112,30,0.0025,9,MFT (w=11),75,91,6064,91
2113,30,0.0025,9,MFT (w=8),56,127,6404,127
2114,30,0.0025,9,MFT (w=5),40,149,5723,149
2115,30,0.0025,9,Nucleotide,34,152,5140,152
2116,30,0.0025,10,MFT (w=11),84,93,6645,93
2117,30,0.0025,10,MFT (w=8),53,140,6829,140
2118,30,0.0025,10,MFT (w=5),41,155,5992,155
2119,30,0.0025,10,Nucleotide,36,155,5466,155
2120,30,0.005,1,MFT (w=11),55,64,3388,64
2121,30,0.005,1,MFT (w=8),39,103,3781,103
2122,30,0.005,1,MFT (w=5),28,92,2685,92
2123,30,0.005,1,Nucleotide,28,72,2042,72
2124,30,0.005,2,MFT (w=11),56,73,3720,73
2125,30,0.005,2,MFT (w=8),37,103,3780,103
2126,30,0.005,2,MFT (w=5),27,95,2655,95
2127,30,0.005,2,Nucleotide,25,80,2117,80
2128,30,0.005,3,MFT (w=11),53,64,3220,64
2129,30,0.005,3,MFT (w=8),35,91,3160,91
2130,30,0.005,3,MFT (w=5),27,85,2378,85
2131,30,0.005,3,Nucleotide,26,60,1572,60
2132,30,0.005,4,MFT (w=11),55,51,2614,51
2133,30,0.005,4,MFT (w=8),36,96,3259,96
2134,30,0.005,4,MFT (w=5),25,80,2065,80
2135,30,0.005,4,Nucleotide,24,58,1489,58
2136,30,0.005,5,MFT (w=11),56,49,2677,49
2137,30,0.005,5,MFT (w=8),36,86,3160,86
2138,30,0.005,5,MFT (w=5),27,81,2257,81
2139,30,0.005,5,Nucleotide,26,77,2002,77
2140,30,0.005,6,MFT (w=11),60,67,3668,67
2141,30,0.005,6,MFT (w=8),43,94,3670,94
2142,30,0.005,6,MFT (w=5),31,82,2496,82
2143,30,0.005,6,Nucleotide,25,72,1930,72
2144,30,0.005,7,MFT (w=11),53,60,3013,60
2145,30,0.005,7,MFT (w=8),39,91,3337,91
2146,30,0.005,7,MFT (w=5),29,95,2725,95
2147,30,0.005,7,Nucleotide,26,74,1983,74
2148,30,0.005,8,MFT (w=11),55,67,3604,67
2149,30,0.005,8,MFT (w=8),39,103,3718,103
2150,30,0.005,8,MFT (w=5),27,102,2802,102
2151,30,0.005,8,Nucleotide,24,86,2177,86
2152,30,0.005,9,MFT (w=11),58,53,2701,53
2153,30,0.005,9,MFT (w=8),36,88,3070,88
2154,30,0.005,9,MFT (w=5),24,91,2358,91
2155,30,0.005,9,Nucleotide,25,63,1628,63
2156,30,0.005,10,MFT (w=11),55,64,3388,64
2157,30,0.005,10,MFT (w=8),39,103,3781,103
2158,30,0.005,10,MFT (w=5),28,92,2685,92
2159,30,0.005,10,Nucleotide,28,72,2042,72
2160,30,0.0075,1,MFT (w=11),55,36,1798,36
2161,30,0.0075,1,MFT (w=8),34,60,2009,60
2162,30,0.0075,1,MFT (w=5),24,46,1143,46
2163,30,0.0075,1,Nucleotide,24,23,562,23
2164,30,0.0075,2,MFT (w=11),55,31,1580,31
2165,30,0.0075,2,MFT (w=8),33,48,1583,48
2166,30,0.0075,2,MFT (w=5),26,33,869,33
2167,30,0.0075,2,Nucleotide,23,22,524,22
2168,30,0.0075,3,MFT (w=11),51,22,1097,22
2169,30,0.0075,3,MFT (w=8),34,38,1270,38
2170,30,0.0075,3,MFT (w=5),24,40,996,40
2171,30,0.0075,3,Nucleotide,22,21,491,21
2172,30,0.0075,4,MFT (w=11),48,22,1041,22
2173,30,0.0075,4,MFT (w=8),32,43,1316,43
2174,30,0.0075,4,MFT (w=5),25,27,693,27
2175,30,0.0075,4,Nucleotide,22,15,334,15
2176,30,0.0075,5,MFT (w=11),43,32,1312,32
2177,30,0.0075,5,MFT (w=8),33,48,1528,48
2178,30,0.0075,5,MFT (w=5),25,38,964,38
2179,30,0.0075,5,Nucleotide,23,27,671,27
2180,30,0.0075,6,MFT (w=11),48,30,1376,30
2181,30,0.0075,6,MFT (w=8),33,47,1557,47
2182,30,0.0075,6,MFT (w=5),25,47,1214,47
2183,30,0.0075,6,Nucleotide,23,26,636,26
2184,30,0.0075,7,MFT (w=11),49,18,805,18
2185,30,0.0075,7,MFT (w=8),32,45,1403,45
2186,30,0.0075,7,MFT (w=5),25,34,912,34
2187,30,0.0075,7,Nucleotide,24,18,435,18
2188,30,0.0075,8,MFT (w=11),48,23,1086,23
2189,30,0.0075,8,MFT (w=8),32,44,1398,44
2190,30,0.0075,8,MFT (w=5),25,38,962,38
2191,30,0.0075,8,Nucleotide,27,23,593,23
2192,30,0.0075,9,MFT (w=11),46,34,1469,34
2193,30,0.0075,9,MFT (w=8),37,55,1770,55
2194,30,0.0075,9,MFT (w=5),25,39,1003,39
2195,30,0.0075,9,Nucleotide,24,20,503,20
2196,30,0.0075,10,MFT (w=11),55,36,1798,36
2197,30,0.0075,10,MFT (w=8),34,60,2009,60
2198,30,0.0075,10,MFT (w=5),24,46,1143,46
2199,30,0.0075,10,Nucleotide,24,23,562,23
2200,30,0.01,1,MFT (w=11),49,16,645,16
2201,30,0.01,1,MFT (w=8),31,23,662,23
2202,30,0.01,1,MFT (w=5),23,16,388,16
2203,30,0.01,1,Nucleotide,23,10,233,10
2204,30,0.01,2,MFT (w=11),41,16,630,16
2205,30,0.01,2,MFT (w=8),25,23,594,23
2206,30,0.01,2,MFT (w=5),24,10,234,10
2207,30,0.01,2,Nucleotide,22,3,65,3
2208,30,0.01,3,MFT (w=11),44,15,620,15
2209,30,0.01,3,MFT (w=8),28,26,757,26
2210,30,0.01,3,MFT (w=5),22,15,343,15
2211,30,0.01,3,Nucleotide,23,4,95,4
2212,30,0.01,4,MFT (w=11),50,6,275,6
2213,30,0.01,4,MFT (w=8),31,20,618,20
2214,30,0.01,4,MFT (w=5),24,14,341,14
2215,30,0.01,4,Nucleotide,25,4,93,4
2216,30,0.01,5,MFT (w=11),43,11,461,11
2217,30,0.01,5,MFT (w=8),27,21,579,21
2218,30,0.01,5,MFT (w=5),23,22,519,22
2219,30,0.01,5,Nucleotide,24,6,149,6
2220,30,0.01,6,MFT (w=11),40,12,535,12
2221,30,0.01,6,MFT (w=8),31,21,675,21
2222,30,0.01,6,MFT (w=5),24,12,298,12
2223,30,0.01,6,Nucleotide,25,8,191,8
2224,30,0.01,7,MFT (w=11),52,19,944,19
2225,30,0.01,7,MFT (w=8),36,16,618,16
2226,30,0.01,7,MFT (w=5),28,12,321,12
2227,30,0.01,7,Nucleotide,23,11,256,11
2228,30,0.01,8,MFT (w=11),46,12,536,12
2229,30,0.01,8,MFT (w=8),29,25,703,25
2230,30,0.01,8,MFT (w=5),22,21,483,21
2231,30,0.01,8,Nucleotide,21,12,264,12
2232,30,0.01,9,MFT (w=11),47,14,638,14
2233,30,0.01,9,MFT (w=8),33,27,809,27
2234,30,0.01,9,MFT (w=5),23,18,432,18
2235,30,0.01,9,Nucleotide,24,5,123,5
2236,30,0.01,10,MFT (w=11),49,16,645,16
2237,30,0.01,10,MFT (w=8),31,23,662,23
2238,30,0.01,10,MFT (w=5),23,16,388,16
2239,30,0.01,10,Nucleotide,23,10,233,10
2240,30,0.0125,1,MFT (w=11),44,7,282,7
2241,30,0.0125,1,MFT (w=8),27,13,356,13
2242,30,0.0125,1,MFT (w=5),22,8,180,8
2243,30,0.0125,1,Nucleotide,23,6,135,6
2244,30,0.0125,2,MFT (w=11),40,4,148,4
2245,30,0.0125,2,MFT (w=8),30,7,202,7
2246,30,0.0125,2,MFT (w=5),24,1,24,1
2247,30,0.0125,2,Nucleotide,0,0,0,0
2248,30,0.0125,3,MFT (w=11),52,7,319,7
2249,30,0.0125,3,MFT (w=8),27,17,470,17
2250,30,0.0125,3,MFT (w=5),23,7,168,7
2251,30,0.0125,3,Nucleotide,28,2,48,2
2252,30,0.0125,4,MFT (w=11),55,2,97,2
2253,30,0.0125,4,MFT (w=8),28,8,235,8
2254,30,0.0125,4,MFT (w=5),23,5,114,5
2255,30,0.0125,4,Nucleotide,0,0,0,0
2256,30,0.0125,5,MFT (w=11),40,10,394,10
2257,30,0.0125,5,MFT (w=8),32,8,267,8
2258,30,0.0125,5,MFT (w=5),23,2,43,2
2259,30,0.0125,5,Nucleotide,23,1,23,1
2260,30,0.0125,6,MFT (w=11),41,9,363,9
2261,30,0.0125,6,MFT (w=8),33,10,328,10
2262,30,0.0125,6,MFT (w=5),25,6,162,6
2263,30,0.0125,6,Nucleotide,21,4,89,4
2264,30,0.0125,7,MFT (w=11),36,3,99,3
2265,30,0.0125,7,MFT (w=8),26,8,211,8
2266,30,0.0125,7,MFT (w=5),20,4,86,4
2267,30,0.0125,7,Nucleotide,22,4,90,4
2268,30,0.0125,8,MFT (w=11),40,3,145,3
2269,30,0.0125,8,MFT (w=8),31,12,370,12
2270,30,0.0125,8,MFT (w=5),21,5,116,5
2271,30,0.0125,8,Nucleotide,22,2,42,2
2272,30,0.0125,9,MFT (w=11),49,10,421,10
2273,30,0.0125,9,MFT (w=8),31,10,322,10
2274,30,0.0125,9,MFT (w=5),21,3,63,3
2275,30,0.0125,9,Nucleotide,0,0,0,0
2276,30,0.0125,10,MFT (w=11),44,7,282,7
2277,30,0.0125,10,MFT (w=8),27,13,356,13
2278,30,0.0125,10,MFT (w=5),22,8,180,8
2279,30,0.0125,10,Nucleotide,23,6,135,6
2280,30,0.015,1,MFT (w=11),39,5,188,5
2281,30,0.015,1,MFT (w=8),28,7,184,7
2282,30,0.015,1,MFT (w=5),26,4,95,4
2283,30,0.015,1,Nucleotide,22,3,72,3
2284,30,0.015,2,MFT (w=11),47,2,86,2
2285,30,0.015,2,MFT (w=8),24,2,47,2
2286,30,0.015,2,MFT (w=5),24,1,24,1
2287,30,0.015,2,Nucleotide,0,0,0,0
2288,30,0.015,3,MFT (w=11),48,2,84,2
2289,30,0.015,3,MFT (w=8),32,5,150,5
2290,30,0.015,3,MFT (w=5),23,4,93,4
2291,30,0.015,3,Nucleotide,0,0,0,0
2292,30,0.015,4,MFT (w=11),0,0,0,0
2293,30,0.015,4,MFT (w=8),25,5,120,5
2294,30,0.015,4,MFT (w=5),21,2,42,2
2295,30,0.015,4,Nucleotide,0,0,0,0
2296,30,0.015,5,MFT (w=11),46,1,46,1
2297,30,0.015,5,MFT (w=8),23,4,96,4
2298,30,0.015,5,MFT (w=5),24,3,72,3
2299,30,0.015,5,Nucleotide,0,0,0,0
2300,30,0.015,6,MFT (w=11),40,1,40,1
2301,30,0.015,6,MFT (w=8),35,7,211,7
2302,30,0.015,6,MFT (w=5),28,2,52,2
2303,30,0.015,6,Nucleotide,0,0,0,0
2304,30,0.015,7,MFT (w=11),44,4,164,4
2305,30,0.015,7,MFT (w=8),29,7,195,7
2306,30,0.015,7,MFT (w=5),26,2,46,2
2307,30,0.015,7,Nucleotide,25,1,25,1
2308,30,0.015,8,MFT (w=11),45,3,132,3
2309,30,0.015,8,MFT (w=8),33,3,98,3
2310,30,0.015,8,MFT (w=5),22,5,127,5
2311,30,0.015,8,Nucleotide,20,1,20,1
2312,30,0.015,9,MFT (w=11),48,2,70,2
2313,30,0.015,9,MFT (w=8),29,6,164,6
2314,30,0.015,9,MFT (w=5),27,2,47,2
2315,30,0.015,9,Nucleotide,0,0,0,0
2316,30,0.015,10,MFT (w=11),39,5,188,5
2317,30,0.015,10,MFT (w=8),28,7,184,7
2318,30,0.015,10,MFT (w=5),26,4,95,4
2319,30,0.015,10,Nucleotide,22,3,72,3
2320,30,0.02,1,MFT (w=11),0,0,0,0
2321,30,0.02,1,MFT (w=8),0,0,0,0
2322,30,0.02,1,MFT (w=5),0,0,0,0
2323,30,0.02,1,Nucleotide,0,0,0,0
2324,30,0.02,2,MFT (w=11),41,2,66,2
2325,30,0.02,2,MFT (w=8),0,0,0,0
2326,30,0.02,2,MFT (w=5),0,0,0,0
2327,30,0.02,2,Nucleotide,0,0,0,0
2328,30,0.02,3,MFT (w=11),0,0,0,0
2329,30,0.02,3,MFT (w=8),28,2,51,2
2330,30,0.02,3,MFT (w=5),0,0,0,0
2331,30,0.02,3,Nucleotide,0,0,0,0
2332,30,0.02,4,MFT (w=11),0,0,0,0
2333,30,0.02,4,MFT (w=8),0,0,0,0
2334,30,0.02,4,MFT (w=5),0,0,0,0
2335,30,0.02,4,Nucleotide,0,0,0,0
2336,30,0.02,5,MFT (w=11),0,0,0,0
2337,30,0.02,5,MFT (w=8),20,1,20,1
2338,30,0.02,5,MFT (w=5),0,0,0,0
2339,30,0.02,5,Nucleotide,0,0,0,0
2340,30,0.02,6,MFT (w=11),0,0,0,0
2341,30,0.02,6,MFT (w=8),0,0,0,0
2342,30,0.02,6,MFT (w=5),0,0,0,0
2343,30,0.02,6,Nucleotide,0,0,0,0
2344,30,0.02,7,MFT (w=11),0,0,0,0
2345,30,0.02,7,MFT (w=8),31,2,56,2
2346,30,0.02,7,MFT (w=5),20,1,20,1
2347,30,0.02,7,Nucleotide,0,0,0,0
2348,30,0.02,8,MFT (w=11),33,1,33,1
2349,30,0.02,8,MFT (w=8),31,1,31,1
2350,30,0.02,8,MFT (w=5),0,0,0,0
2351,30,0.02,8,Nucleotide,0,0,0,0
2352,30,0.02,9,MFT (w=11),40,1,40,1
2353,30,0.02,9,MFT (w=8),0,0,0,0
2354,30,0.02,9,MFT (w=5),25,1,25,1
2355,30,0.02,9,Nucleotide,0,0,0,0
2356,30,0.02,10,MFT (w=11),0,0,0,0
2357,30,0.02,10,MFT (w=8),0,0,0,0
2358,30,0.02,10,MFT (w=5),0,0,0,0
2359,30,0.02,10,Nucleotide,0,0,0,0
2360,30,0.025,1,MFT (w=11),0,0,0,0
2361,30,0.025,1,MFT (w=8),0,0,0,0
2362,30,0.025,1,MFT (w=5),0,0,0,0
2363,30,0.025,1,Nucleotide,0,0,0,0
2364,30,0.025,2,MFT (w=11),0,0,0,0
2365,30,0.025,2,MFT (w=8),0,0,0,0
2366,30,0.025,2,MFT (w=5),0,0,0,0
2367,30,0.025,2,Nucleotide,0,0,0,0
2368,30,0.025,3,MFT (w=11),0,0,0,0
2369,30,0.025,3,MFT (w=8),20,1,20,1
2370,30,0.025,3,MFT (w=5),0,0,0,0
2371,30,0.025,3,Nucleotide,0,0,0,0
2372,30,0.025,4,MFT (w=11),0,0,0,0
2373,30,0.025,4,MFT (w=8),0,0,0,0
2374,30,0.025,4,MFT (w=5),0,0,0,0
2375,30,0.025,4,Nucleotide,0,0,0,0
2376,30,0.025,5,MFT (w=11),0,0,0,0
2377,30,0.025,5,MFT (w=8),0,0,0,0
2378,30,0.025,5,MFT (w=5),0,0,0,0
2379,30,0.025,5,Nucleotide,0,0,0,0
2380,30,0.025,6,MFT (w=11),50,1,50,1
2381,30,0.025,6,MFT (w=8),31,1,31,1
2382,30,0.025,6,MFT (w=5),0,0,0,0
2383,30,0.025,6,Nucleotide,0,0,0,0
2384,30,0.025,7,MFT (w=11),0,0,0,0
2385,30,0.025,7,MFT (w=8),0,0,0,0
2386,30,0.025,7,MFT (w=5),0,0,0,0
2387,30,0.025,7,Nucleotide,0,0,0,0
2388,30,0.025,8,MFT (w=11),50,1,50,1
2389,30,0.025,8,MFT (w=8),26,1,26,1
2390,30,0.025,8,MFT (w=5),0,0,0,0
2391,30,0.025,8,Nucleotide,0,0,0,0
2392,30,0.025,9,MFT (w=11),0,0,0,0
2393,30,0.025,9,MFT (w=8),0,0,0,0
2394,30,0.025,9,MFT (w=5),0,0,0,0
2395,30,0.025,9,Nucleotide,0,0,0,0
2396,30,0.025,10,MFT (w=11),0,0,0,0
2397,30,0.025,10,MFT (w=8),0,0,0,0
2398,30,0.025,10,MFT (w=5),0,0,0,0
2399,30,0.025,10,Nucleotide,0,0,0,0
2400,30,0.03,1,MFT (w=11),0,0,0,0
2401,30,0.03,1,MFT (w=8),0,0,0,0
2402,30,0.03,1,MFT (w=5),0,0,0,0
2403,30,0.03,1,Nucleotide,0,0,0,0
2404,30,0.03,2,MFT (w=11),0,0,0,0
2405,30,0.03,2,MFT (w=8),0,0,0,0
2406,30,0.03,2,MFT (w=5),0,0,0,0
2407,30,0.03,2,Nucleotide,0,0,0,0
2408,30,0.03,3,MFT (w=11),0,0,0,0
2409,30,0.03,3,MFT (w=8),0,0,0,0
2410,30,0.03,3,MFT (w=5),0,0,0,0
2411,30,0.03,3,Nucleotide,0,0,0,0
2412,30,0.03,4,MFT (w=11),0,0,0,0
2413,30,0.03,4,MFT (w=8),0,0,0,0
2414,30,0.03,4,MFT (w=5),0,0,0,0
2415,30,0.03,4,Nucleotide,0,0,0,0
2416,30,0.03,5,MFT (w=11),0,0,0,0
2417,30,0.03,5,MFT (w=8),0,0,0,0
2418,30,0.03,5,MFT (w=5),0,0,0,0
2419,30,0.03,5,Nucleotide,0,0,0,0
2420,30,0.03,6,MFT (w=11),0,0,0,0
2421,30,0.03,6,MFT (w=8),0,0,0,0
2422,30,0.03,6,MFT (w=5),0,0,0,0
2423,30,0.03,6,Nucleotide,0,0,0,0
2424,30,0.03,7,MFT (w=11),32,1,32,1
2425,30,0.03,7,MFT (w=8),0,0,0,0
2426,30,0.03,7,MFT (w=5),0,0,0,0
2427,30,0.03,7,Nucleotide,0,0,0,0
2428,30,0.03,8,MFT (w=11),0,0,0,0
2429,30,0.03,8,MFT (w=8),0,0,0,0
2430,30,0.03,8,MFT (w=5),0,0,0,0
2431,30,0.03,8,Nucleotide,0,0,0,0
2432,30,0.03,9,MFT (w=11),0,0,0,0
2433,30,0.03,9,MFT (w=8),0,0,0,0
2434,30,0.03,9,MFT (w=5),0,0,0,0
2435,30,0.03,9,Nucleotide,0,0,0,0
2436,30,0.03,10,MFT (w=11),0,0,0,0
2437,30,0.03,10,MFT (w=8),0,0,0,0
2438,30,0.03,10,MFT (w=5),0,0,0,0
2439,30,0.03,10,Nucleotide,0,0,0,0
2440,30,0.035,1,MFT (w=11),0,0,0,0
2441,30,0.035,1,MFT (w=8),0,0,0,0
2442,30,0.035,1,MFT (w=5),0,0,0,0
2443,30,0.035,1,Nucleotide,0,0,0,0
2444,30,0.035,2,MFT (w=11),0,0,0,0
2445,30,0.035,2,MFT (w=8),0,0,0,0
2446,30,0.035,2,MFT (w=5),0,0,0,0
2447,30,0.035,2,Nucleotide,0,0,0,0
2448,30,0.035,3,MFT (w=11),0,0,0,0
2449,30,0.035,3,MFT (w=8),0,0,0,0
2450,30,0.035,3,MFT (w=5),0,0,0,0
2451,30,0.035,3,Nucleotide,0,0,0,0
2452,30,0.035,4,MFT (w=11),0,0,0,0
2453,30,0.035,4,MFT (w=8),0,0,0,0
2454,30,0.035,4,MFT (w=5),0,0,0,0
2455,30,0.035,4,Nucleotide,0,0,0,0
2456,30,0.035,5,MFT (w=11),0,0,0,0
2457,30,0.035,5,MFT (w=8),0,0,0,0
2458,30,0.035,5,MFT (w=5),0,0,0,0
2459,30,0.035,5,Nucleotide,0,0,0,0
2460,30,0.035,6,MFT (w=11),0,0,0,0
2461,30,0.035,6,MFT (w=8),0,0,0,0
2462,30,0.035,6,MFT (w=5),0,0,0,0
2463,30,0.035,6,Nucleotide,0,0,0,0
2464,30,0.035,7,MFT (w=11),0,0,0,0
2465,30,0.035,7,MFT (w=8),0,0,0,0
2466,30,0.035,7,MFT (w=5),0,0,0,0
2467,30,0.035,7,Nucleotide,0,0,0,0
2468,30,0.035,8,MFT (w=11),0,0,0,0
2469,30,0.035,8,MFT (w=8),0,0,0,0
2470,30,0.035,8,MFT (w=5),0,0,0,0
2471,30,0.035,8,Nucleotide,0,0,0,0
2472,30,0.035,9,MFT (w=11),0,0,0,0
2473,30,0.035,9,MFT (w=8),0,0,0,0
2474,30,0.035,9,MFT (w=5),0,0,0,0
2475,30,0.035,9,Nucleotide,0,0,0,0
2476,30,0.035,10,MFT (w=11),0,0,0,0
2477,30,0.035,10,MFT (w=8),0,0,0,0
2478,30,0.035,10,MFT (w=5),0,0,0,0
2479,30,0.035,10,Nucleotide,0,0,0,0
2480,30,0.04,1,MFT (w=11),0,0,0,0
2481,30,0.04,1,MFT (w=8),0,0,0,0
2482,30,0.04,1,MFT (w=5),0,0,0,0
2483,30,0.04,1,Nucleotide,0,0,0,0
2484,30,0.04,2,MFT (w=11),0,0,0,0
2485,30,0.04,2,MFT (w=8),23,1,23,1
2486,30,0.04,2,MFT (w=5),0,0,0,0
2487,30,0.04,2,Nucleotide,0,0,0,0
2488,30,0.04,3,MFT (w=11),0,0,0,0
2489,30,0.04,3,MFT (w=8),0,0,0,0
2490,30,0.04,3,MFT (w=5),0,0,0,0
2491,30,0.04,3,Nucleotide,0,0,0,0
2492,30,0.04,4,MFT (w=11),0,0,0,0
2493,30,0.04,4,MFT (w=8),0,0,0,0
2494,30,0.04,4,MFT (w=5),0,0,0,0
2495,30,0.04,4,Nucleotide,0,0,0,0
2496,30,0.04,5,MFT (w=11),0,0,0,0
2497,30,0.04,5,MFT (w=8),0,0,0,0
2498,30,0.04,5,MFT (w=5),0,0,0,0
2499,30,0.04,5,Nucleotide,0,0,0,0
2500,30,0.04,6,MFT (w=11),0,0,0,0
2501,30,0.04,6,MFT (w=8),0,0,0,0
2502,30,0.04,6,MFT (w=5),0,0,0,0
2503,30,0.04,6,Nucleotide,0,0,0,0
2504,30,0.04,7,MFT (w=11),0,0,0,0
2505,30,0.04,7,MFT (w=8),0,0,0,0
2506,30,0.04,7,MFT (w=5),0,0,0,0
2507,30,0.04,7,Nucleotide,0,0,0,0
2508,30,0.04,8,MFT (w=11),0,0,0,0
2509,30,0.04,8,MFT (w=8),0,0,0,0
2510,30,0.04,8,MFT (w=5),0,0,0,0
2511,30,0.04,8,Nucleotide,0,0,0,0
2512,30,0.04,9,MFT (w=11),0,0,0,0
2513,30,0.04,9,MFT (w=8),0,0,0,0
2514,30,0.04,9,MFT (w=5),0,0,0,0
2515,30,0.04,9,Nucleotide,0,0,0,0
2516,30,0.04,10,MFT (w=11),0,0,0,0
2517,30,0.04,10,MFT (w=8),0,0,0,0
2518,30,0.04,10,MFT (w=5),0,0,0,0
2519,30,0.04,10,Nucleotide,0,0,0,0
2520,30,0.045,1,MFT (w=11),0,0,0,0
2521,30,0.045,1,MFT (w=8),0,0,0,0
2522,30,0.045,1,MFT (w=5),0,0,0,0
2523,30,0.045,1,Nucleotide,0,0,0,0
2524,30,0.045,2,MFT (w=11),0,0,0,0
2525,30,0.045,2,MFT (w=8),0,0,0,0
2526,30,0.045,2,MFT (w=5),0,0,0,0
2527,30,0.045,2,Nucleotide,0,0,0,0
2528,30,0.045,3,MFT (w=11),0,0,0,0
2529,30,0.045,3,MFT (w=8),0,0,0,0
2530,30,0.045,3,MFT (w=5),0,0,0,0
2531,30,0.045,3,Nucleotide,0,0,0,0
2532,30,0.045,4,MFT (w=11),0,0,0,0
2533,30,0.045,4,MFT (w=8),0,0,0,0
2534,30,0.045,4,MFT (w=5),0,0,0,0
2535,30,0.045,4,Nucleotide,0,0,0,0
2536,30,0.045,5,MFT (w=11),0,0,0,0
2537,30,0.045,5,MFT (w=8),0,0,0,0
2538,30,0.045,5,MFT (w=5),0,0,0,0
2539,30,0.045,5,Nucleotide,0,0,0,0
2540,30,0.045,6,MFT (w=11),0,0,0,0
2541,30,0.045,6,MFT (w=8),0,0,0,0
2542,30,0.045,6,MFT (w=5),0,0,0,0
2543,30,0.045,6,Nucleotide,0,0,0,0
2544,30,0.045,7,MFT (w=11),0,0,0,0
2545,30,0.045,7,MFT (w=8),0,0,0,0
2546,30,0.045,7,MFT (w=5),0,0,0,0
2547,30,0.045,7,Nucleotide,0,0,0,0
2548,30,0.045,8,MFT (w=11),0,0,0,0
2549,30,0.045,8,MFT (w=8),0,0,0,0
2550,30,0.045,8,MFT (w=5),0,0,0,0
2551,30,0.045,8,Nucleotide,0,0,0,0
2552,30,0.045,9,MFT (w=11),0,0,0,0
2553,30,0.045,9,MFT (w=8),0,0,0,0
2554,30,0.045,9,MFT (w=5),0,0,0,0
2555,30,0.045,9,Nucleotide,0,0,0,0
2556,30,0.045,10,MFT (w=11),0,0,0,0
2557,30,0.045,10,MFT (w=8),0,0,0,0
2558,30,0.045,10,MFT (w=5),0,0,0,0
2559,30,0.045,10,Nucleotide,0,0,0,0
2560,30,0.05,1,MFT (w=11),0,0,0,0
2561,30,0.05,1,MFT (w=8),0,0,0,0
2562,30,0.05,1,MFT (w=5),0,0,0,0
2563,30,0.05,1,Nucleotide,0,0,0,0
2564,30,0.05,2,MFT (w=11),0,0,0,0
2565,30,0.05,2,MFT (w=8),0,0,0,0
2566,30,0.05,2,MFT (w=5),0,0,0,0
2567,30,0.05,2,Nucleotide,0,0,0,0
2568,30,0.05,3,MFT (w=11),0,0,0,0
2569,30,0.05,3,MFT (w=8),0,0,0,0
2570,30,0.05,3,MFT (w=5),0,0,0,0
2571,30,0.05,3,Nucleotide,0,0,0,0
2572,30,0.05,4,MFT (w=11),0,0,0,0
2573,30,0.05,4,MFT (w=8),0,0,0,0
2574,30,0.05,4,MFT (w=5),0,0,0,0
2575,30,0.05,4,Nucleotide,0,0,0,0
2576,30,0.05,5,MFT (w=11),0,0,0,0
2577,30,0.05,5,MFT (w=8),0,0,0,0
2578,30,0.05,5,MFT (w=5),0,0,0,0
2579,30,0.05,5,Nucleotide,0,0,0,0
2580,30,0.05,6,MFT (w=11),0,0,0,0
2581,30,0.05,6,MFT (w=8),0,0,0,0
2582,30,0.05,6,MFT (w=5),0,0,0,0
2583,30,0.05,6,Nucleotide,0,0,0,0
2584,30,0.05,7,MFT (w=11),0,0,0,0
2585,30,0.05,7,MFT (w=8),0,0,0,0
2586,30,0.05,7,MFT (w=5),0,0,0,0
2587,30,0.05,7,Nucleotide,0,0,0,0
2588,30,0.05,8,MFT (w=11),0,0,0,0
2589,30,0.05,8,MFT (w=8),0,0,0,0
2590,30,0.05,8,MFT (w=5),0,0,0,0
2591,30,0.05,8,Nucleotide,0,0,0,0
2592,30,0.05,9,MFT (w=11),0,0,0,0
2593,30,0.05,9,MFT (w=8),0,0,0,0
2594,30,0.05,9,MFT (w=5),0,0,0,0
2595,30,0.05,9,Nucleotide,0,0,0,0
2596,30,0.05,10,MFT (w=11),0,0,0,0
2597,30,0.05,10,MFT (w=8),0,0,0,0
2598,30,0.05,10,MFT (w=5),0,0,0,0
2599,30,0.05,10,Nucleotide,0,0,0,0
2600,40,0.0025,1,MFT (w=11),62,88,5263,88
2601,40,0.0025,1,MFT (w=8),41,138,5575,138
2602,40,0.0025,1,MFT (w=5),33,139,4606,139
2603,40,0.0025,1,Nucleotide,30,138,4247,138
2604,40,0.0025,2,MFT (w=11),65,88,5433,88
2605,40,0.0025,2,MFT (w=8),48,117,4983,117
2606,40,0.0025,2,MFT (w=5),32,128,4162,128
2607,40,0.0025,2,Nucleotide,29,120,3471,120
2608,40,0.0025,3,MFT (w=11),67,86,5500,86
2609,40,0.0025,3,MFT (w=8),48,130,5594,130
2610,40,0.0025,3,MFT (w=5),36,135,4594,135
2611,40,0.0025,3,Nucleotide,30,126,3770,126
2612,40,0.0025,4,MFT (w=11),62,90,5146,90
2613,40,0.0025,4,MFT (w=8),45,132,5318,132
2614,40,0.0025,4,MFT (w=5),33,138,4474,138
2615,40,0.0025,4,Nucleotide,29,130,3810,130
2616,40,0.0025,5,MFT (w=11),69,78,4811,78
2617,40,0.0025,5,MFT (w=8),43,130,5393,130
2618,40,0.0025,5,MFT (w=5),32,139,4402,139
2619,40,0.0025,5,Nucleotide,30,129,3871,129
2620,40,0.0025,6,MFT (w=11),72,91,5883,91
2621,40,0.0025,6,MFT (w=8),47,121,5407,121
2622,40,0.0025,6,MFT (w=5),35,142,4757,142
2623,40,0.0025,6,Nucleotide,32,122,3761,122
2624,40,0.0025,7,MFT (w=11),72,88,5420,88
2625,40,0.0025,7,MFT (w=8),46,135,5576,135
2626,40,0.0025,7,MFT (w=5),32,141,4568,141
2627,40,0.0025,7,Nucleotide,30,139,4109,139
2628,40,0.0025,8,MFT (w=11),62,85,4979,85
2629,40,0.0025,8,MFT (w=8),43,124,5168,124
2630,40,0.0025,8,MFT (w=5),35,133,4301,133
2631,40,0.0025,8,Nucleotide,27,139,3993,139
2632,40,0.0025,9,MFT (w=11),66,83,5157,83
2633,40,0.0025,9,MFT (w=8),49,121,5486,121
2634,40,0.0025,9,MFT (w=5),35,133,4600,133
2635,40,0.0025,9,Nucleotide,29,131,3880,131
2636,40,0.0025,10,MFT (w=11),62,88,5263,88
2637,40,0.0025,10,MFT (w=8),41,138,5575,138
2638,40,0.0025,10,MFT (w=5),33,139,4606,139
2639,40,0.0025,10,Nucleotide,30,138,4247,138
2640,40,0.005,1,MFT (w=11),51,38,1955,38
2641,40,0.005,1,MFT (w=8),36,61,2091,61
2642,40,0.005,1,MFT (w=5),26,48,1274,48
2643,40,0.005,1,Nucleotide,23,37,908,37
2644,40,0.005,2,MFT (w=11),48,52,2400,52
2645,40,0.005,2,MFT (w=8),34,65,2185,65
2646,40,0.005,2,MFT (w=5),26,53,1404,53
2647,40,0.005,2,Nucleotide,25,35,883,35
2648,40,0.005,3,MFT (w=11),48,32,1525,32
2649,40,0.005,3,MFT (w=8),34,59,1881,59
2650,40,0.005,3,MFT (w=5),25,48,1244,48
2651,40,0.005,3,Nucleotide,25,27,666,27
2652,40,0.005,4,MFT (w=11),56,32,1668,32
2653,40,0.005,4,MFT (w=8),36,62,2042,62
2654,40,0.005,4,MFT (w=5),25,46,1184,46
2655,40,0.005,4,Nucleotide,24,30,772,30
2656,40,0.005,5,MFT (w=11),54,27,1407,27
2657,40,0.005,5,MFT (w=8),32,52,1722,52
2658,40,0.005,5,MFT (w=5),25,41,1053,41
2659,40,0.005,5,Nucleotide,25,41,1015,41
2660,40,0.005,6,MFT (w=11),54,52,2506,52
2661,40,0.005,6,MFT (w=8),38,70,2455,70
2662,40,0.005,6,MFT (w=5),28,52,1460,52
2663,40,0.005,6,Nucleotide,24,43,1088,43
2664,40,0.005,7,MFT (w=11),53,43,2164,43
2665,40,0.005,7,MFT (w=8),37,60,2137,60
2666,40,0.005,7,MFT (w=5),24,59,1537,59
2667,40,0.005,7,Nucleotide,25,35,884,35
2668,40,0.005,8,MFT (w=11),51,40,1926,40
2669,40,0.005,8,MFT (w=8),33,63,2088,63
2670,40,0.005,8,MFT (w=5),24,45,1131,45
2671,40,0.005,8,Nucleotide,23,32,766,32
2672,40,0.005,9,MFT (w=11),54,31,1519,31
2673,40,0.005,9,MFT (w=8),34,52,1742,52
2674,40,0.005,9,MFT (w=5),23,48,1163,48
2675,40,0.005,9,Nucleotide,24,33,780,33
2676,40,0.005,10,MFT (w=11),51,38,1955,38
2677,40,0.005,10,MFT (w=8),36,61,2091,61
2678,40,0.005,10,MFT (w=5),26,48,1274,48
2679,40,0.005,10,Nucleotide,23,37,908,37
2680,40,0.0075,1,MFT (w=11),42,16,622,16
2681,40,0.0075,1,MFT (w=8),30,25,748,25
2682,40,0.0075,1,MFT (w=5),23,16,369,16
2683,40,0.0075,1,Nucleotide,21,10,223,10
2684,40,0.0075,2,MFT (w=11),52,18,839,18
2685,40,0.0075,2,MFT (w=8),31,25,789,25
2686,40,0.0075,2,MFT (w=5),25,14,344,14
2687,40,0.0075,2,Nucleotide,21,9,202,9
2688,40,0.0075,3,MFT (w=11),50,12,561,12
2689,40,0.0075,3,MFT (w=8),33,16,493,16
2690,40,0.0075,3,MFT (w=5),24,18,431,18
2691,40,0.0075,3,Nucleotide,21,6,129,6
2692,40,0.0075,4,MFT (w=11),45,10,467,10
2693,40,0.0075,4,MFT (w=8),28,24,696,24
2694,40,0.0075,4,MFT (w=5),25,7,175,7
2695,40,0.0075,4,Nucleotide,20,5,101,5
2696,40,0.0075,5,MFT (w=11),36,15,548,15
2697,40,0.0075,5,MFT (w=8),26,23,654,23
2698,40,0.0075,5,MFT (w=5),23,20,476,20
2699,40,0.0075,5,Nucleotide,23,11,271,11
2700,40,0.0075,6,MFT (w=11),39,10,372,10
2701,40,0.0075,6,MFT (w=8),29,31,857,31
2702,40,0.0075,6,MFT (w=5),25,17,443,17
2703,40,0.0075,6,Nucleotide,23,11,266,11
2704,40,0.0075,7,MFT (w=11),38,10,361,10
2705,40,0.0075,7,MFT (w=8),27,22,615,22
2706,40,0.0075,7,MFT (w=5),24,15,390,15
2707,40,0.0075,7,Nucleotide,23,7,164,7
2708,40,0.0075,8,MFT (w=11),46,12,527,12
2709,40,0.0075,8,MFT (w=8),31,20,610,20
2710,40,0.0075,8,MFT (w=5),23,16,375,16
2711,40,0.0075,8,Nucleotide,27,6,149,6
2712,40,0.0075,9,MFT (w=11),47,13,604,13
2713,40,0.0075,9,MFT (w=8),37,22,691,22
2714,40,0.0075,9,MFT (w=5),23,17,414,17
2715,40,0.0075,9,Nucleotide,25,6,139,6
2716,40,0.0075,10,MFT (w=11),42,16,622,16
2717,40,0.0075,10,MFT (w=8),30,25,748,25
2718,40,0.0075,10,MFT (w=5),23,16,369,16
2719,40,0.0075,10,Nucleotide,21,10,223,10
2720,40,0.01,1,MFT (w=11),47,4,156,4
2721,40,0.01,1,MFT (w=8),32,3,107,3
2722,40,0.01,1,MFT (w=5),21,2,41,2
2723,40,0.01,1,Nucleotide,21,1,21,1
2724,40,0.01,2,MFT (w=11),36,3,117,3
2725,40,0.01,2,MFT (w=8),22,8,185,8
2726,40,0.01,2,MFT (w=5),22,5,111,5
2727,40,0.01,2,Nucleotide,23,2,45,2
2728,40,0.01,3,MFT (w=11),49,8,362,8
2729,40,0.01,3,MFT (w=8),29,10,288,10
2730,40,0.01,3,MFT (w=5),23,4,92,4
2731,40,0.01,3,Nucleotide,0,0,0,0
2732,40,0.01,4,MFT (w=11),64,2,124,2
2733,40,0.01,4,MFT (w=8),29,7,212,7
2734,40,0.01,4,MFT (w=5),31,2,53,2
2735,40,0.01,4,Nucleotide,0,0,0,0
2736,40,0.01,5,MFT (w=11),42,1,42,1
2737,40,0.01,5,MFT (w=8),30,6,167,6
2738,40,0.01,5,MFT (w=5),21,4,84,4
2739,40,0.01,5,Nucleotide,21,3,65,3
2740,40,0.01,6,MFT (w=11),61,2,99,2
2741,40,0.01,6,MFT (w=8),34,9,273,9
2742,40,0.01,6,MFT (w=5),22,5,112,5
2743,40,0.01,6,Nucleotide,23,4,89,4
2744,40,0.01,7,MFT (w=11),39,6,240,6
2745,40,0.01,7,MFT (w=8),31,4,132,4
2746,40,0.01,7,MFT (w=5),29,4,107,4
2747,40,0.01,7,Nucleotide,21,4,89,4
2748,40,0.01,8,MFT (w=11),59,4,174,4
2749,40,0.01,8,MFT (w=8),25,13,328,13
2750,40,0.01,8,MFT (w=5),23,6,143,6
2751,40,0.01,8,Nucleotide,0,0,0,0
2752,40,0.01,9,MFT (w=11),47,8,367,8
2753,40,0.01,9,MFT (w=8),30,11,320,11
2754,40,0.01,9,MFT (w=5),23,5,121,5
2755,40,0.01,9,Nucleotide,0,0,0,0
2756,40,0.01,10,MFT (w=11),47,4,156,4
2757,40,0.01,10,MFT (w=8),32,3,107,3
2758,40,0.01,10,MFT (w=5),21,2,41,2
2759,40,0.01,10,Nucleotide,21,1,21,1
2760,40,0.0125,1,MFT (w=11),33,3,90,3
2761,40,0.0125,1,MFT (w=8),25,3,72,3
2762,40,0.0125,1,MFT (w=5),21,2,41,2
2763,40,0.0125,1,Nucleotide,0,0,0,0
2764,40,0.0125,2,MFT (w=11),53,2,91,2
2765,40,0.0125,2,MFT (w=8),37,3,101,3
2766,40,0.0125,2,MFT (w=5),22,1,22,1
2767,40,0.0125,2,Nucleotide,0,0,0,0
2768,40,0.0125,3,MFT (w=11),40,4,164,4
2769,40,0.0125,3,MFT (w=8),29,3,88,3
2770,40,0.0125,3,MFT (w=5),22,2,42,2
2771,40,0.0125,3,Nucleotide,20,1,20,1
2772,40,0.0125,4,MFT (w=11),0,0,0,0
2773,40,0.0125,4,MFT (w=8),24,3,78,3
2774,40,0.0125,4,MFT (w=5),25,2,46,2
2775,40,0.0125,4,Nucleotide,0,0,0,0
2776,40,0.0125,5,MFT (w=11),33,3,114,3
2777,40,0.0125,5,MFT (w=8),26,3,74,3
2778,40,0.0125,5,MFT (w=5),0,0,0,0
2779,40,0.0125,5,Nucleotide,0,0,0,0
2780,40,0.0125,6,MFT (w=11),0,0,0,0
2781,40,0.0125,6,MFT (w=8),41,2,75,2
2782,40,0.0125,6,MFT (w=5),27,2,48,2
2783,40,0.0125,6,Nucleotide,21,2,41,2
2784,40,0.0125,7,MFT (w=11),36,1,36,1
2785,40,0.0125,7,MFT (w=8),29,2,55,2
2786,40,0.0125,7,MFT (w=5),0,0,0,0
2787,40,0.0125,7,Nucleotide,0,0,0,0
2788,40,0.0125,8,MFT (w=11),0,0,0,0
2789,40,0.0125,8,MFT (w=8),30,5,145,5
2790,40,0.0125,8,MFT (w=5),21,2,41,2
2791,40,0.0125,8,Nucleotide,22,2,42,2
2792,40,0.0125,9,MFT (w=11),46,1,46,1
2793,40,0.0125,9,MFT (w=8),40,1,40,1
2794,40,0.0125,9,MFT (w=5),0,0,0,0
2795,40,0.0125,9,Nucleotide,0,0,0,0
2796,40,0.0125,10,MFT (w=11),33,3,90,3
2797,40,0.0125,10,MFT (w=8),25,3,72,3
2798,40,0.0125,10,MFT (w=5),21,2,41,2
2799,40,0.0125,10,Nucleotide,0,0,0,0
2800,40,0.015,1,MFT (w=11),0,0,0,0
2801,40,0.015,1,MFT (w=8),0,0,0,0
2802,40,0.015,1,MFT (w=5),0,0,0,0
2803,40,0.015,1,Nucleotide,0,0,0,0
2804,40,0.015,2,MFT (w=11),47,1,47,1
2805,40,0.015,2,MFT (w=8),0,0,0,0
2806,40,0.015,2,MFT (w=5),0,0,0,0
2807,40,0.015,2,Nucleotide,0,0,0,0
2808,40,0.015,3,MFT (w=11),48,1,48,1
2809,40,0.015,3,MFT (w=8),0,0,0,0
2810,40,0.015,3,MFT (w=5),0,0,0,0
2811,40,0.015,3,Nucleotide,0,0,0,0
2812,40,0.015,4,MFT (w=11),0,0,0,0
2813,40,0.015,4,MFT (w=8),25,1,25,1
2814,40,0.015,4,MFT (w=5),0,0,0,0
2815,40,0.015,4,Nucleotide,0,0,0,0
2816,40,0.015,5,MFT (w=11),0,0,0,0
2817,40,0.015,5,MFT (w=8),23,2,45,2
2818,40,0.015,5,MFT (w=5),20,1,20,1
2819,40,0.015,5,Nucleotide,0,0,0,0
2820,40,0.015,6,MFT (w=11),0,0,0,0
2821,40,0.015,6,MFT (w=8),26,2,51,2
2822,40,0.015,6,MFT (w=5),25,1,25,1
2823,40,0.015,6,Nucleotide,0,0,0,0
2824,40,0.015,7,MFT (w=11),0,0,0,0
2825,40,0.015,7,MFT (w=8),0,0,0,0
2826,40,0.015,7,MFT (w=5),0,0,0,0
2827,40,0.015,7,Nucleotide,0,0,0,0
2828,40,0.015,8,MFT (w=11),0,0,0,0
2829,40,0.015,8,MFT (w=8),26,2,48,2
2830,40,0.015,8,MFT (w=5),20,1,20,1
2831,40,0.015,8,Nucleotide,0,0,0,0
2832,40,0.015,9,MFT (w=11),0,0,0,0
2833,40,0.015,9,MFT (w=8),27,1,27,1
2834,40,0.015,9,MFT (w=5),0,0,0,0
2835,40,0.015,9,Nucleotide,0,0,0,0
2836,40,0.015,10,MFT (w=11),0,0,0,0
2837,40,0.015,10,MFT (w=8),0,0,0,0
2838,40,0.015,10,MFT (w=5),0,0,0,0
2839,40,0.015,10,Nucleotide,0,0,0,0
2840,40,0.02,1,MFT (w=11),0,0,0,0
2841,40,0.02,1,MFT (w=8),0,0,0,0
2842,40,0.02,1,MFT (w=5),0,0,0,0
2843,40,0.02,1,Nucleotide,0,0,0,0
2844,40,0.02,2,MFT (w=11),25,1,25,1
2845,40,0.02,2,MFT (w=8),0,0,0,0
2846,40,0.02,2,MFT (w=5),0,0,0,0
2847,40,0.02,2,Nucleotide,0,0,0,0
2848,40,0.02,3,MFT (w=11),0,0,0,0
2849,40,0.02,3,MFT (w=8),0,0,0,0
2850,40,0.02,3,MFT (w=5),0,0,0,0
2851,40,0.02,3,Nucleotide,0,0,0,0
2852,40,0.02,4,MFT (w=11),0,0,0,0
2853,40,0.02,4,MFT (w=8),0,0,0,0
2854,40,0.02,4,MFT (w=5),0,0,0,0
2855,40,0.02,4,Nucleotide,0,0,0,0
2856,40,0.02,5,MFT (w=11),0,0,0,0
2857,40,0.02,5,MFT (w=8),0,0,0,0
2858,40,0.02,5,MFT (w=5),0,0,0,0
2859,40,0.02,5,Nucleotide,0,0,0,0
2860,40,0.02,6,MFT (w=11),0,0,0,0
2861,40,0.02,6,MFT (w=8),0,0,0,0
2862,40,0.02,6,MFT (w=5),0,0,0,0
2863,40,0.02,6,Nucleotide,0,0,0,0
2864,40,0.02,7,MFT (w=11),0,0,0,0
2865,40,0.02,7,MFT (w=8),0,0,0,0
2866,40,0.02,7,MFT (w=5),0,0,0,0
2867,40,0.02,7,Nucleotide,0,0,0,0
2868,40,0.02,8,MFT (w=11),33,1,33,1
2869,40,0.02,8,MFT (w=8),0,0,0,0
2870,40,0.02,8,MFT (w=5),0,0,0,0
2871,40,0.02,8,Nucleotide,0,0,0,0
2872,40,0.02,9,MFT (w=11),0,0,0,0
2873,40,0.02,9,MFT (w=8),0,0,0,0
2874,40,0.02,9,MFT (w=5),0,0,0,0
2875,40,0.02,9,Nucleotide,0,0,0,0
2876,40,0.02,10,MFT (w=11),0,0,0,0
2877,40,0.02,10,MFT (w=8),0,0,0,0
2878,40,0.02,10,MFT (w=5),0,0,0,0
2879,40,0.02,10,Nucleotide,0,0,0,0
2880,40,0.025,1,MFT (w=11),0,0,0,0
2881,40,0.025,1,MFT (w=8),0,0,0,0
2882,40,0.025,1,MFT (w=5),0,0,0,0
2883,40,0.025,1,Nucleotide,0,0,0,0
2884,40,0.025,2,MFT (w=11),0,0,0,0
2885,40,0.025,2,MFT (w=8),0,0,0,0
2886,40,0.025,2,MFT (w=5),0,0,0,0
2887,40,0.025,2,Nucleotide,0,0,0,0
2888,40,0.025,3,MFT (w=11),0,0,0,0
2889,40,0.025,3,MFT (w=8),0,0,0,0
2890,40,0.025,3,MFT (w=5),0,0,0,0
2891,40,0.025,3,Nucleotide,0,0,0,0
2892,40,0.025,4,MFT (w=11),0,0,0,0
2893,40,0.025,4,MFT (w=8),0,0,0,0
2894,40,0.025,4,MFT (w=5),0,0,0,0
2895,40,0.025,4,Nucleotide,0,0,0,0
2896,40,0.025,5,MFT (w=11),0,0,0,0
2897,40,0.025,5,MFT (w=8),0,0,0,0
2898,40,0.025,5,MFT (w=5),0,0,0,0
2899,40,0.025,5,Nucleotide,0,0,0,0
2900,40,0.025,6,MFT (w=11),0,0,0,0
2901,40,0.025,6,MFT (w=8),0,0,0,0
2902,40,0.025,6,MFT (w=5),0,0,0,0
2903,40,0.025,6,Nucleotide,0,0,0,0
2904,40,0.025,7,MFT (w=11),0,0,0,0
2905,40,0.025,7,MFT (w=8),0,0,0,0
2906,40,0.025,7,MFT (w=5),0,0,0,0
2907,40,0.025,7,Nucleotide,0,0,0,0
2908,40,0.025,8,MFT (w=11),0,0,0,0
2909,40,0.025,8,MFT (w=8),0,0,0,0
2910,40,0.025,8,MFT (w=5),0,0,0,0
2911,40,0.025,8,Nucleotide,0,0,0,0
2912,40,0.025,9,MFT (w=11),0,0,0,0
2913,40,0.025,9,MFT (w=8),0,0,0,0
2914,40,0.025,9,MFT (w=5),0,0,0,0
2915,40,0.025,9,Nucleotide,0,0,0,0
2916,40,0.025,10,MFT (w=11),0,0,0,0
2917,40,0.025,10,MFT (w=8),0,0,0,0
2918,40,0.025,10,MFT (w=5),0,0,0,0
2919,40,0.025,10,Nucleotide,0,0,0,0
2920,40,0.03,1,MFT (w=11),0,0,0,0
2921,40,0.03,1,MFT (w=8),0,0,0,0
2922,40,0.03,1,MFT (w=5),0,0,0,0
2923,40,0.03,1,Nucleotide,0,0,0,0
2924,40,0.03,2,MFT (w=11),0,0,0,0
2925,40,0.03,2,MFT (w=8),0,0,0,0
2926,40,0.03,2,MFT (w=5),0,0,0,0
2927,40,0.03,2,Nucleotide,0,0,0,0
2928,40,0.03,3,MFT (w=11),0,0,0,0
2929,40,0.03,3,MFT (w=8),0,0,0,0
2930,40,0.03,3,MFT (w=5),0,0,0,0
2931,40,0.03,3,Nucleotide,0,0,0,0
2932,40,0.03,4,MFT (w=11),0,0,0,0
2933,40,0.03,4,MFT (w=8),0,0,0,0
2934,40,0.03,4,MFT (w=5),0,0,0,0
2935,40,0.03,4,Nucleotide,0,0,0,0
2936,40,0.03,5,MFT (w=11),0,0,0,0
2937,40,0.03,5,MFT (w=8),0,0,0,0
2938,40,0.03,5,MFT (w=5),0,0,0,0
2939,40,0.03,5,Nucleotide,0,0,0,0
2940,40,0.03,6,MFT (w=11),0,0,0,0
2941,40,0.03,6,MFT (w=8),0,0,0,0
2942,40,0.03,6,MFT (w=5),0,0,0,0
2943,40,0.03,6,Nucleotide,0,0,0,0
2944,40,0.03,7,MFT (w=11),0,0,0,0
2945,40,0.03,7,MFT (w=8),0,0,0,0
2946,40,0.03,7,MFT (w=5),0,0,0,0
2947,40,0.03,7,Nucleotide,0,0,0,0
2948,40,0.03,8,MFT (w=11),0,0,0,0
2949,40,0.03,8,MFT (w=8),0,0,0,0
2950,40,0.03,8,MFT (w=5),0,0,0,0
2951,40,0.03,8,Nucleotide,0,0,0,0
2952,40,0.03,9,MFT (w=11),0,0,0,0
2953,40,0.03,9,MFT (w=8),0,0,0,0
2954,40,0.03,9,MFT (w=5),0,0,0,0
2955,40,0.03,9,Nucleotide,0,0,0,0
2956,40,0.03,10,MFT (w=11),0,0,0,0
2957,40,0.03,10,MFT (w=8),0,0,0,0
2958,40,0.03,10,MFT (w=5),0,0,0,0
2959,40,0.03,10,Nucleotide,0,0,0,0
2960,40,0.035,1,MFT (w=11),0,0,0,0
2961,40,0.035,1,MFT (w=8),0,0,0,0
2962,40,0.035,1,MFT (w=5),0,0,0,0
2963,40,0.035,1,Nucleotide,0,0,0,0
2964,40,0.035,2,MFT (w=11),0,0,0,0
2965,40,0.035,2,MFT (w=8),0,0,0,0
2966,40,0.035,2,MFT (w=5),0,0,0,0
2967,40,0.035,2,Nucleotide,0,0,0,0
2968,40,0.035,3,MFT (w=11),0,0,0,0
2969,40,0.035,3,MFT (w=8),0,0,0,0
2970,40,0.035,3,MFT (w=5),0,0,0,0
2971,40,0.035,3,Nucleotide,0,0,0,0
2972,40,0.035,4,MFT (w=11),0,0,0,0
2973,40,0.035,4,MFT (w=8),0,0,0,0
2974,40,0.035,4,MFT (w=5),0,0,0,0
2975,40,0.035,4,Nucleotide,0,0,0,0
2976,40,0.035,5,MFT (w=11),0,0,0,0
2977,40,0.035,5,MFT (w=8),0,0,0,0
2978,40,0.035,5,MFT (w=5),0,0,0,0
2979,40,0.035,5,Nucleotide,0,0,0,0
2980,40,0.035,6,MFT (w=11),0,0,0,0
2981,40,0.035,6,MFT (w=8),0,0,0,0
2982,40,0.035,6,MFT (w=5),0,0,0,0
2983,40,0.035,6,Nucleotide,0,0,0,0
2984,40,0.035,7,MFT (w=11),0,0,0,0
2985,40,0.035,7,MFT (w=8),0,0,0,0
2986,40,0.035,7,MFT (w=5),0,0,0,0
2987,40,0.035,7,Nucleotide,0,0,0,0
2988,40,0.035,8,MFT (w=11),0,0,0,0
2989,40,0.035,8,MFT (w=8),0,0,0,0
2990,40,0.035,8,MFT (w=5),0,0,0,0
2991,40,0.035,8,Nucleotide,0,0,0,0
2992,40,0.035,9,MFT (w=11),0,0,0,0
2993,40,0.035,9,MFT (w=8),0,0,0,0
2994,40,0.035,9,MFT (w=5),0,0,0,0
2995,40,0.035,9,Nucleotide,0,0,0,0
2996,40,0.035,10,MFT (w=11),0,0,0,0
2997,40,0.035,10,MFT (w=8),0,0,0,0
2998,40,0.035,10,MFT (w=5),0,0,0,0
2999,40,0.035,10,Nucleotide,0,0,0,0
3000,40,0.04,1,MFT (w=11),0,0,0,0
3001,40,0.04,1,MFT (w=8),0,0,0,0
3002,40,0.04,1,MFT (w=5),0,0,0,0
3003,40,0.04,1,Nucleotide,0,0,0,0
3004,40,0.04,2,MFT (w=11),0,0,0,0
3005,40,0.04,2,MFT (w=8),0,0,0,0
3006,40,0.04,2,MFT (w=5),0,0,0,0
3007,40,0.04,2,Nucleotide,0,0,0,0
3008,40,0.04,3,MFT (w=11),0,0,0,0
3009,40,0.04,3,MFT (w=8),0,0,0,0
3010,40,0.04,3,MFT (w=5),0,0,0,0
3011,40,0.04,3,Nucleotide,0,0,0,0
3012,40,0.04,4,MFT (w=11),0,0,0,0
3013,40,0.04,4,MFT (w=8),0,0,0,0
3014,40,0.04,4,MFT (w=5),0,0,0,0
3015,40,0.04,4,Nucleotide,0,0,0,0
3016,40,0.04,5,MFT (w=11),0,0,0,0
3017,40,0.04,5,MFT (w=8),0,0,0,0
3018,40,0.04,5,MFT (w=5),0,0,0,0
3019,40,0.04,5,Nucleotide,0,0,0,0
3020,40,0.04,6,MFT (w=11),0,0,0,0
3021,40,0.04,6,MFT (w=8),0,0,0,0
3022,40,0.04,6,MFT (w=5),0,0,0,0
3023,40,0.04,6,Nucleotide,0,0,0,0
3024,40,0.04,7,MFT (w=11),0,0,0,0
3025,40,0.04,7,MFT (w=8),0,0,0,0
3026,40,0.04,7,MFT (w=5),0,0,0,0
3027,40,0.04,7,Nucleotide,0,0,0,0
3028,40,0.04,8,MFT (w=11),0,0,0,0
3029,40,0.04,8,MFT (w=8),0,0,0,0
3030,40,0.04,8,MFT (w=5),0,0,0,0
3031,40,0.04,8,Nucleotide,0,0,0,0
3032,40,0.04,9,MFT (w=11),0,0,0,0
3033,40,0.04,9,MFT (w=8),0,0,0,0
3034,40,0.04,9,MFT (w=5),0,0,0,0
3035,40,0.04,9,Nucleotide,0,0,0,0
3036,40,0.04,10,MFT (w=11),0,0,0,0
3037,40,0.04,10,MFT (w=8),0,0,0,0
3038,40,0.04,10,MFT (w=5),0,0,0,0
3039,40,0.04,10,Nucleotide,0,0,0,0
3040,40,0.045,1,MFT (w=11),0,0,0,0
3041,40,0.045,1,MFT (w=8),0,0,0,0
3042,40,0.045,1,MFT (w=5),0,0,0,0
3043,40,0.045,1,Nucleotide,0,0,0,0
3044,40,0.045,2,MFT (w=11),0,0,0,0
3045,40,0.045,2,MFT (w=8),0,0,0,0
3046,40,0.045,2,MFT (w=5),0,0,0,0
3047,40,0.045,2,Nucleotide,0,0,0,0
3048,40,0.045,3,MFT (w=11),0,0,0,0
3049,40,0.045,3,MFT (w=8),0,0,0,0
3050,40,0.045,3,MFT (w=5),0,0,0,0
3051,40,0.045,3,Nucleotide,0,0,0,0
3052,40,0.045,4,MFT (w=11),0,0,0,0
3053,40,0.045,4,MFT (w=8),0,0,0,0
3054,40,0.045,4,MFT (w=5),0,0,0,0
3055,40,0.045,4,Nucleotide,0,0,0,0
3056,40,0.045,5,MFT (w=11),0,0,0,0
3057,40,0.045,5,MFT (w=8),0,0,0,0
3058,40,0.045,5,MFT (w=5),0,0,0,0
3059,40,0.045,5,Nucleotide,0,0,0,0
3060,40,0.045,6,MFT (w=11),0,0,0,0
3061,40,0.045,6,MFT (w=8),0,0,0,0
3062,40,0.045,6,MFT (w=5),0,0,0,0
3063,40,0.045,6,Nucleotide,0,0,0,0
3064,40,0.045,7,MFT (w=11),0,0,0,0
3065,40,0.045,7,MFT (w=8),0,0,0,0
3066,40,0.045,7,MFT (w=5),0,0,0,0
3067,40,0.045,7,Nucleotide,0,0,0,0
3068,40,0.045,8,MFT (w=11),0,0,0,0
3069,40,0.045,8,MFT (w=8),0,0,0,0
3070,40,0.045,8,MFT (w=5),0,0,0,0
3071,40,0.045,8,Nucleotide,0,0,0,0
3072,40,0.045,9,MFT (w=11),0,0,0,0
3073,40,0.045,9,MFT (w=8),0,0,0,0
3074,40,0.045,9,MFT (w=5),0,0,0,0
3075,40,0.045,9,Nucleotide,0,0,0,0
3076,40,0.045,10,MFT (w=11),0,0,0,0
3077,40,0.045,10,MFT (w=8),0,0,0,0
3078,40,0.045,10,MFT (w=5),0,0,0,0
3079,40,0.045,10,Nucleotide,0,0,0,0
3080,40,0.05,1,MFT (w=11),0,0,0,0
3081,40,0.05,1,MFT (w=8),0,0,0,0
3082,40,0.05,1,MFT (w=5),0,0,0,0
3083,40,0.05,1,Nucleotide,0,0,0,0
3084,40,0.05,2,MFT (w=11),0,0,0,0
3085,40,0.05,2,MFT (w=8),0,0,0,0
3086,40,0.05,2,MFT (w=5),0,0,0,0
3087,40,0.05,2,Nucleotide,0,0,0,0
3088,40,0.05,3,MFT (w=11),0,0,0,0
3089,40,0.05,3,MFT (w=8),0,0,0,0
3090,40,0.05,3,MFT (w=5),0,0,0,0
3091,40,0.05,3,Nucleotide,0,0,0,0
3092,40,0.05,4,MFT (w=11),0,0,0,0
3093,40,0.05,4,MFT (w=8),0,0,0,0
3094,40,0.05,4,MFT (w=5),0,0,0,0
3095,40,0.05,4,Nucleotide,0,0,0,0
3096,40,0.05,5,MFT (w=11),0,0,0,0
3097,40,0.05,5,MFT (w=8),0,0,0,0
3098,40,0.05,5,MFT (w=5),0,0,0,0
3099,40,0.05,5,Nucleotide,0,0,0,0
3100,40,0.05,6,MFT (w=11),0,0,0,0
3101,40,0.05,6,MFT (w=8),0,0,0,0
3102,40,0.05,6,MFT (w=5),0,0,0,0
3103,40,0.05,6,Nucleotide,0,0,0,0
3104,40,0.05,7,MFT (w=11),0,0,0,0
3105,40,0.05,7,MFT (w=8),0,0,0,0
3106,40,0.05,7,MFT (w=5),0,0,0,0
3107,40,0.05,7,Nucleotide,0,0,0,0
3108,40,0.05,8,MFT (w=11),0,0,0,0
3109,40,0.05,8,MFT (w=8),0,0,0,0
3110,40,0.05,8,MFT (w=5),0,0,0,0
3111,40,0.05,8,Nucleotide,0,0,0,0
3112,40,0.05,9,MFT (w=11),0,0,0,0
3113,40,0.05,9,MFT (w=8),0,0,0,0
3114,40,0.05,9,MFT (w=5),0,0,0,0
3115,40,0.05,9,Nucleotide,0,0,0,0
3116,40,0.05,10,MFT (w=11),0,0,0,0
3117,40,0.05,10,MFT (w=8),0,0,0,0
3118,40,0.05,10,MFT (w=5),0,0,0,0
3119,40,0.05,10,Nucleotide,0,0,0,0
3120,50,0.0025,1,MFT (w=11),55,71,3953,71
3121,50,0.0025,1,MFT (w=8),38,121,4535,121
3122,50,0.0025,1,MFT (w=5),31,120,3692,120
3123,50,0.0025,1,Nucleotide,28,106,3012,106
3124,50,0.0025,2,MFT (w=11),57,76,4274,76
3125,50,0.0025,2,MFT (w=8),41,103,4028,103
3126,50,0.0025,2,MFT (w=5),28,110,3319,110
3127,50,0.0025,2,Nucleotide,26,97,2611,97
3128,50,0.0025,3,MFT (w=11),60,72,4102,72
3129,50,0.0025,3,MFT (w=8),42,119,4602,119
3130,50,0.0025,3,MFT (w=5),31,112,3428,112
3131,50,0.0025,3,Nucleotide,28,98,2687,98
3132,50,0.0025,4,MFT (w=11),61,78,4238,78
3133,50,0.0025,4,MFT (w=8),41,117,4449,117
3134,50,0.0025,4,MFT (w=5),32,113,3535,113
3135,50,0.0025,4,Nucleotide,28,102,2890,102
3136,50,0.0025,5,MFT (w=11),61,63,3571,63
3137,50,0.0025,5,MFT (w=8),39,114,4169,114
3138,50,0.0025,5,MFT (w=5),28,112,3231,112
3139,50,0.0025,5,Nucleotide,27,95,2632,95
3140,50,0.0025,6,MFT (w=11),63,80,4509,80
3141,50,0.0025,6,MFT (w=8),43,111,4476,111
3142,50,0.0025,6,MFT (w=5),30,119,3590,119
3143,50,0.0025,6,Nucleotide,28,95,2661,95
3144,50,0.0025,7,MFT (w=11),63,75,4166,75
3145,50,0.0025,7,MFT (w=8),40,112,4261,112
3146,50,0.0025,7,MFT (w=5),30,115,3431,115
3147,50,0.0025,7,Nucleotide,27,105,2871,105
3148,50,0.0025,8,MFT (w=11),55,77,3964,77
3149,50,0.0025,8,MFT (w=8),39,120,4442,120
3150,50,0.0025,8,MFT (w=5),30,110,3347,110
3151,50,0.0025,8,Nucleotide,26,104,2812,104
3152,50,0.0025,9,MFT (w=11),56,77,4204,77
3153,50,0.0025,9,MFT (w=8),43,109,4360,109
3154,50,0.0025,9,MFT (w=5),32,114,3588,114
3155,50,0.0025,9,Nucleotide,27,104,2884,104
3156,50,0.0025,10,MFT (w=11),55,71,3953,71
3157,50,0.0025,10,MFT (w=8),38,121,4535,121
3158,50,0.0025,10,MFT (w=5),31,120,3692,120
3159,50,0.0025,10,Nucleotide,28,106,3012,106
3160,50,0.005,1,MFT (w=11),50,17,839,17
3161,50,0.005,1,MFT (w=8),33,37,1172,37
3162,50,0.005,1,MFT (w=5),24,30,723,30
3163,50,0.005,1,Nucleotide,22,22,500,22
3164,50,0.005,2,MFT (w=11),51,26,1183,26
3165,50,0.005,2,MFT (w=8),31,43,1315,43
3166,50,0.005,2,MFT (w=5),25,32,812,32
3167,50,0.005,2,Nucleotide,24,19,460,19
3168,50,0.005,3,MFT (w=11),48,20,911,20
3169,50,0.005,3,MFT (w=8),32,39,1188,39
3170,50,0.005,3,MFT (w=5),24,32,794,32
3171,50,0.005,3,Nucleotide,26,13,330,13
3172,50,0.005,4,MFT (w=11),59,20,1064,20
3173,50,0.005,4,MFT (w=8),36,35,1183,35
3174,50,0.005,4,MFT (w=5),24,26,658,26
3175,50,0.005,4,Nucleotide,24,16,383,16
3176,50,0.005,5,MFT (w=11),50,14,657,14
3177,50,0.005,5,MFT (w=8),31,27,809,27
3178,50,0.005,5,MFT (w=5),25,18,468,18
3179,50,0.005,5,Nucleotide,23,20,456,20
3180,50,0.005,6,MFT (w=11),50,22,1110,22
3181,50,0.005,6,MFT (w=8),31,43,1326,43
3182,50,0.005,6,MFT (w=5),25,34,879,34
3183,50,0.005,6,Nucleotide,22,18,417,18
3184,50,0.005,7,MFT (w=11),51,32,1500,32
3185,50,0.005,7,MFT (w=8),31,33,1032,33
3186,50,0.005,7,MFT (w=5),23,34,786,34
3187,50,0.005,7,Nucleotide,23,16,366,16
3188,50,0.005,8,MFT (w=11),47,30,1332,30
3189,50,0.005,8,MFT (w=8),34,38,1235,38
3190,50,0.005,8,MFT (w=5),25,24,602,24
3191,50,0.005,8,Nucleotide,23,18,426,18
3192,50,0.005,9,MFT (w=11),56,21,1006,21
3193,50,0.005,9,MFT (w=8),32,36,1103,36
3194,50,0.005,9,MFT (w=5),24,27,665,27
3195,50,0.005,9,Nucleotide,24,19,445,19
3196,50,0.005,10,MFT (w=11),50,17,839,17
3197,50,0.005,10,MFT (w=8),33,37,1172,37
3198,50,0.005,10,MFT (w=5),24,30,723,30
3199,50,0.005,10,Nucleotide,22,22,500,22
3200,50,0.0075,1,MFT (w=11),42,9,341,9
3201,50,0.0075,1,MFT (w=8),30,13,382,13
3202,50,0.0075,1,MFT (w=5),21,5,109,5
3203,50,0.0075,1,Nucleotide,24,3,73,3
3204,50,0.0075,2,MFT (w=11),40,7,276,7
3205,50,0.0075,2,MFT (w=8),31,11,311,11
3206,50,0.0075,2,MFT (w=5),24,4,92,4
3207,50,0.0075,2,Nucleotide,21,3,62,3
3208,50,0.0075,3,MFT (w=11),41,5,211,5
3209,50,0.0075,3,MFT (w=8),34,4,125,4
3210,50,0.0075,3,MFT (w=5),21,3,67,3
3211,50,0.0075,3,Nucleotide,23,2,44,2
3212,50,0.0075,4,MFT (w=11),39,4,147,4
3213,50,0.0075,4,MFT (w=8),28,11,322,11
3214,50,0.0075,4,MFT (w=5),21,3,66,3
3215,50,0.0075,4,Nucleotide,20,1,20,1
3216,50,0.0075,5,MFT (w=11),47,3,137,3
3217,50,0.0075,5,MFT (w=8),25,10,255,10
3218,50,0.0075,5,MFT (w=5),22,7,158,7
3219,50,0.0075,5,Nucleotide,22,3,69,3
3220,50,0.0075,6,MFT (w=11),40,5,163,5
3221,50,0.0075,6,MFT (w=8),26,15,399,15
3222,50,0.0075,6,MFT (w=5),22,6,136,6
3223,50,0.0075,6,Nucleotide,22,3,70,3
3224,50,0.0075,7,MFT (w=11),38,3,111,3
3225,50,0.0075,7,MFT (w=8),25,11,284,11
3226,50,0.0075,7,MFT (w=5),23,7,168,7
3227,50,0.0075,7,Nucleotide,21,1,21,1
3228,50,0.0075,8,MFT (w=11),57,2,97,2
3229,50,0.0075,8,MFT (w=8),34,6,192,6
3230,50,0.0075,8,MFT (w=5),21,4,84,4
3231,50,0.0075,8,Nucleotide,0,0,0,0
3232,50,0.0075,9,MFT (w=11),40,4,136,4
3233,50,0.0075,9,MFT (w=8),33,13,401,13
3234,50,0.0075,9,MFT (w=5),22,7,169,7
3235,50,0.0075,9,Nucleotide,20,3,66,3
3236,50,0.0075,10,MFT (w=11),42,9,341,9
3237,50,0.0075,10,MFT (w=8),30,13,382,13
3238,50,0.0075,10,MFT (w=5),21,5,109,5
3239,50,0.0075,10,Nucleotide,24,3,73,3
3240,50,0.01,1,MFT (w=11),29,1,29,1
3241,50,0.01,1,MFT (w=8),22,1,22,1
3242,50,0.01,1,MFT (w=5),0,0,0,0
3243,50,0.01,1,Nucleotide,0,0,0,0
3244,50,0.01,2,MFT (w=11),0,0,0,0
3245,50,0.01,2,MFT (w=8),27,2,49,2
3246,50,0.01,2,MFT (w=5),20,1,20,1
3247,50,0.01,2,Nucleotide,0,0,0,0
3248,50,0.01,3,MFT (w=11),55,1,55,1
3249,50,0.01,3,MFT (w=8),29,2,49,2
3250,50,0.01,3,MFT (w=5),0,0,0,0
3251,50,0.01,3,Nucleotide,0,0,0,0
3252,50,0.01,4,MFT (w=11),0,0,0,0
3253,50,0.01,4,MFT (w=8),0,0,0,0
3254,50,0.01,4,MFT (w=5),0,0,0,0
3255,50,0.01,4,Nucleotide,0,0,0,0
3256,50,0.01,5,MFT (w=11),0,0,0,0
3257,50,0.01,5,MFT (w=8),38,1,38,1
3258,50,0.01,5,MFT (w=5),23,1,23,1
3259,50,0.01,5,Nucleotide,0,0,0,0
3260,50,0.01,6,MFT (w=11),38,1,38,1
3261,50,0.01,6,MFT (w=8),25,2,48,2
3262,50,0.01,6,MFT (w=5),20,1,20,1
3263,50,0.01,6,Nucleotide,21,2,41,2
3264,50,0.01,7,MFT (w=11),34,2,58,2
3265,50,0.01,7,MFT (w=8),28,1,28,1
3266,50,0.01,7,MFT (w=5),0,0,0,0
3267,50,0.01,7,Nucleotide,20,1,20,1
3268,50,0.01,8,MFT (w=11),26,1,26,1
3269,50,0.01,8,MFT (w=8),32,2,61,2
3270,50,0.01,8,MFT (w=5),23,1,23,1
3271,50,0.01,8,Nucleotide,0,0,0,0
3272,50,0.01,9,MFT (w=11),47,2,83,2
3273,50,0.01,9,MFT (w=8),24,4,99,4
3274,50,0.01,9,MFT (w=5),22,3,64,3
3275,50,0.01,9,Nucleotide,0,0,0,0
3276,50,0.01,10,MFT (w=11),29,1,29,1
3277,50,0.01,10,MFT (w=8),22,1,22,1
3278,50,0.01,10,MFT (w=5),0,0,0,0
3279,50,0.01,10,Nucleotide,0,0,0,0
3280,50,0.0125,1,MFT (w=11),0,0,0,0
3281,50,0.0125,1,MFT (w=8),0,0,0,0
3282,50,0.0125,1,MFT (w=5),0,0,0,0
3283,50,0.0125,1,Nucleotide,0,0,0,0
3284,50,0.0125,2,MFT (w=11),0,0,0,0
3285,50,0.0125,2,MFT (w=8),0,0,0,0
3286,50,0.0125,2,MFT (w=5),22,1,22,1
3287,50,0.0125,2,Nucleotide,0,0,0,0
3288,50,0.0125,3,MFT (w=11),32,1,32,1
3289,50,0.0125,3,MFT (w=8),29,1,29,1
3290,50,0.0125,3,MFT (w=5),0,0,0,0
3291,50,0.0125,3,Nucleotide,0,0,0,0
3292,50,0.0125,4,MFT (w=11),0,0,0,0
3293,50,0.0125,4,MFT (w=8),29,2,51,2
3294,50,0.0125,4,MFT (w=5),0,0,0,0
3295,50,0.0125,4,Nucleotide,0,0,0,0
3296,50,0.0125,5,MFT (w=11),53,2,86,2
3297,50,0.0125,5,MFT (w=8),26,1,26,1
3298,50,0.0125,5,MFT (w=5),0,0,0,0
3299,50,0.0125,5,Nucleotide,0,0,0,0
3300,50,0.0125,6,MFT (w=11),0,0,0,0
3301,50,0.0125,6,MFT (w=8),0,0,0,0
3302,50,0.0125,6,MFT (w=5),0,0,0,0
3303,50,0.0125,6,Nucleotide,0,0,0,0
3304,50,0.0125,7,MFT (w=11),0,0,0,0
3305,50,0.0125,7,MFT (w=8),0,0,0,0
3306,50,0.0125,7,MFT (w=5),0,0,0,0
3307,50,0.0125,7,Nucleotide,0,0,0,0
3308,50,0.0125,8,MFT (w=11),0,0,0,0
3309,50,0.0125,8,MFT (w=8),0,0,0,0
3310,50,0.0125,8,MFT (w=5),0,0,0,0
3311,50,0.0125,8,Nucleotide,0,0,0,0
3312,50,0.0125,9,MFT (w=11),0,0,0,0
3313,50,0.0125,9,MFT (w=8),0,0,0,0
3314,50,0.0125,9,MFT (w=5),0,0,0,0
3315,50,0.0125,9,Nucleotide,0,0,0,0
3316,50,0.0125,10,MFT (w=11),0,0,0,0
3317,50,0.0125,10,MFT (w=8),0,0,0,0
3318,50,0.0125,10,MFT (w=5),0,0,0,0
3319,50,0.0125,10,Nucleotide,0,0,0,0
3320,50,0.015,1,MFT (w=11),0,0,0,0
3321,50,0.015,1,MFT (w=8),0,0,0,0
3322,50,0.015,1,MFT (w=5),0,0,0,0
3323,50,0.015,1,Nucleotide,0,0,0,0
3324,50,0.015,2,MFT (w=11),0,0,0,0
3325,50,0.015,2,MFT (w=8),0,0,0,0
3326,50,0.015,2,MFT (w=5),0,0,0,0
3327,50,0.015,2,Nucleotide,0,0,0,0
3328,50,0.015,3,MFT (w=11),0,0,0,0
3329,50,0.015,3,MFT (w=8),0,0,0,0
3330,50,0.015,3,MFT (w=5),0,0,0,0
3331,50,0.015,3,Nucleotide,0,0,0,0
3332,50,0.015,4,MFT (w=11),0,0,0,0
3333,50,0.015,4,MFT (w=8),0,0,0,0
3334,50,0.015,4,MFT (w=5),0,0,0,0
3335,50,0.015,4,Nucleotide,0,0,0,0
3336,50,0.015,5,MFT (w=11),0,0,0,0
3337,50,0.015,5,MFT (w=8),0,0,0,0
3338,50,0.015,5,MFT (w=5),0,0,0,0
3339,50,0.015,5,Nucleotide,0,0,0,0
3340,50,0.015,6,MFT (w=11),0,0,0,0
3341,50,0.015,6,MFT (w=8),0,0,0,0
3342,50,0.015,6,MFT (w=5),0,0,0,0
3343,50,0.015,6,Nucleotide,0,0,0,0
3344,50,0.015,7,MFT (w=11),0,0,0,0
3345,50,0.015,7,MFT (w=8),0,0,0,0
3346,50,0.015,7,MFT (w=5),0,0,0,0
3347,50,0.015,7,Nucleotide,0,0,0,0
3348,50,0.015,8,MFT (w=11),0,0,0,0
3349,50,0.015,8,MFT (w=8),0,0,0,0
3350,50,0.015,8,MFT (w=5),0,0,0,0
3351,50,0.015,8,Nucleotide,0,0,0,0
3352,50,0.015,9,MFT (w=11),0,0,0,0
3353,50,0.015,9,MFT (w=8),0,0,0,0
3354,50,0.015,9,MFT (w=5),0,0,0,0
3355,50,0.015,9,Nucleotide,0,0,0,0
3356,50,0.015,10,MFT (w=11),0,0,0,0
3357,50,0.015,10,MFT (w=8),0,0,0,0
3358,50,0.015,10,MFT (w=5),0,0,0,0
3359,50,0.015,10,Nucleotide,0,0,0,0
3360,50,0.02,1,MFT (w=11),0,0,0,0
3361,50,0.02,1,MFT (w=8),0,0,0,0
3362,50,0.02,1,MFT (w=5),0,0,0,0
3363,50,0.02,1,Nucleotide,0,0,0,0
3364,50,0.02,2,MFT (w=11),0,0,0,0
3365,50,0.02,2,MFT (w=8),0,0,0,0
3366,50,0.02,2,MFT (w=5),0,0,0,0
3367,50,0.02,2,Nucleotide,0,0,0,0
3368,50,0.02,3,MFT (w=11),0,0,0,0
3369,50,0.02,3,MFT (w=8),0,0,0,0
3370,50,0.02,3,MFT (w=5),0,0,0,0
3371,50,0.02,3,Nucleotide,0,0,0,0
3372,50,0.02,4,MFT (w=11),0,0,0,0
3373,50,0.02,4,MFT (w=8),0,0,0,0
3374,50,0.02,4,MFT (w=5),0,0,0,0
3375,50,0.02,4,Nucleotide,0,0,0,0
3376,50,0.02,5,MFT (w=11),0,0,0,0
3377,50,0.02,5,MFT (w=8),0,0,0,0
3378,50,0.02,5,MFT (w=5),0,0,0,0
3379,50,0.02,5,Nucleotide,0,0,0,0
3380,50,0.02,6,MFT (w=11),0,0,0,0
3381,50,0.02,6,MFT (w=8),0,0,0,0
3382,50,0.02,6,MFT (w=5),0,0,0,0
3383,50,0.02,6,Nucleotide,0,0,0,0
3384,50,0.02,7,MFT (w=11),0,0,0,0
3385,50,0.02,7,MFT (w=8),0,0,0,0
3386,50,0.02,7,MFT (w=5),0,0,0,0
3387,50,0.02,7,Nucleotide,0,0,0,0
3388,50,0.02,8,MFT (w=11),0,0,0,0
3389,50,0.02,8,MFT (w=8),0,0,0,0
3390,50,0.02,8,MFT (w=5),0,0,0,0
3391,50,0.02,8,Nucleotide,0,0,0,0
3392,50,0.02,9,MFT (w=11),0,0,0,0
3393,50,0.02,9,MFT (w=8),0,0,0,0
3394,50,0.02,9,MFT (w=5),0,0,0,0
3395,50,0.02,9,Nucleotide,0,0,0,0
3396,50,0.02,10,MFT (w=11),0,0,0,0
3397,50,0.02,10,MFT (w=8),0,0,0,0
3398,50,0.02,10,MFT (w=5),0,0,0,0
3399,50,0.02,10,Nucleotide,0,0,0,0
3400,50,0.025,1,MFT (w=11),0,0,0,0
3401,50,0.025,1,MFT (w=8),0,0,0,0
3402,50,0.025,1,MFT (w=5),0,0,0,0
3403,50,0.025,1,Nucleotide,0,0,0,0
3404,50,0.025,2,MFT (w=11),0,0,0,0
3405,50,0.025,2,MFT (w=8),0,0,0,0
3406,50,0.025,2,MFT (w=5),0,0,0,0
3407,50,0.025,2,Nucleotide,0,0,0,0
3408,50,0.025,3,MFT (w=11),0,0,0,0
3409,50,0.025,3,MFT (w=8),0,0,0,0
3410,50,0.025,3,MFT (w=5),0,0,0,0
3411,50,0.025,3,Nucleotide,0,0,0,0
3412,50,0.025,4,MFT (w=11),0,0,0,0
3413,50,0.025,4,MFT (w=8),0,0,0,0
3414,50,0.025,4,MFT (w=5),0,0,0,0
3415,50,0.025,4,Nucleotide,0,0,0,0
3416,50,0.025,5,MFT (w=11),0,0,0,0
3417,50,0.025,5,MFT (w=8),0,0,0,0
3418,50,0.025,5,MFT (w=5),0,0,0,0
3419,50,0.025,5,Nucleotide,0,0,0,0
3420,50,0.025,6,MFT (w=11),0,0,0,0
3421,50,0.025,6,MFT (w=8),0,0,0,0
3422,50,0.025,6,MFT (w=5),0,0,0,0
3423,50,0.025,6,Nucleotide,0,0,0,0
3424,50,0.025,7,MFT (w=11),0,0,0,0
3425,50,0.025,7,MFT (w=8),0,0,0,0
3426,50,0.025,7,MFT (w=5),0,0,0,0
3427,50,0.025,7,Nucleotide,0,0,0,0
3428,50,0.025,8,MFT (w=11),0,0,0,0
3429,50,0.025,8,MFT (w=8),0,0,0,0
3430,50,0.025,8,MFT (w=5),0,0,0,0
3431,50,0.025,8,Nucleotide,0,0,0,0
3432,50,0.025,9,MFT (w=11),0,0,0,0
3433,50,0.025,9,MFT (w=8),0,0,0,0
3434,50,0.025,9,MFT (w=5),0,0,0,0
3435,50,0.025,9,Nucleotide,0,0,0,0
3436,50,0.025,10,MFT (w=11),0,0,0,0
3437,50,0.025,10,MFT (w=8),0,0,0,0
3438,50,0.025,10,MFT (w=5),0,0,0,0
3439,50,0.025,10,Nucleotide,0,0,0,0
3440,50,0.03,1,MFT (w=11),0,0,0,0
3441,50,0.03,1,MFT (w=8),0,0,0,0
3442,50,0.03,1,MFT (w=5),0,0,0,0
3443,50,0.03,1,Nucleotide,0,0,0,0
3444,50,0.03,2,MFT (w=11),0,0,0,0
3445,50,0.03,2,MFT (w=8),0,0,0,0
3446,50,0.03,2,MFT (w=5),0,0,0,0
3447,50,0.03,2,Nucleotide,0,0,0,0
3448,50,0.03,3,MFT (w=11),0,0,0,0
3449,50,0.03,3,MFT (w=8),0,0,0,0
3450,50,0.03,3,MFT (w=5),0,0,0,0
3451,50,0.03,3,Nucleotide,0,0,0,0
3452,50,0.03,4,MFT (w=11),0,0,0,0
3453,50,0.03,4,MFT (w=8),0,0,0,0
3454,50,0.03,4,MFT (w=5),0,0,0,0
3455,50,0.03,4,Nucleotide,0,0,0,0
3456,50,0.03,5,MFT (w=11),0,0,0,0
3457,50,0.03,5,MFT (w=8),0,0,0,0
3458,50,0.03,5,MFT (w=5),0,0,0,0
3459,50,0.03,5,Nucleotide,0,0,0,0
3460,50,0.03,6,MFT (w=11),0,0,0,0
3461,50,0.03,6,MFT (w=8),0,0,0,0
3462,50,0.03,6,MFT (w=5),0,0,0,0
3463,50,0.03,6,Nucleotide,0,0,0,0
3464,50,0.03,7,MFT (w=11),0,0,0,0
3465,50,0.03,7,MFT (w=8),0,0,0,0
3466,50,0.03,7,MFT (w=5),0,0,0,0
3467,50,0.03,7,Nucleotide,0,0,0,0
3468,50,0.03,8,MFT (w=11),0,0,0,0
3469,50,0.03,8,MFT (w=8),0,0,0,0
3470,50,0.03,8,MFT (w=5),0,0,0,0
3471,50,0.03,8,Nucleotide,0,0,0,0
3472,50,0.03,9,MFT (w=11),0,0,0,0
3473,50,0.03,9,MFT (w=8),0,0,0,0
3474,50,0.03,9,MFT (w=5),0,0,0,0
3475,50,0.03,9,Nucleotide,0,0,0,0
3476,50,0.03,10,MFT (w=11),0,0,0,0
3477,50,0.03,10,MFT (w=8),0,0,0,0
3478,50,0.03,10,MFT (w=5),0,0,0,0
3479,50,0.03,10,Nucleotide,0,0,0,0
3480,50,0.035,1,MFT (w=11),0,0,0,0
3481,50,0.035,1,MFT (w=8),0,0,0,0
3482,50,0.035,1,MFT (w=5),0,0,0,0
3483,50,0.035,1,Nucleotide,0,0,0,0
3484,50,0.035,2,MFT (w=11),0,0,0,0
3485,50,0.035,2,MFT (w=8),0,0,0,0
3486,50,0.035,2,MFT (w=5),0,0,0,0
3487,50,0.035,2,Nucleotide,0,0,0,0
3488,50,0.035,3,MFT (w=11),0,0,0,0
3489,50,0.035,3,MFT (w=8),0,0,0,0
3490,50,0.035,3,MFT (w=5),0,0,0,0
3491,50,0.035,3,Nucleotide,0,0,0,0
3492,50,0.035,4,MFT (w=11),0,0,0,0
3493,50,0.035,4,MFT (w=8),0,0,0,0
3494,50,0.035,4,MFT (w=5),0,0,0,0
3495,50,0.035,4,Nucleotide,0,0,0,0
3496,50,0.035,5,MFT (w=11),0,0,0,0
3497,50,0.035,5,MFT (w=8),0,0,0,0
3498,50,0.035,5,MFT (w=5),0,0,0,0
3499,50,0.035,5,Nucleotide,0,0,0,0
3500,50,0.035,6,MFT (w=11),0,0,0,0
3501,50,0.035,6,MFT (w=8),0,0,0,0
3502,50,0.035,6,MFT (w=5),0,0,0,0
3503,50,0.035,6,Nucleotide,0,0,0,0
3504,50,0.035,7,MFT (w=11),0,0,0,0
3505,50,0.035,7,MFT (w=8),0,0,0,0
3506,50,0.035,7,MFT (w=5),0,0,0,0
3507,50,0.035,7,Nucleotide,0,0,0,0
3508,50,0.035,8,MFT (w=11),0,0,0,0
3509,50,0.035,8,MFT (w=8),0,0,0,0
3510,50,0.035,8,MFT (w=5),0,0,0,0
3511,50,0.035,8,Nucleotide,0,0,0,0
3512,50,0.035,9,MFT (w=11),0,0,0,0
3513,50,0.035,9,MFT (w=8),0,0,0,0
3514,50,0.035,9,MFT (w=5),0,0,0,0
3515,50,0.035,9,Nucleotide,0,0,0,0
3516,50,0.035,10,MFT (w=11),0,0,0,0
3517,50,0.035,10,MFT (w=8),0,0,0,0
3518,50,0.035,10,MFT (w=5),0,0,0,0
3519,50,0.035,10,Nucleotide,0,0,0,0
3520,50,0.04,1,MFT (w=11),0,0,0,0
3521,50,0.04,1,MFT (w=8),0,0,0,0
3522,50,0.04,1,MFT (w=5),0,0,0,0
3523,50,0.04,1,Nucleotide,0,0,0,0
3524,50,0.04,2,MFT (w=11),0,0,0,0
3525,50,0.04,2,MFT (w=8),0,0,0,0
3526,50,0.04,2,MFT (w=5),0,0,0,0
3527,50,0.04,2,Nucleotide,0,0,0,0
3528,50,0.04,3,MFT (w=11),0,0,0,0
3529,50,0.04,3,MFT (w=8),0,0,0,0
3530,50,0.04,3,MFT (w=5),0,0,0,0
3531,50,0.04,3,Nucleotide,0,0,0,0
3532,50,0.04,4,MFT (w=11),0,0,0,0
3533,50,0.04,4,MFT (w=8),0,0,0,0
3534,50,0.04,4,MFT (w=5),0,0,0,0
3535,50,0.04,4,Nucleotide,0,0,0,0
3536,50,0.04,5,MFT (w=11),0,0,0,0
3537,50,0.04,5,MFT (w=8),0,0,0,0
3538,50,0.04,5,MFT (w=5),0,0,0,0
3539,50,0.04,5,Nucleotide,0,0,0,0
3540,50,0.04,6,MFT (w=11),0,0,0,0
3541,50,0.04,6,MFT (w=8),0,0,0,0
3542,50,0.04,6,MFT (w=5),0,0,0,0
3543,50,0.04,6,Nucleotide,0,0,0,0
3544,50,0.04,7,MFT (w=11),0,0,0,0
3545,50,0.04,7,MFT (w=8),0,0,0,0
3546,50,0.04,7,MFT (w=5),0,0,0,0
3547,50,0.04,7,Nucleotide,0,0,0,0
3548,50,0.04,8,MFT (w=11),0,0,0,0
3549,50,0.04,8,MFT (w=8),0,0,0,0
3550,50,0.04,8,MFT (w=5),0,0,0,0
3551,50,0.04,8,Nucleotide,0,0,0,0
3552,50,0.04,9,MFT (w=11),0,0,0,0
3553,50,0.04,9,MFT (w=8),0,0,0,0
3554,50,0.04,9,MFT (w=5),0,0,0,0
3555,50,0.04,9,Nucleotide,0,0,0,0
3556,50,0.04,10,MFT (w=11),0,0,0,0
3557,50,0.04,10,MFT (w=8),0,0,0,0
3558,50,0.04,10,MFT (w=5),0,0,0,0
3559,50,0.04,10,Nucleotide,0,0,0,0
3560,50,0.045,1,MFT (w=11),0,0,0,0
3561,50,0.045,1,MFT (w=8),0,0,0,0
3562,50,0.045,1,MFT (w=5),0,0,0,0
3563,50,0.045,1,Nucleotide,0,0,0,0
3564,50,0.045,2,MFT (w=11),0,0,0,0
3565,50,0.045,2,MFT (w=8),0,0,0,0
3566,50,0.045,2,MFT (w=5),0,0,0,0
3567,50,0.045,2,Nucleotide,0,0,0,0
3568,50,0.045,3,MFT (w=11),0,0,0,0
3569,50,0.045,3,MFT (w=8),0,0,0,0
3570,50,0.045,3,MFT (w=5),0,0,0,0
3571,50,0.045,3,Nucleotide,0,0,0,0
3572,50,0.045,4,MFT (w=11),0,0,0,0
3573,50,0.045,4,MFT (w=8),0,0,0,0
3574,50,0.045,4,MFT (w=5),0,0,0,0
3575,50,0.045,4,Nucleotide,0,0,0,0
3576,50,0.045,5,MFT (w=11),0,0,0,0
3577,50,0.045,5,MFT (w=8),0,0,0,0
3578,50,0.045,5,MFT (w=5),0,0,0,0
3579,50,0.045,5,Nucleotide,0,0,0,0
3580,50,0.045,6,MFT (w=11),0,0,0,0
3581,50,0.045,6,MFT (w=8),0,0,0,0
3582,50,0.045,6,MFT (w=5),0,0,0,0
3583,50,0.045,6,Nucleotide,0,0,0,0
3584,50,0.045,7,MFT (w=11),0,0,0,0
3585,50,0.045,7,MFT (w=8),0,0,0,0
3586,50,0.045,7,MFT (w=5),0,0,0,0
3587,50,0.045,7,Nucleotide,0,0,0,0
3588,50,0.045,8,MFT (w=11),0,0,0,0
3589,50,0.045,8,MFT (w=8),0,0,0,0
3590,50,0.045,8,MFT (w=5),0,0,0,0
3591,50,0.045,8,Nucleotide,0,0,0,0
3592,50,0.045,9,MFT (w=11),0,0,0,0
3593,50,0.045,9,MFT (w=8),0,0,0,0
3594,50,0.045,9,MFT (w=5),0,0,0,0
3595,50,0.045,9,Nucleotide,0,0,0,0
3596,50,0.045,10,MFT (w=11),0,0,0,0
3597,50,0.045,10,MFT (w=8),0,0,0,0
3598,50,0.045,10,MFT (w=5),0,0,0,0
3599,50,0.045,10,Nucleotide,0,0,0,0
3600,50,0.05,1,MFT (w=11),0,0,0,0
3601,50,0.05,1,MFT (w=8),0,0,0,0
3602,50,0.05,1,MFT (w=5),0,0,0,0
3603,50,0.05,1,Nucleotide,0,0,0,0
3604,50,0.05,2,MFT (w=11),0,0,0,0
3605,50,0.05,2,MFT (w=8),0,0,0,0
3606,50,0.05,2,MFT (w=5),0,0,0,0
3607,50,0.05,2,Nucleotide,0,0,0,0
3608,50,0.05,3,MFT (w=11),0,0,0,0
3609,50,0.05,3,MFT (w=8),0,0,0,0
3610,50,0.05,3,MFT (w=5),0,0,0,0
3611,50,0.05,3,Nucleotide,0,0,0,0
3612,50,0.05,4,MFT (w=11),0,0,0,0
3613,50,0.05,4,MFT (w=8),0,0,0,0
3614,50,0.05,4,MFT (w=5),0,0,0,0
3615,50,0.05,4,Nucleotide,0,0,0,0
3616,50,0.05,5,MFT (w=11),0,0,0,0
3617,50,0.05,5,MFT (w=8),0,0,0,0
3618,50,0.05,5,MFT (w=5),0,0,0,0
3619,50,0.05,5,Nucleotide,0,0,0,0
3620,50,0.05,6,MFT (w=11),0,0,0,0
3621,50,0.05,6,MFT (w=8),0,0,0,0
3622,50,0.05,6,MFT (w=5),0,0,0,0
3623,50,0.05,6,Nucleotide,0,0,0,0
3624,50,0.05,7,MFT (w=11),0,0,0,0
3625,50,0.05,7,MFT (w=8),0,0,0,0
3626,50,0.05,7,MFT (w=5),0,0,0,0
3627,50,0.05,7,Nucleotide,0,0,0,0
3628,50,0.05,8,MFT (w=11),0,0,0,0
3629,50,0.05,8,MFT (w=8),0,0,0,0
3630,50,0.05,8,MFT (w=5),0,0,0,0
3631,50,0.05,8,Nucleotide,0,0,0,0
3632,50,0.05,9,MFT (w=11),0,0,0,0
3633,50,0.05,9,MFT (w=8),0,0,0,0
3634,50,0.05,9,MFT (w=5),0,0,0,0
3635,50,0.05,9,Nucleotide,0,0,0,0
3636,50,0.05,10,MFT (w=11),0,0,0,0
3637,50,0.05,10,MFT (w=8),0,0,0,0
3638,50,0.05,10,MFT (w=5),0,0,0,0
3639,50,0.05,10,Nucleotide,0,0,0,0
3640,60,0.0025,1,MFT (w=11),51,57,2890,57
3641,60,0.0025,1,MFT (w=8),36,94,3319,94
3642,60,0.0025,1,MFT (w=5),29,91,2670,91
3643,60,0.0025,1,Nucleotide,28,70,1958,70
3644,60,0.0025,2,MFT (w=11),54,64,3253,64
3645,60,0.0025,2,MFT (w=8),37,94,3349,94
3646,60,0.0025,2,MFT (w=5),28,83,2380,83
3647,60,0.0025,2,Nucleotide,25,66,1727,66
3648,60,0.0025,3,MFT (w=11),58,62,3267,62
3649,60,0.0025,3,MFT (w=8),38,98,3520,98
3650,60,0.0025,3,MFT (w=5),27,85,2382,85
3651,60,0.0025,3,Nucleotide,26,61,1604,61
3652,60,0.0025,4,MFT (w=11),59,66,3337,66
3653,60,0.0025,4,MFT (w=8),34,110,3736,110
3654,60,0.0025,4,MFT (w=5),30,96,2807,96
3655,60,0.0025,4,Nucleotide,27,75,2044,75
3656,60,0.0025,5,MFT (w=11),61,49,2782,49
3657,60,0.0025,5,MFT (w=8),37,92,3243,92
3658,60,0.0025,5,MFT (w=5),26,91,2494,91
3659,60,0.0025,5,Nucleotide,26,70,1865,70
3660,60,0.0025,6,MFT (w=11),56,66,3435,66
3661,60,0.0025,6,MFT (w=8),36,93,3350,93
3662,60,0.0025,6,MFT (w=5),27,96,2634,96
3663,60,0.0025,6,Nucleotide,26,63,1666,63
3664,60,0.0025,7,MFT (w=11),58,63,3372,63
3665,60,0.0025,7,MFT (w=8),38,90,3215,90
3666,60,0.0025,7,MFT (w=5),28,88,2519,88
3667,60,0.0025,7,Nucleotide,26,80,2132,80
3668,60,0.0025,8,MFT (w=11),53,60,2855,60
3669,60,0.0025,8,MFT (w=8),34,102,3461,102
3670,60,0.0025,8,MFT (w=5),27,84,2344,84
3671,60,0.0025,8,Nucleotide,26,65,1683,65
3672,60,0.0025,9,MFT (w=11),53,61,3173,61
3673,60,0.0025,9,MFT (w=8),37,96,3458,96
3674,60,0.0025,9,MFT (w=5),31,86,2587,86
3675,60,0.0025,9,Nucleotide,24,80,2079,80
3676,60,0.0025,10,MFT (w=11),51,57,2890,57
3677,60,0.0025,10,MFT (w=8),36,94,3319,94
3678,60,0.0025,10,MFT (w=5),29,91,2670,91
3679,60,0.0025,10,Nucleotide,28,70,1958,70
3680,60,0.005,1,MFT (w=11),48,13,618,13
3681,60,0.005,1,MFT (w=8),30,19,567,19
3682,60,0.005,1,MFT (w=5),24,12,287,12
3683,60,0.005,1,Nucleotide,23,8,184,8
3684,60,0.005,2,MFT (w=11),45,14,583,14
3685,60,0.005,2,MFT (w=8),31,29,862,29
3686,60,0.005,2,MFT (w=5),26,12,302,12
3687,60,0.005,2,Nucleotide,21,10,220,10
3688,60,0.005,3,MFT (w=11),44,12,487,12
3689,60,0.005,3,MFT (w=8),30,23,681,23
3690,60,0.005,3,MFT (w=5),23,15,354,15
3691,60,0.005,3,Nucleotide,27,5,131,5
3692,60,0.005,4,MFT (w=11),56,13,622,13
3693,60,0.005,4,MFT (w=8),33,25,790,25
3694,60,0.005,4,MFT (w=5),24,19,456,19
3695,60,0.005,4,Nucleotide,25,6,148,6
3696,60,0.005,5,MFT (w=11),44,8,350,8
3697,60,0.005,5,MFT (w=8),27,16,434,16
3698,60,0.005,5,MFT (w=5),23,10,237,10
3699,60,0.005,5,Nucleotide,25,4,93,4
3700,60,0.005,6,MFT (w=11),50,14,633,14
3701,60,0.005,6,MFT (w=8),28,28,800,28
3702,60,0.005,6,MFT (w=5),25,19,478,19
3703,60,0.005,6,Nucleotide,24,6,136,6
3704,60,0.005,7,MFT (w=11),51,22,1034,22
3705,60,0.005,7,MFT (w=8),30,23,693,23
3706,60,0.005,7,MFT (w=5),22,15,336,15
3707,60,0.005,7,Nucleotide,24,8,189,8
3708,60,0.005,8,MFT (w=11),50,14,632,14
3709,60,0.005,8,MFT (w=8),30,22,664,22
3710,60,0.005,8,MFT (w=5),22,10,238,10
3711,60,0.005,8,Nucleotide,21,7,151,7
3712,60,0.005,9,MFT (w=11),54,10,470,10
3713,60,0.005,9,MFT (w=8),29,23,707,23
3714,60,0.005,9,MFT (w=5),25,10,261,10
3715,60,0.005,9,Nucleotide,26,8,194,8
3716,60,0.005,10,MFT (w=11),48,13,618,13
3717,60,0.005,10,MFT (w=8),30,19,567,19
3718,60,0.005,10,MFT (w=5),24,12,287,12
3719,60,0.005,10,Nucleotide,23,8,184,8
3720,60,0.0075,1,MFT (w=11),42,1,42,1
3721,60,0.0075,1,MFT (w=8),24,6,149,6
3722,60,0.0075,1,MFT (w=5),21,1,21,1
3723,60,0.0075,1,Nucleotide,21,1,21,1
3724,60,0.0075,2,MFT (w=11),0,0,0,0
3725,60,0.0075,2,MFT (w=8),31,3,86,3
3726,60,0.0075,2,MFT (w=5),21,1,21,1
3727,60,0.0075,2,Nucleotide,0,0,0,0
3728,60,0.0075,3,MFT (w=11),41,3,143,3
3729,60,0.0075,3,MFT (w=8),39,2,64,2
3730,60,0.0075,3,MFT (w=5),25,1,25,1
3731,60,0.0075,3,Nucleotide,0,0,0,0
3732,60,0.0075,4,MFT (w=11),29,3,98,3
3733,60,0.0075,4,MFT (w=8),28,6,180,6
3734,60,0.0075,4,MFT (w=5),21,1,21,1
3735,60,0.0075,4,Nucleotide,20,1,20,1
3736,60,0.0075,5,MFT (w=11),0,0,0,0
3737,60,0.0075,5,MFT (w=8),22,3,69,3
3738,60,0.0075,5,MFT (w=5),24,1,24,1
3739,60,0.0075,5,Nucleotide,26,1,26,1
3740,60,0.0075,6,MFT (w=11),40,2,62,2
3741,60,0.0075,6,MFT (w=8),25,6,146,6
3742,60,0.0075,6,MFT (w=5),21,1,21,1
3743,60,0.0075,6,Nucleotide,22,1,22,1
3744,60,0.0075,7,MFT (w=11),38,1,38,1
3745,60,0.0075,7,MFT (w=8),24,7,172,7
3746,60,0.0075,7,MFT (w=5),22,3,65,3
3747,60,0.0075,7,Nucleotide,20,1,20,1
3748,60,0.0075,8,MFT (w=11),57,2,97,2
3749,60,0.0075,8,MFT (w=8),37,4,137,4
3750,60,0.0075,8,MFT (w=5),21,3,64,3
3751,60,0.0075,8,Nucleotide,0,0,0,0
3752,60,0.0075,9,MFT (w=11),0,0,0,0
3753,60,0.0075,9,MFT (w=8),33,5,157,5
3754,60,0.0075,9,MFT (w=5),22,4,87,4
3755,60,0.0075,9,Nucleotide,0,0,0,0
3756,60,0.0075,10,MFT (w=11),42,1,42,1
3757,60,0.0075,10,MFT (w=8),24,6,149,6
3758,60,0.0075,10,MFT (w=5),21,1,21,1
3759,60,0.0075,10,Nucleotide,21,1,21,1
3760,60,0.01,1,MFT (w=11),0,0,0,0
3761,60,0.01,1,MFT (w=8),0,0,0,0
3762,60,0.01,1,MFT (w=5),0,0,0,0
3763,60,0.01,1,Nucleotide,0,0,0,0
3764,60,0.01,2,MFT (w=11),0,0,0,0
3765,60,0.01,2,MFT (w=8),0,0,0,0
3766,60,0.01,2,MFT (w=5),0,0,0,0
3767,60,0.01,2,Nucleotide,0,0,0,0
3768,60,0.01,3,MFT (w=11),55,1,55,1
3769,60,0.01,3,MFT (w=8),0,0,0,0
3770,60,0.01,3,MFT (w=5),0,0,0,0
3771,60,0.01,3,Nucleotide,0,0,0,0
3772,60,0.01,4,MFT (w=11),0,0,0,0
3773,60,0.01,4,MFT (w=8),0,0,0,0
3774,60,0.01,4,MFT (w=5),0,0,0,0
3775,60,0.01,4,Nucleotide,0,0,0,0
3776,60,0.01,5,MFT (w=11),0,0,0,0
3777,60,0.01,5,MFT (w=8),28,1,28,1
3778,60,0.01,5,MFT (w=5),0,0,0,0
3779,60,0.01,5,Nucleotide,0,0,0,0
3780,60,0.01,6,MFT (w=11),0,0,0,0
3781,60,0.01,6,MFT (w=8),0,0,0,0
3782,60,0.01,6,MFT (w=5),0,0,0,0
3783,60,0.01,6,Nucleotide,0,0,0,0
3784,60,0.01,7,MFT (w=11),33,1,33,1
3785,60,0.01,7,MFT (w=8),28,1,28,1
3786,60,0.01,7,MFT (w=5),0,0,0,0
3787,60,0.01,7,Nucleotide,20,1,20,1
3788,60,0.01,8,MFT (w=11),0,0,0,0
3789,60,0.01,8,MFT (w=8),0,0,0,0
3790,60,0.01,8,MFT (w=5),0,0,0,0
3791,60,0.01,8,Nucleotide,0,0,0,0
3792,60,0.01,9,MFT (w=11),41,1,41,1
3793,60,0.01,9,MFT (w=8),24,1,24,1
3794,60,0.01,9,MFT (w=5),0,0,0,0
3795,60,0.01,9,Nucleotide,0,0,0,0
3796,60,0.01,10,MFT (w=11),0,0,0,0
3797,60,0.01,10,MFT (w=8),0,0,0,0
3798,60,0.01,10,MFT (w=5),0,0,0,0
3799,60,0.01,10,Nucleotide,0,0,0,0
3800,60,0.0125,1,MFT (w=11),0,0,0,0
3801,60,0.0125,1,MFT (w=8),0,0,0,0
3802,60,0.0125,1,MFT (w=5),0,0,0,0
3803,60,0.0125,1,Nucleotide,0,0,0,0
3804,60,0.0125,2,MFT (w=11),0,0,0,0
3805,60,0.0125,2,MFT (w=8),0,0,0,0
3806,60,0.0125,2,MFT (w=5),0,0,0,0
3807,60,0.0125,2,Nucleotide,0,0,0,0
3808,60,0.0125,3,MFT (w=11),0,0,0,0
3809,60,0.0125,3,MFT (w=8),0,0,0,0
3810,60,0.0125,3,MFT (w=5),0,0,0,0
3811,60,0.0125,3,Nucleotide,0,0,0,0
3812,60,0.0125,4,MFT (w=11),0,0,0,0
3813,60,0.0125,4,MFT (w=8),27,2,49,2
3814,60,0.0125,4,MFT (w=5),0,0,0,0
3815,60,0.0125,4,Nucleotide,0,0,0,0
3816,60,0.0125,5,MFT (w=11),33,1,33,1
3817,60,0.0125,5,MFT (w=8),0,0,0,0
3818,60,0.0125,5,MFT (w=5),0,0,0,0
3819,60,0.0125,5,Nucleotide,0,0,0,0
3820,60,0.0125,6,MFT (w=11),0,0,0,0
3821,60,0.0125,6,MFT (w=8),0,0,0,0
3822,60,0.0125,6,MFT (w=5),0,0,0,0
3823,60,0.0125,6,Nucleotide,0,0,0,0
3824,60,0.0125,7,MFT (w=11),0,0,0,0
3825,60,0.0125,7,MFT (w=8),0,0,0,0
3826,60,0.0125,7,MFT (w=5),0,0,0,0
3827,60,0.0125,7,Nucleotide,0,0,0,0
3828,60,0.0125,8,MFT (w=11),0,0,0,0
3829,60,0.0125,8,MFT (w=8),0,0,0,0
3830,60,0.0125,8,MFT (w=5),0,0,0,0
3831,60,0.0125,8,Nucleotide,0,0,0,0
3832,60,0.0125,9,MFT (w=11),0,0,0,0
3833,60,0.0125,9,MFT (w=8),0,0,0,0
3834,60,0.0125,9,MFT (w=5),0,0,0,0
3835,60,0.0125,9,Nucleotide,0,0,0,0
3836,60,0.0125,10,MFT (w=11),0,0,0,0
3837,60,0.0125,10,MFT (w=8),0,0,0,0
3838,60,0.0125,10,MFT (w=5),0,0,0,0
3839,60,0.0125,10,Nucleotide,0,0,0,0
3840,60,0.015,1,MFT (w=11),0,0,0,0
3841,60,0.015,1,MFT (w=8),0,0,0,0
3842,60,0.015,1,MFT (w=5),0,0,0,0
3843,60,0.015,1,Nucleotide,0,0,0,0
3844,60,0.015,2,MFT (w=11),0,0,0,0
3845,60,0.015,2,MFT (w=8),0,0,0,0
3846,60,0.015,2,MFT (w=5),0,0,0,0
3847,60,0.015,2,Nucleotide,0,0,0,0
3848,60,0.015,3,MFT (w=11),0,0,0,0
3849,60,0.015,3,MFT (w=8),0,0,0,0
3850,60,0.015,3,MFT (w=5),0,0,0,0
3851,60,0.015,3,Nucleotide,0,0,0,0
3852,60,0.015,4,MFT (w=11),0,0,0,0
3853,60,0.015,4,MFT (w=8),0,0,0,0
3854,60,0.015,4,MFT (w=5),0,0,0,0
3855,60,0.015,4,Nucleotide,0,0,0,0
3856,60,0.015,5,MFT (w=11),0,0,0,0
3857,60,0.015,5,MFT (w=8),0,0,0,0
3858,60,0.015,5,MFT (w=5),0,0,0,0
3859,60,0.015,5,Nucleotide,0,0,0,0
3860,60,0.015,6,MFT (w=11),0,0,0,0
3861,60,0.015,6,MFT (w=8),0,0,0,0
3862,60,0.015,6,MFT (w=5),0,0,0,0
3863,60,0.015,6,Nucleotide,0,0,0,0
3864,60,0.015,7,MFT (w=11),0,0,0,0
3865,60,0.015,7,MFT (w=8),0,0,0,0
3866,60,0.015,7,MFT (w=5),0,0,0,0
3867,60,0.015,7,Nucleotide,0,0,0,0
3868,60,0.015,8,MFT (w=11),0,0,0,0
3869,60,0.015,8,MFT (w=8),0,0,0,0
3870,60,0.015,8,MFT (w=5),0,0,0,0
3871,60,0.015,8,Nucleotide,0,0,0,0
3872,60,0.015,9,MFT (w=11),0,0,0,0
3873,60,0.015,9,MFT (w=8),0,0,0,0
3874,60,0.015,9,MFT (w=5),0,0,0,0
3875,60,0.015,9,Nucleotide,0,0,0,0
3876,60,0.015,10,MFT (w=11),0,0,0,0
3877,60,0.015,10,MFT (w=8),0,0,0,0
3878,60,0.015,10,MFT (w=5),0,0,0,0
3879,60,0.015,10,Nucleotide,0,0,0,0
3880,60,0.02,1,MFT (w=11),0,0,0,0
3881,60,0.02,1,MFT (w=8),0,0,0,0
3882,60,0.02,1,MFT (w=5),0,0,0,0
3883,60,0.02,1,Nucleotide,0,0,0,0
3884,60,0.02,2,MFT (w=11),0,0,0,0
3885,60,0.02,2,MFT (w=8),0,0,0,0
3886,60,0.02,2,MFT (w=5),0,0,0,0
3887,60,0.02,2,Nucleotide,0,0,0,0
3888,60,0.02,3,MFT (w=11),0,0,0,0
3889,60,0.02,3,MFT (w=8),0,0,0,0
3890,60,0.02,3,MFT (w=5),0,0,0,0
3891,60,0.02,3,Nucleotide,0,0,0,0
3892,60,0.02,4,MFT (w=11),0,0,0,0
3893,60,0.02,4,MFT (w=8),0,0,0,0
3894,60,0.02,4,MFT (w=5),0,0,0,0
3895,60,0.02,4,Nucleotide,0,0,0,0
3896,60,0.02,5,MFT (w=11),0,0,0,0
3897,60,0.02,5,MFT (w=8),0,0,0,0
3898,60,0.02,5,MFT (w=5),0,0,0,0
3899,60,0.02,5,Nucleotide,0,0,0,0
3900,60,0.02,6,MFT (w=11),0,0,0,0
3901,60,0.02,6,MFT (w=8),0,0,0,0
3902,60,0.02,6,MFT (w=5),0,0,0,0
3903,60,0.02,6,Nucleotide,0,0,0,0
3904,60,0.02,7,MFT (w=11),0,0,0,0
3905,60,0.02,7,MFT (w=8),0,0,0,0
3906,60,0.02,7,MFT (w=5),0,0,0,0
3907,60,0.02,7,Nucleotide,0,0,0,0
3908,60,0.02,8,MFT (w=11),0,0,0,0
3909,60,0.02,8,MFT (w=8),0,0,0,0
3910,60,0.02,8,MFT (w=5),0,0,0,0
3911,60,0.02,8,Nucleotide,0,0,0,0
3912,60,0.02,9,MFT (w=11),0,0,0,0
3913,60,0.02,9,MFT (w=8),0,0,0,0
3914,60,0.02,9,MFT (w=5),0,0,0,0
3915,60,0.02,9,Nucleotide,0,0,0,0
3916,60,0.02,10,MFT (w=11),0,0,0,0
3917,60,0.02,10,MFT (w=8),0,0,0,0
3918,60,0.02,10,MFT (w=5),0,0,0,0
3919,60,0.02,10,Nucleotide,0,0,0,0
3920,60,0.025,1,MFT (w=11),0,0,0,0
3921,60,0.025,1,MFT (w=8),0,0,0,0
3922,60,0.025,1,MFT (w=5),0,0,0,0
3923,60,0.025,1,Nucleotide,0,0,0,0
3924,60,0.025,2,MFT (w=11),0,0,0,0
3925,60,0.025,2,MFT (w=8),0,0,0,0
3926,60,0.025,2,MFT (w=5),0,0,0,0
3927,60,0.025,2,Nucleotide,0,0,0,0
3928,60,0.025,3,MFT (w=11),0,0,0,0
3929,60,0.025,3,MFT (w=8),0,0,0,0
3930,60,0.025,3,MFT (w=5),0,0,0,0
3931,60,0.025,3,Nucleotide,0,0,0,0
3932,60,0.025,4,MFT (w=11),0,0,0,0
3933,60,0.025,4,MFT (w=8),0,0,0,0
3934,60,0.025,4,MFT (w=5),0,0,0,0
3935,60,0.025,4,Nucleotide,0,0,0,0
3936,60,0.025,5,MFT (w=11),0,0,0,0
3937,60,0.025,5,MFT (w=8),0,0,0,0
3938,60,0.025,5,MFT (w=5),0,0,0,0
3939,60,0.025,5,Nucleotide,0,0,0,0
3940,60,0.025,6,MFT (w=11),0,0,0,0
3941,60,0.025,6,MFT (w=8),0,0,0,0
3942,60,0.025,6,MFT (w=5),0,0,0,0
3943,60,0.025,6,Nucleotide,0,0,0,0
3944,60,0.025,7,MFT (w=11),0,0,0,0
3945,60,0.025,7,MFT (w=8),0,0,0,0
3946,60,0.025,7,MFT (w=5),0,0,0,0
3947,60,0.025,7,Nucleotide,0,0,0,0
3948,60,0.025,8,MFT (w=11),0,0,0,0
3949,60,0.025,8,MFT (w=8),0,0,0,0
3950,60,0.025,8,MFT (w=5),0,0,0,0
3951,60,0.025,8,Nucleotide,0,0,0,0
3952,60,0.025,9,MFT (w=11),0,0,0,0
3953,60,0.025,9,MFT (w=8),0,0,0,0
3954,60,0.025,9,MFT (w=5),0,0,0,0
3955,60,0.025,9,Nucleotide,0,0,0,0
3956,60,0.025,10,MFT (w=11),0,0,0,0
3957,60,0.025,10,MFT (w=8),0,0,0,0
3958,60,0.025,10,MFT (w=5),0,0,0,0
3959,60,0.025,10,Nucleotide,0,0,0,0
3960,60,0.03,1,MFT (w=11),0,0,0,0
3961,60,0.03,1,MFT (w=8),0,0,0,0
3962,60,0.03,1,MFT (w=5),0,0,0,0
3963,60,0.03,1,Nucleotide,0,0,0,0
3964,60,0.03,2,MFT (w=11),0,0,0,0
3965,60,0.03,2,MFT (w=8),0,0,0,0
3966,60,0.03,2,MFT (w=5),0,0,0,0
3967,60,0.03,2,Nucleotide,0,0,0,0
3968,60,0.03,3,MFT (w=11),0,0,0,0
3969,60,0.03,3,MFT (w=8),0,0,0,0
3970,60,0.03,3,MFT (w=5),0,0,0,0
3971,60,0.03,3,Nucleotide,0,0,0,0
3972,60,0.03,4,MFT (w=11),0,0,0,0
3973,60,0.03,4,MFT (w=8),0,0,0,0
3974,60,0.03,4,MFT (w=5),0,0,0,0
3975,60,0.03,4,Nucleotide,0,0,0,0
3976,60,0.03,5,MFT (w=11),0,0,0,0
3977,60,0.03,5,MFT (w=8),0,0,0,0
3978,60,0.03,5,MFT (w=5),0,0,0,0
3979,60,0.03,5,Nucleotide,0,0,0,0
3980,60,0.03,6,MFT (w=11),0,0,0,0
3981,60,0.03,6,MFT (w=8),0,0,0,0
3982,60,0.03,6,MFT (w=5),0,0,0,0
3983,60,0.03,6,Nucleotide,0,0,0,0
3984,60,0.03,7,MFT (w=11),0,0,0,0
3985,60,0.03,7,MFT (w=8),0,0,0,0
3986,60,0.03,7,MFT (w=5),0,0,0,0
3987,60,0.03,7,Nucleotide,0,0,0,0
3988,60,0.03,8,MFT (w=11),0,0,0,0
3989,60,0.03,8,MFT (w=8),0,0,0,0
3990,60,0.03,8,MFT (w=5),0,0,0,0
3991,60,0.03,8,Nucleotide,0,0,0,0
3992,60,0.03,9,MFT (w=11),0,0,0,0
3993,60,0.03,9,MFT (w=8),0,0,0,0
3994,60,0.03,9,MFT (w=5),0,0,0,0
3995,60,0.03,9,Nucleotide,0,0,0,0
3996,60,0.03,10,MFT (w=11),0,0,0,0
3997,60,0.03,10,MFT (w=8),0,0,0,0
3998,60,0.03,10,MFT (w=5),0,0,0,0
3999,60,0.03,10,Nucleotide,0,0,0,0
4000,60,0.035,1,MFT (w=11),0,0,0,0
4001,60,0.035,1,MFT (w=8),0,0,0,0
4002,60,0.035,1,MFT (w=5),0,0,0,0
4003,60,0.035,1,Nucleotide,0,0,0,0
4004,60,0.035,2,MFT (w=11),0,0,0,0
4005,60,0.035,2,MFT (w=8),0,0,0,0
4006,60,0.035,2,MFT (w=5),0,0,0,0
4007,60,0.035,2,Nucleotide,0,0,0,0
4008,60,0.035,3,MFT (w=11),0,0,0,0
4009,60,0.035,3,MFT (w=8),0,0,0,0
4010,60,0.035,3,MFT (w=5),0,0,0,0
4011,60,0.035,3,Nucleotide,0,0,0,0
4012,60,0.035,4,MFT (w=11),0,0,0,0
4013,60,0.035,4,MFT (w=8),0,0,0,0
4014,60,0.035,4,MFT (w=5),0,0,0,0
4015,60,0.035,4,Nucleotide,0,0,0,0
4016,60,0.035,5,MFT (w=11),0,0,0,0
4017,60,0.035,5,MFT (w=8),0,0,0,0
4018,60,0.035,5,MFT (w=5),0,0,0,0
4019,60,0.035,5,Nucleotide,0,0,0,0
4020,60,0.035,6,MFT (w=11),0,0,0,0
4021,60,0.035,6,MFT (w=8),0,0,0,0
4022,60,0.035,6,MFT (w=5),0,0,0,0
4023,60,0.035,6,Nucleotide,0,0,0,0
4024,60,0.035,7,MFT (w=11),0,0,0,0
4025,60,0.035,7,MFT (w=8),0,0,0,0
4026,60,0.035,7,MFT (w=5),0,0,0,0
4027,60,0.035,7,Nucleotide,0,0,0,0
4028,60,0.035,8,MFT (w=11),0,0,0,0
4029,60,0.035,8,MFT (w=8),0,0,0,0
4030,60,0.035,8,MFT (w=5),0,0,0,0
4031,60,0.035,8,Nucleotide,0,0,0,0
4032,60,0.035,9,MFT (w=11),0,0,0,0
4033,60,0.035,9,MFT (w=8),0,0,0,0
4034,60,0.035,9,MFT (w=5),0,0,0,0
4035,60,0.035,9,Nucleotide,0,0,0,0
4036,60,0.035,10,MFT (w=11),0,0,0,0
4037,60,0.035,10,MFT (w=8),0,0,0,0
4038,60,0.035,10,MFT (w=5),0,0,0,0
4039,60,0.035,10,Nucleotide,0,0,0,0
4040,60,0.04,1,MFT (w=11),0,0,0,0
4041,60,0.04,1,MFT (w=8),0,0,0,0
4042,60,0.04,1,MFT (w=5),0,0,0,0
4043,60,0.04,1,Nucleotide,0,0,0,0
4044,60,0.04,2,MFT (w=11),0,0,0,0
4045,60,0.04,2,MFT (w=8),0,0,0,0
4046,60,0.04,2,MFT (w=5),0,0,0,0
4047,60,0.04,2,Nucleotide,0,0,0,0
4048,60,0.04,3,MFT (w=11),0,0,0,0
4049,60,0.04,3,MFT (w=8),0,0,0,0
4050,60,0.04,3,MFT (w=5),0,0,0,0
4051,60,0.04,3,Nucleotide,0,0,0,0
4052,60,0.04,4,MFT (w=11),0,0,0,0
4053,60,0.04,4,MFT (w=8),0,0,0,0
4054,60,0.04,4,MFT (w=5),0,0,0,0
4055,60,0.04,4,Nucleotide,0,0,0,0
4056,60,0.04,5,MFT (w=11),0,0,0,0
4057,60,0.04,5,MFT (w=8),0,0,0,0
4058,60,0.04,5,MFT (w=5),0,0,0,0
4059,60,0.04,5,Nucleotide,0,0,0,0
4060,60,0.04,6,MFT (w=11),0,0,0,0
4061,60,0.04,6,MFT (w=8),0,0,0,0
4062,60,0.04,6,MFT (w=5),0,0,0,0
4063,60,0.04,6,Nucleotide,0,0,0,0
4064,60,0.04,7,MFT (w=11),0,0,0,0
4065,60,0.04,7,MFT (w=8),0,0,0,0
4066,60,0.04,7,MFT (w=5),0,0,0,0
4067,60,0.04,7,Nucleotide,0,0,0,0
4068,60,0.04,8,MFT (w=11),0,0,0,0
4069,60,0.04,8,MFT (w=8),0,0,0,0
4070,60,0.04,8,MFT (w=5),0,0,0,0
4071,60,0.04,8,Nucleotide,0,0,0,0
4072,60,0.04,9,MFT (w=11),0,0,0,0
4073,60,0.04,9,MFT (w=8),0,0,0,0
4074,60,0.04,9,MFT (w=5),0,0,0,0
4075,60,0.04,9,Nucleotide,0,0,0,0
4076,60,0.04,10,MFT (w=11),0,0,0,0
4077,60,0.04,10,MFT (w=8),0,0,0,0
4078,60,0.04,10,MFT (w=5),0,0,0,0
4079,60,0.04,10,Nucleotide,0,0,0,0
4080,60,0.045,1,MFT (w=11),0,0,0,0
4081,60,0.045,1,MFT (w=8),0,0,0,0
4082,60,0.045,1,MFT (w=5),0,0,0,0
4083,60,0.045,1,Nucleotide,0,0,0,0
4084,60,0.045,2,MFT (w=11),0,0,0,0
4085,60,0.045,2,MFT (w=8),0,0,0,0
4086,60,0.045,2,MFT (w=5),0,0,0,0
4087,60,0.045,2,Nucleotide,0,0,0,0
4088,60,0.045,3,MFT (w=11),0,0,0,0
4089,60,0.045,3,MFT (w=8),0,0,0,0
4090,60,0.045,3,MFT (w=5),0,0,0,0
4091,60,0.045,3,Nucleotide,0,0,0,0
4092,60,0.045,4,MFT (w=11),0,0,0,0
4093,60,0.045,4,MFT (w=8),0,0,0,0
4094,60,0.045,4,MFT (w=5),0,0,0,0
4095,60,0.045,4,Nucleotide,0,0,0,0
4096,60,0.045,5,MFT (w=11),0,0,0,0
4097,60,0.045,5,MFT (w=8),0,0,0,0
4098,60,0.045,5,MFT (w=5),0,0,0,0
4099,60,0.045,5,Nucleotide,0,0,0,0
4100,60,0.045,6,MFT (w=11),0,0,0,0
4101,60,0.045,6,MFT (w=8),0,0,0,0
4102,60,0.045,6,MFT (w=5),0,0,0,0
4103,60,0.045,6,Nucleotide,0,0,0,0
4104,60,0.045,7,MFT (w=11),0,0,0,0
4105,60,0.045,7,MFT (w=8),0,0,0,0
4106,60,0.045,7,MFT (w=5),0,0,0,0
4107,60,0.045,7,Nucleotide,0,0,0,0
4108,60,0.045,8,MFT (w=11),0,0,0,0
4109,60,0.045,8,MFT (w=8),0,0,0,0
4110,60,0.045,8,MFT (w=5),0,0,0,0
4111,60,0.045,8,Nucleotide,0,0,0,0
4112,60,0.045,9,MFT (w=11),0,0,0,0
4113,60,0.045,9,MFT (w=8),0,0,0,0
4114,60,0.045,9,MFT (w=5),0,0,0,0
4115,60,0.045,9,Nucleotide,0,0,0,0
4116,60,0.045,10,MFT (w=11),0,0,0,0
4117,60,0.045,10,MFT (w=8),0,0,0,0
4118,60,0.045,10,MFT (w=5),0,0,0,0
4119,60,0.045,10,Nucleotide,0,0,0,0
4120,60,0.05,1,MFT (w=11),0,0,0,0
4121,60,0.05,1,MFT (w=8),0,0,0,0
4122,60,0.05,1,MFT (w=5),0,0,0,0
4123,60,0.05,1,Nucleotide,0,0,0,0
4124,60,0.05,2,MFT (w=11),0,0,0,0
4125,60,0.05,2,MFT (w=8),0,0,0,0
4126,60,0.05,2,MFT (w=5),0,0,0,0
4127,60,0.05,2,Nucleotide,0,0,0,0
4128,60,0.05,3,MFT (w=11),0,0,0,0
4129,60,0.05,3,MFT (w=8),0,0,0,0
4130,60,0.05,3,MFT (w=5),0,0,0,0
4131,60,0.05,3,Nucleotide,0,0,0,0
4132,60,0.05,4,MFT (w=11),0,0,0,0
4133,60,0.05,4,MFT (w=8),0,0,0,0
4134,60,0.05,4,MFT (w=5),0,0,0,0
4135,60,0.05,4,Nucleotide,0,0,0,0
4136,60,0.05,5,MFT (w=11),0,0,0,0
4137,60,0.05,5,MFT (w=8),0,0,0,0
4138,60,0.05,5,MFT (w=5),0,0,0,0
4139,60,0.05,5,Nucleotide,0,0,0,0
4140,60,0.05,6,MFT (w=11),0,0,0,0
4141,60,0.05,6,MFT (w=8),0,0,0,0
4142,60,0.05,6,MFT (w=5),0,0,0,0
4143,60,0.05,6,Nucleotide,0,0,0,0
4144,60,0.05,7,MFT (w=11),0,0,0,0
4145,60,0.05,7,MFT (w=8),0,0,0,0
4146,60,0.05,7,MFT (w=5),0,0,0,0
4147,60,0.05,7,Nucleotide,0,0,0,0
4148,60,0.05,8,MFT (w=11),0,0,0,0
4149,60,0.05,8,MFT (w=8),0,0,0,0
4150,60,0.05,8,MFT (w=5),0,0,0,0
4151,60,0.05,8,Nucleotide,0,0,0,0
4152,60,0.05,9,MFT (w=11),0,0,0,0
4153,60,0.05,9,MFT (w=8),0,0,0,0
4154,60,0.05,9,MFT (w=5),0,0,0,0
4155,60,0.05,9,Nucleotide,0,0,0,0
4156,60,0.05,10,MFT (w=11),0,0,0,0
4157,60,0.05,10,MFT (w=8),0,0,0,0
4158,60,0.05,10,MFT (w=5),0,0,0,0
4159,60,0.05,10,Nucleotide,0,0,0,0
4160,70,0.0025,1,MFT (w=11),51,46,2186,46
4161,70,0.0025,1,MFT (w=8),33,78,2589,78
4162,70,0.0025,1,MFT (w=5),27,75,2080,75
4163,70,0.0025,1,Nucleotide,28,44,1217,44
4164,70,0.0025,2,MFT (w=11),55,44,2290,44
4165,70,0.0025,2,MFT (w=8),34,78,2591,78
4166,70,0.0025,2,MFT (w=5),26,56,1497,56
4167,70,0.0025,2,Nucleotide,24,42,1041,42
4168,70,0.0025,3,MFT (w=11),54,48,2414,48
4169,70,0.0025,3,MFT (w=8),36,81,2757,81
4170,70,0.0025,3,MFT (w=5),26,66,1763,66
4171,70,0.0025,3,Nucleotide,24,44,1100,44
4172,70,0.0025,4,MFT (w=11),48,49,2274,49
4173,70,0.0025,4,MFT (w=8),32,78,2524,78
4174,70,0.0025,4,MFT (w=5),27,69,1872,69
4175,70,0.0025,4,Nucleotide,25,52,1317,52
4176,70,0.0025,5,MFT (w=11),51,45,2237,45
4177,70,0.0025,5,MFT (w=8),36,76,2571,76
4178,70,0.0025,5,MFT (w=5),27,62,1676,62
4179,70,0.0025,5,Nucleotide,26,50,1285,50
4180,70,0.0025,6,MFT (w=11),53,53,2611,53
4181,70,0.0025,6,MFT (w=8),35,82,2756,82
4182,70,0.0025,6,MFT (w=5),25,78,2057,78
4183,70,0.0025,6,Nucleotide,25,49,1266,49
4184,70,0.0025,7,MFT (w=11),57,48,2629,48
4185,70,0.0025,7,MFT (w=8),35,77,2612,77
4186,70,0.0025,7,MFT (w=5),25,67,1789,67
4187,70,0.0025,7,Nucleotide,23,58,1451,58
4188,70,0.0025,8,MFT (w=11),55,47,2234,47
4189,70,0.0025,8,MFT (w=8),34,81,2602,81
4190,70,0.0025,8,MFT (w=5),26,57,1513,57
4191,70,0.0025,8,Nucleotide,22,41,963,41
4192,70,0.0025,9,MFT (w=11),52,51,2533,51
4193,70,0.0025,9,MFT (w=8),36,80,2806,80
4194,70,0.0025,9,MFT (w=5),30,68,2008,68
4195,70,0.0025,9,Nucleotide,24,57,1458,57
4196,70,0.0025,10,MFT (w=11),51,46,2186,46
4197,70,0.0025,10,MFT (w=8),33,78,2589,78
4198,70,0.0025,10,MFT (w=5),27,75,2080,75
4199,70,0.0025,10,Nucleotide,28,44,1217,44
4200,70,0.005,1,MFT (w=11),42,8,331,8
4201,70,0.005,1,MFT (w=8),27,11,321,11
4202,70,0.005,1,MFT (w=5),22,9,207,9
4203,70,0.005,1,Nucleotide,21,3,65,3
4204,70,0.005,2,MFT (w=11),40,6,222,6
4205,70,0.005,2,MFT (w=8),31,17,486,17
4206,70,0.005,2,MFT (w=5),25,6,145,6
4207,70,0.005,2,Nucleotide,23,4,89,4
4208,70,0.005,3,MFT (w=11),42,6,229,6
4209,70,0.005,3,MFT (w=8),30,17,489,17
4210,70,0.005,3,MFT (w=5),23,9,212,9
4211,70,0.005,3,Nucleotide,23,3,70,3
4212,70,0.005,4,MFT (w=11),45,7,296,7
4213,70,0.005,4,MFT (w=8),31,15,450,15
4214,70,0.005,4,MFT (w=5),24,10,246,10
4215,70,0.005,4,Nucleotide,22,5,116,5
4216,70,0.005,5,MFT (w=11),43,5,206,5
4217,70,0.005,5,MFT (w=8),52,3,101,3
4218,70,0.005,5,MFT (w=5),20,2,40,2
4219,70,0.005,5,Nucleotide,20,1,20,1
4220,70,0.005,6,MFT (w=11),48,9,391,9
4221,70,0.005,6,MFT (w=8),26,22,596,22
4222,70,0.005,6,MFT (w=5),21,13,300,13
4223,70,0.005,6,Nucleotide,21,5,111,5
4224,70,0.005,7,MFT (w=11),51,10,476,10
4225,70,0.005,7,MFT (w=8),25,9,240,9
4226,70,0.005,7,MFT (w=5),22,4,87,4
4227,70,0.005,7,Nucleotide,23,4,88,4
4228,70,0.005,8,MFT (w=11),44,10,426,10
4229,70,0.005,8,MFT (w=8),30,15,441,15
4230,70,0.005,8,MFT (w=5),21,7,155,7
4231,70,0.005,8,Nucleotide,21,4,84,4
4232,70,0.005,9,MFT (w=11),50,6,272,6
4233,70,0.005,9,MFT (w=8),30,15,438,15
4234,70,0.005,9,MFT (w=5),24,4,92,4
4235,70,0.005,9,Nucleotide,24,4,91,4
4236,70,0.005,10,MFT (w=11),42,8,331,8
4237,70,0.005,10,MFT (w=8),27,11,321,11
4238,70,0.005,10,MFT (w=5),22,9,207,9
4239,70,0.005,10,Nucleotide,21,3,65,3
4240,70,0.0075,1,MFT (w=11),0,0,0,0
4241,70,0.0075,1,MFT (w=8),22,1,22,1
4242,70,0.0075,1,MFT (w=5),0,0,0,0
4243,70,0.0075,1,Nucleotide,0,0,0,0
4244,70,0.0075,2,MFT (w=11),0,0,0,0
4245,70,0.0075,2,MFT (w=8),22,1,22,1
4246,70,0.0075,2,MFT (w=5),0,0,0,0
4247,70,0.0075,2,Nucleotide,0,0,0,0
4248,70,0.0075,3,MFT (w=11),37,1,37,1
4249,70,0.0075,3,MFT (w=8),0,0,0,0
4250,70,0.0075,3,MFT (w=5),0,0,0,0
4251,70,0.0075,3,Nucleotide,0,0,0,0
4252,70,0.0075,4,MFT (w=11),45,2,69,2
4253,70,0.0075,4,MFT (w=8),35,2,62,2
4254,70,0.0075,4,MFT (w=5),21,1,21,1
4255,70,0.0075,4,Nucleotide,0,0,0,0
4256,70,0.0075,5,MFT (w=11),0,0,0,0
4257,70,0.0075,5,MFT (w=8),0,0,0,0
4258,70,0.0075,5,MFT (w=5),0,0,0,0
4259,70,0.0075,5,Nucleotide,21,1,21,1
4260,70,0.0075,6,MFT (w=11),22,1,22,1
4261,70,0.0075,6,MFT (w=8),29,2,49,2
4262,70,0.0075,6,MFT (w=5),0,0,0,0
4263,70,0.0075,6,Nucleotide,0,0,0,0
4264,70,0.0075,7,MFT (w=11),36,1,36,1
4265,70,0.0075,7,MFT (w=8),35,2,60,2
4266,70,0.0075,7,MFT (w=5),23,1,23,1
4267,70,0.0075,7,Nucleotide,20,1,20,1
4268,70,0.0075,8,MFT (w=11),57,2,97,2
4269,70,0.0075,8,MFT (w=8),37,3,103,3
4270,70,0.0075,8,MFT (w=5),21,1,21,1
4271,70,0.0075,8,Nucleotide,0,0,0,0
4272,70,0.0075,9,MFT (w=11),0,0,0,0
4273,70,0.0075,9,MFT (w=8),35,1,35,1
4274,70,0.0075,9,MFT (w=5),0,0,0,0
4275,70,0.0075,9,Nucleotide,0,0,0,0
4276,70,0.0075,10,MFT (w=11),0,0,0,0
4277,70,0.0075,10,MFT (w=8),22,1,22,1
4278,70,0.0075,10,MFT (w=5),0,0,0,0
4279,70,0.0075,10,Nucleotide,0,0,0,0
4280,70,0.01,1,MFT (w=11),0,0,0,0
4281,70,0.01,1,MFT (w=8),0,0,0,0
4282,70,0.01,1,MFT (w=5),0,0,0,0
4283,70,0.01,1,Nucleotide,0,0,0,0
4284,70,0.01,2,MFT (w=11),0,0,0,0
4285,70,0.01,2,MFT (w=8),0,0,0,0
4286,70,0.01,2,MFT (w=5),0,0,0,0
4287,70,0.01,2,Nucleotide,0,0,0,0
4288,70,0.01,3,MFT (w=11),0,0,0,0
4289,70,0.01,3,MFT (w=8),0,0,0,0
4290,70,0.01,3,MFT (w=5),0,0,0,0
4291,70,0.01,3,Nucleotide,0,0,0,0
4292,70,0.01,4,MFT (w=11),0,0,0,0
4293,70,0.01,4,MFT (w=8),0,0,0,0
4294,70,0.01,4,MFT (w=5),0,0,0,0
4295,70,0.01,4,Nucleotide,0,0,0,0
4296,70,0.01,5,MFT (w=11),0,0,0,0
4297,70,0.01,5,MFT (w=8),0,0,0,0
4298,70,0.01,5,MFT (w=5),0,0,0,0
4299,70,0.01,5,Nucleotide,0,0,0,0
4300,70,0.01,6,MFT (w=11),0,0,0,0
4301,70,0.01,6,MFT (w=8),0,0,0,0
4302,70,0.01,6,MFT (w=5),0,0,0,0
4303,70,0.01,6,Nucleotide,0,0,0,0
4304,70,0.01,7,MFT (w=11),0,0,0,0
4305,70,0.01,7,MFT (w=8),0,0,0,0
4306,70,0.01,7,MFT (w=5),0,0,0,0
4307,70,0.01,7,Nucleotide,0,0,0,0
4308,70,0.01,8,MFT (w=11),0,0,0,0
4309,70,0.01,8,MFT (w=8),0,0,0,0
4310,70,0.01,8,MFT (w=5),0,0,0,0
4311,70,0.01,8,Nucleotide,0,0,0,0
4312,70,0.01,9,MFT (w=11),0,0,0,0
4313,70,0.01,9,MFT (w=8),0,0,0,0
4314,70,0.01,9,MFT (w=5),0,0,0,0
4315,70,0.01,9,Nucleotide,0,0,0,0
4316,70,0.01,10,MFT (w=11),0,0,0,0
4317,70,0.01,10,MFT (w=8),0,0,0,0
4318,70,0.01,10,MFT (w=5),0,0,0,0
4319,70,0.01,10,Nucleotide,0,0,0,0
4320,70,0.0125,1,MFT (w=11),0,0,0,0
4321,70,0.0125,1,MFT (w=8),0,0,0,0
4322,70,0.0125,1,MFT (w=5),0,0,0,0
4323,70,0.0125,1,Nucleotide,0,0,0,0
4324,70,0.0125,2,MFT (w=11),0,0,0,0
4325,70,0.0125,2,MFT (w=8),0,0,0,0
4326,70,0.0125,2,MFT (w=5),0,0,0,0
4327,70,0.0125,2,Nucleotide,0,0,0,0
4328,70,0.0125,3,MFT (w=11),0,0,0,0
4329,70,0.0125,3,MFT (w=8),0,0,0,0
4330,70,0.0125,3,MFT (w=5),0,0,0,0
4331,70,0.0125,3,Nucleotide,0,0,0,0
4332,70,0.0125,4,MFT (w=11),0,0,0,0
4333,70,0.0125,4,MFT (w=8),0,0,0,0
4334,70,0.0125,4,MFT (w=5),0,0,0,0
4335,70,0.0125,4,Nucleotide,0,0,0,0
4336,70,0.0125,5,MFT (w=11),0,0,0,0
4337,70,0.0125,5,MFT (w=8),0,0,0,0
4338,70,0.0125,5,MFT (w=5),0,0,0,0
4339,70,0.0125,5,Nucleotide,0,0,0,0
4340,70,0.0125,6,MFT (w=11),0,0,0,0
4341,70,0.0125,6,MFT (w=8),0,0,0,0
4342,70,0.0125,6,MFT (w=5),0,0,0,0
4343,70,0.0125,6,Nucleotide,0,0,0,0
4344,70,0.0125,7,MFT (w=11),0,0,0,0
4345,70,0.0125,7,MFT (w=8),0,0,0,0
4346,70,0.0125,7,MFT (w=5),0,0,0,0
4347,70,0.0125,7,Nucleotide,0,0,0,0
4348,70,0.0125,8,MFT (w=11),0,0,0,0
4349,70,0.0125,8,MFT (w=8),0,0,0,0
4350,70,0.0125,8,MFT (w=5),0,0,0,0
4351,70,0.0125,8,Nucleotide,0,0,0,0
4352,70,0.0125,9,MFT (w=11),0,0,0,0
4353,70,0.0125,9,MFT (w=8),0,0,0,0
4354,70,0.0125,9,MFT (w=5),0,0,0,0
4355,70,0.0125,9,Nucleotide,0,0,0,0
4356,70,0.0125,10,MFT (w=11),0,0,0,0
4357,70,0.0125,10,MFT (w=8),0,0,0,0
4358,70,0.0125,10,MFT (w=5),0,0,0,0
4359,70,0.0125,10,Nucleotide,0,0,0,0
4360,70,0.015,1,MFT (w=11),0,0,0,0
4361,70,0.015,1,MFT (w=8),0,0,0,0
4362,70,0.015,1,MFT (w=5),0,0,0,0
4363,70,0.015,1,Nucleotide,0,0,0,0
4364,70,0.015,2,MFT (w=11),0,0,0,0
4365,70,0.015,2,MFT (w=8),0,0,0,0
4366,70,0.015,2,MFT (w=5),0,0,0,0
4367,70,0.015,2,Nucleotide,0,0,0,0
4368,70,0.015,3,MFT (w=11),0,0,0,0
4369,70,0.015,3,MFT (w=8),0,0,0,0
4370,70,0.015,3,MFT (w=5),0,0,0,0
4371,70,0.015,3,Nucleotide,0,0,0,0
4372,70,0.015,4,MFT (w=11),0,0,0,0
4373,70,0.015,4,MFT (w=8),0,0,0,0
4374,70,0.015,4,MFT (w=5),0,0,0,0
4375,70,0.015,4,Nucleotide,0,0,0,0
4376,70,0.015,5,MFT (w=11),0,0,0,0
4377,70,0.015,5,MFT (w=8),0,0,0,0
4378,70,0.015,5,MFT (w=5),0,0,0,0
4379,70,0.015,5,Nucleotide,0,0,0,0
4380,70,0.015,6,MFT (w=11),0,0,0,0
4381,70,0.015,6,MFT (w=8),0,0,0,0
4382,70,0.015,6,MFT (w=5),0,0,0,0
4383,70,0.015,6,Nucleotide,0,0,0,0
4384,70,0.015,7,MFT (w=11),0,0,0,0
4385,70,0.015,7,MFT (w=8),0,0,0,0
4386,70,0.015,7,MFT (w=5),0,0,0,0
4387,70,0.015,7,Nucleotide,0,0,0,0
4388,70,0.015,8,MFT (w=11),0,0,0,0
4389,70,0.015,8,MFT (w=8),0,0,0,0
4390,70,0.015,8,MFT (w=5),0,0,0,0
4391,70,0.015,8,Nucleotide,0,0,0,0
4392,70,0.015,9,MFT (w=11),0,0,0,0
4393,70,0.015,9,MFT (w=8),0,0,0,0
4394,70,0.015,9,MFT (w=5),0,0,0,0
4395,70,0.015,9,Nucleotide,0,0,0,0
4396,70,0.015,10,MFT (w=11),0,0,0,0
4397,70,0.015,10,MFT (w=8),0,0,0,0
4398,70,0.015,10,MFT (w=5),0,0,0,0
4399,70,0.015,10,Nucleotide,0,0,0,0
4400,70,0.02,1,MFT (w=11),0,0,0,0
4401,70,0.02,1,MFT (w=8),0,0,0,0
4402,70,0.02,1,MFT (w=5),0,0,0,0
4403,70,0.02,1,Nucleotide,0,0,0,0
4404,70,0.02,2,MFT (w=11),0,0,0,0
4405,70,0.02,2,MFT (w=8),0,0,0,0
4406,70,0.02,2,MFT (w=5),0,0,0,0
4407,70,0.02,2,Nucleotide,0,0,0,0
4408,70,0.02,3,MFT (w=11),0,0,0,0
4409,70,0.02,3,MFT (w=8),0,0,0,0
4410,70,0.02,3,MFT (w=5),0,0,0,0
4411,70,0.02,3,Nucleotide,0,0,0,0
4412,70,0.02,4,MFT (w=11),0,0,0,0
4413,70,0.02,4,MFT (w=8),0,0,0,0
4414,70,0.02,4,MFT (w=5),0,0,0,0
4415,70,0.02,4,Nucleotide,0,0,0,0
4416,70,0.02,5,MFT (w=11),0,0,0,0
4417,70,0.02,5,MFT (w=8),0,0,0,0
4418,70,0.02,5,MFT (w=5),0,0,0,0
4419,70,0.02,5,Nucleotide,0,0,0,0
4420,70,0.02,6,MFT (w=11),0,0,0,0
4421,70,0.02,6,MFT (w=8),0,0,0,0
4422,70,0.02,6,MFT (w=5),0,0,0,0
4423,70,0.02,6,Nucleotide,0,0,0,0
4424,70,0.02,7,MFT (w=11),0,0,0,0
4425,70,0.02,7,MFT (w=8),0,0,0,0
4426,70,0.02,7,MFT (w=5),0,0,0,0
4427,70,0.02,7,Nucleotide,0,0,0,0
4428,70,0.02,8,MFT (w=11),0,0,0,0
4429,70,0.02,8,MFT (w=8),0,0,0,0
4430,70,0.02,8,MFT (w=5),0,0,0,0
4431,70,0.02,8,Nucleotide,0,0,0,0
4432,70,0.02,9,MFT (w=11),0,0,0,0
4433,70,0.02,9,MFT (w=8),0,0,0,0
4434,70,0.02,9,MFT (w=5),0,0,0,0
4435,70,0.02,9,Nucleotide,0,0,0,0
4436,70,0.02,10,MFT (w=11),0,0,0,0
4437,70,0.02,10,MFT (w=8),0,0,0,0
4438,70,0.02,10,MFT (w=5),0,0,0,0
4439,70,0.02,10,Nucleotide,0,0,0,0
4440,70,0.025,1,MFT (w=11),0,0,0,0
4441,70,0.025,1,MFT (w=8),0,0,0,0
4442,70,0.025,1,MFT (w=5),0,0,0,0
4443,70,0.025,1,Nucleotide,0,0,0,0
4444,70,0.025,2,MFT (w=11),0,0,0,0
4445,70,0.025,2,MFT (w=8),0,0,0,0
4446,70,0.025,2,MFT (w=5),0,0,0,0
4447,70,0.025,2,Nucleotide,0,0,0,0
4448,70,0.025,3,MFT (w=11),0,0,0,0
4449,70,0.025,3,MFT (w=8),0,0,0,0
4450,70,0.025,3,MFT (w=5),0,0,0,0
4451,70,0.025,3,Nucleotide,0,0,0,0
4452,70,0.025,4,MFT (w=11),0,0,0,0
4453,70,0.025,4,MFT (w=8),0,0,0,0
4454,70,0.025,4,MFT (w=5),0,0,0,0
4455,70,0.025,4,Nucleotide,0,0,0,0
4456,70,0.025,5,MFT (w=11),0,0,0,0
4457,70,0.025,5,MFT (w=8),0,0,0,0
4458,70,0.025,5,MFT (w=5),0,0,0,0
4459,70,0.025,5,Nucleotide,0,0,0,0
4460,70,0.025,6,MFT (w=11),0,0,0,0
4461,70,0.025,6,MFT (w=8),0,0,0,0
4462,70,0.025,6,MFT (w=5),0,0,0,0
4463,70,0.025,6,Nucleotide,0,0,0,0
4464,70,0.025,7,MFT (w=11),0,0,0,0
4465,70,0.025,7,MFT (w=8),0,0,0,0
4466,70,0.025,7,MFT (w=5),0,0,0,0
4467,70,0.025,7,Nucleotide,0,0,0,0
4468,70,0.025,8,MFT (w=11),0,0,0,0
4469,70,0.025,8,MFT (w=8),0,0,0,0
4470,70,0.025,8,MFT (w=5),0,0,0,0
4471,70,0.025,8,Nucleotide,0,0,0,0
4472,70,0.025,9,MFT (w=11),0,0,0,0
4473,70,0.025,9,MFT (w=8),0,0,0,0
4474,70,0.025,9,MFT (w=5),0,0,0,0
4475,70,0.025,9,Nucleotide,0,0,0,0
4476,70,0.025,10,MFT (w=11),0,0,0,0
4477,70,0.025,10,MFT (w=8),0,0,0,0
4478,70,0.025,10,MFT (w=5),0,0,0,0
4479,70,0.025,10,Nucleotide,0,0,0,0
4480,70,0.03,1,MFT (w=11),0,0,0,0
4481,70,0.03,1,MFT (w=8),0,0,0,0
4482,70,0.03,1,MFT (w=5),0,0,0,0
4483,70,0.03,1,Nucleotide,0,0,0,0
4484,70,0.03,2,MFT (w=11),0,0,0,0
4485,70,0.03,2,MFT (w=8),0,0,0,0
4486,70,0.03,2,MFT (w=5),0,0,0,0
4487,70,0.03,2,Nucleotide,0,0,0,0
4488,70,0.03,3,MFT (w=11),0,0,0,0
4489,70,0.03,3,MFT (w=8),0,0,0,0
4490,70,0.03,3,MFT (w=5),0,0,0,0
4491,70,0.03,3,Nucleotide,0,0,0,0
4492,70,0.03,4,MFT (w=11),0,0,0,0
4493,70,0.03,4,MFT (w=8),0,0,0,0
4494,70,0.03,4,MFT (w=5),0,0,0,0
4495,70,0.03,4,Nucleotide,0,0,0,0
4496,70,0.03,5,MFT (w=11),0,0,0,0
4497,70,0.03,5,MFT (w=8),0,0,0,0
4498,70,0.03,5,MFT (w=5),0,0,0,0
4499,70,0.03,5,Nucleotide,0,0,0,0
4500,70,0.03,6,MFT (w=11),0,0,0,0
4501,70,0.03,6,MFT (w=8),0,0,0,0
4502,70,0.03,6,MFT (w=5),0,0,0,0
4503,70,0.03,6,Nucleotide,0,0,0,0
4504,70,0.03,7,MFT (w=11),0,0,0,0
4505,70,0.03,7,MFT (w=8),0,0,0,0
4506,70,0.03,7,MFT (w=5),0,0,0,0
4507,70,0.03,7,Nucleotide,0,0,0,0
4508,70,0.03,8,MFT (w=11),0,0,0,0
4509,70,0.03,8,MFT (w=8),0,0,0,0
4510,70,0.03,8,MFT (w=5),0,0,0,0
4511,70,0.03,8,Nucleotide,0,0,0,0
4512,70,0.03,9,MFT (w=11),0,0,0,0
4513,70,0.03,9,MFT (w=8),0,0,0,0
4514,70,0.03,9,MFT (w=5),0,0,0,0
4515,70,0.03,9,Nucleotide,0,0,0,0
4516,70,0.03,10,MFT (w=11),0,0,0,0
4517,70,0.03,10,MFT (w=8),0,0,0,0
4518,70,0.03,10,MFT (w=5),0,0,0,0
4519,70,0.03,10,Nucleotide,0,0,0,0
4520,70,0.035,1,MFT (w=11),0,0,0,0
4521,70,0.035,1,MFT (w=8),0,0,0,0
4522,70,0.035,1,MFT (w=5),0,0,0,0
4523,70,0.035,1,Nucleotide,0,0,0,0
4524,70,0.035,2,MFT (w=11),0,0,0,0
4525,70,0.035,2,MFT (w=8),0,0,0,0
4526,70,0.035,2,MFT (w=5),0,0,0,0
4527,70,0.035,2,Nucleotide,0,0,0,0
4528,70,0.035,3,MFT (w=11),0,0,0,0
4529,70,0.035,3,MFT (w=8),0,0,0,0
4530,70,0.035,3,MFT (w=5),0,0,0,0
4531,70,0.035,3,Nucleotide,0,0,0,0
4532,70,0.035,4,MFT (w=11),0,0,0,0
4533,70,0.035,4,MFT (w=8),0,0,0,0
4534,70,0.035,4,MFT (w=5),0,0,0,0
4535,70,0.035,4,Nucleotide,0,0,0,0
4536,70,0.035,5,MFT (w=11),0,0,0,0
4537,70,0.035,5,MFT (w=8),0,0,0,0
4538,70,0.035,5,MFT (w=5),0,0,0,0
4539,70,0.035,5,Nucleotide,0,0,0,0
4540,70,0.035,6,MFT (w=11),0,0,0,0
4541,70,0.035,6,MFT (w=8),0,0,0,0
4542,70,0.035,6,MFT (w=5),0,0,0,0
4543,70,0.035,6,Nucleotide,0,0,0,0
4544,70,0.035,7,MFT (w=11),0,0,0,0
4545,70,0.035,7,MFT (w=8),0,0,0,0
4546,70,0.035,7,MFT (w=5),0,0,0,0
4547,70,0.035,7,Nucleotide,0,0,0,0
4548,70,0.035,8,MFT (w=11),0,0,0,0
4549,70,0.035,8,MFT (w=8),0,0,0,0
4550,70,0.035,8,MFT (w=5),0,0,0,0
4551,70,0.035,8,Nucleotide,0,0,0,0
4552,70,0.035,9,MFT (w=11),0,0,0,0
4553,70,0.035,9,MFT (w=8),0,0,0,0
4554,70,0.035,9,MFT (w=5),0,0,0,0
4555,70,0.035,9,Nucleotide,0,0,0,0
4556,70,0.035,10,MFT (w=11),0,0,0,0
4557,70,0.035,10,MFT (w=8),0,0,0,0
4558,70,0.035,10,MFT (w=5),0,0,0,0
4559,70,0.035,10,Nucleotide,0,0,0,0
4560,70,0.04,1,MFT (w=11),0,0,0,0
4561,70,0.04,1,MFT (w=8),0,0,0,0
4562,70,0.04,1,MFT (w=5),0,0,0,0
4563,70,0.04,1,Nucleotide,0,0,0,0
4564,70,0.04,2,MFT (w=11),0,0,0,0
4565,70,0.04,2,MFT (w=8),0,0,0,0
4566,70,0.04,2,MFT (w=5),0,0,0,0
4567,70,0.04,2,Nucleotide,0,0,0,0
4568,70,0.04,3,MFT (w=11),0,0,0,0
4569,70,0.04,3,MFT (w=8),0,0,0,0
4570,70,0.04,3,MFT (w=5),0,0,0,0
4571,70,0.04,3,Nucleotide,0,0,0,0
4572,70,0.04,4,MFT (w=11),0,0,0,0
4573,70,0.04,4,MFT (w=8),0,0,0,0
4574,70,0.04,4,MFT (w=5),0,0,0,0
4575,70,0.04,4,Nucleotide,0,0,0,0
4576,70,0.04,5,MFT (w=11),0,0,0,0
4577,70,0.04,5,MFT (w=8),0,0,0,0
4578,70,0.04,5,MFT (w=5),0,0,0,0
4579,70,0.04,5,Nucleotide,0,0,0,0
4580,70,0.04,6,MFT (w=11),0,0,0,0
4581,70,0.04,6,MFT (w=8),0,0,0,0
4582,70,0.04,6,MFT (w=5),0,0,0,0
4583,70,0.04,6,Nucleotide,0,0,0,0
4584,70,0.04,7,MFT (w=11),0,0,0,0
4585,70,0.04,7,MFT (w=8),0,0,0,0
4586,70,0.04,7,MFT (w=5),0,0,0,0
4587,70,0.04,7,Nucleotide,0,0,0,0
4588,70,0.04,8,MFT (w=11),0,0,0,0
4589,70,0.04,8,MFT (w=8),0,0,0,0
4590,70,0.04,8,MFT (w=5),0,0,0,0
4591,70,0.04,8,Nucleotide,0,0,0,0
4592,70,0.04,9,MFT (w=11),0,0,0,0
4593,70,0.04,9,MFT (w=8),0,0,0,0
4594,70,0.04,9,MFT (w=5),0,0,0,0
4595,70,0.04,9,Nucleotide,0,0,0,0
4596,70,0.04,10,MFT (w=11),0,0,0,0
4597,70,0.04,10,MFT (w=8),0,0,0,0
4598,70,0.04,10,MFT (w=5),0,0,0,0
4599,70,0.04,10,Nucleotide,0,0,0,0
4600,70,0.045,1,MFT (w=11),0,0,0,0
4601,70,0.045,1,MFT (w=8),0,0,0,0
4602,70,0.045,1,MFT (w=5),0,0,0,0
4603,70,0.045,1,Nucleotide,0,0,0,0
4604,70,0.045,2,MFT (w=11),0,0,0,0
4605,70,0.045,2,MFT (w=8),0,0,0,0
4606,70,0.045,2,MFT (w=5),0,0,0,0
4607,70,0.045,2,Nucleotide,0,0,0,0
4608,70,0.045,3,MFT (w=11),0,0,0,0
4609,70,0.045,3,MFT (w=8),0,0,0,0
4610,70,0.045,3,MFT (w=5),0,0,0,0
4611,70,0.045,3,Nucleotide,0,0,0,0
4612,70,0.045,4,MFT (w=11),0,0,0,0
4613,70,0.045,4,MFT (w=8),0,0,0,0
4614,70,0.045,4,MFT (w=5),0,0,0,0
4615,70,0.045,4,Nucleotide,0,0,0,0
4616,70,0.045,5,MFT (w=11),0,0,0,0
4617,70,0.045,5,MFT (w=8),0,0,0,0
4618,70,0.045,5,MFT (w=5),0,0,0,0
4619,70,0.045,5,Nucleotide,0,0,0,0
4620,70,0.045,6,MFT (w=11),0,0,0,0
4621,70,0.045,6,MFT (w=8),0,0,0,0
4622,70,0.045,6,MFT (w=5),0,0,0,0
4623,70,0.045,6,Nucleotide,0,0,0,0
4624,70,0.045,7,MFT (w=11),0,0,0,0
4625,70,0.045,7,MFT (w=8),0,0,0,0
4626,70,0.045,7,MFT (w=5),0,0,0,0
4627,70,0.045,7,Nucleotide,0,0,0,0
4628,70,0.045,8,MFT (w=11),0,0,0,0
4629,70,0.045,8,MFT (w=8),0,0,0,0
4630,70,0.045,8,MFT (w=5),0,0,0,0
4631,70,0.045,8,Nucleotide,0,0,0,0
4632,70,0.045,9,MFT (w=11),0,0,0,0
4633,70,0.045,9,MFT (w=8),0,0,0,0
4634,70,0.045,9,MFT (w=5),0,0,0,0
4635,70,0.045,9,Nucleotide,0,0,0,0
4636,70,0.045,10,MFT (w=11),0,0,0,0
4637,70,0.045,10,MFT (w=8),0,0,0,0
4638,70,0.045,10,MFT (w=5),0,0,0,0
4639,70,0.045,10,Nucleotide,0,0,0,0
4640,70,0.05,1,MFT (w=11),0,0,0,0
4641,70,0.05,1,MFT (w=8),0,0,0,0
4642,70,0.05,1,MFT (w=5),0,0,0,0
4643,70,0.05,1,Nucleotide,0,0,0,0
4644,70,0.05,2,MFT (w=11),0,0,0,0
4645,70,0.05,2,MFT (w=8),0,0,0,0
4646,70,0.05,2,MFT (w=5),0,0,0,0
4647,70,0.05,2,Nucleotide,0,0,0,0
4648,70,0.05,3,MFT (w=11),0,0,0,0
4649,70,0.05,3,MFT (w=8),0,0,0,0
4650,70,0.05,3,MFT (w=5),0,0,0,0
4651,70,0.05,3,Nucleotide,0,0,0,0
4652,70,0.05,4,MFT (w=11),0,0,0,0
4653,70,0.05,4,MFT (w=8),0,0,0,0
4654,70,0.05,4,MFT (w=5),0,0,0,0
4655,70,0.05,4,Nucleotide,0,0,0,0
4656,70,0.05,5,MFT (w=11),0,0,0,0
4657,70,0.05,5,MFT (w=8),0,0,0,0
4658,70,0.05,5,MFT (w=5),0,0,0,0
4659,70,0.05,5,Nucleotide,0,0,0,0
4660,70,0.05,6,MFT (w=11),0,0,0,0
4661,70,0.05,6,MFT (w=8),0,0,0,0
4662,70,0.05,6,MFT (w=5),0,0,0,0
4663,70,0.05,6,Nucleotide,0,0,0,0
4664,70,0.05,7,MFT (w=11),0,0,0,0
4665,70,0.05,7,MFT (w=8),0,0,0,0
4666,70,0.05,7,MFT (w=5),0,0,0,0
4667,70,0.05,7,Nucleotide,0,0,0,0
4668,70,0.05,8,MFT (w=11),0,0,0,0
4669,70,0.05,8,MFT (w=8),0,0,0,0
4670,70,0.05,8,MFT (w=5),0,0,0,0
4671,70,0.05,8,Nucleotide,0,0,0,0
4672,70,0.05,9,MFT (w=11),0,0,0,0
4673,70,0.05,9,MFT (w=8),0,0,0,0
4674,70,0.05,9,MFT (w=5),0,0,0,0
4675,70,0.05,9,Nucleotide,0,0,0,0
4676,70,0.05,10,MFT (w=11),0,0,0,0
4677,70,0.05,10,MFT (w=8),0,0,0,0
4678,70,0.05,10,MFT (w=5),0,0,0,0
4679,70,0.05,10,Nucleotide,0,0,0,0
4680,80,0.0025,1,MFT (w=11),51,37,1717,37
4681,80,0.0025,1,MFT (w=8),32,68,2128,68
4682,80,0.0025,1,MFT (w=5),25,65,1708,65
4683,80,0.0025,1,Nucleotide,26,38,991,38
4684,80,0.0025,2,MFT (w=11),55,32,1615,32
4685,80,0.0025,2,MFT (w=8),30,64,1999,64
4686,80,0.0025,2,MFT (w=5),25,44,1133,44
4687,80,0.0025,2,Nucleotide,23,27,662,27
4688,80,0.0025,3,MFT (w=11),48,38,1778,38
4689,80,0.0025,3,MFT (w=8),35,64,2131,64
4690,80,0.0025,3,MFT (w=5),25,47,1231,47
4691,80,0.0025,3,Nucleotide,23,29,716,29
4692,80,0.0025,4,MFT (w=11),44,38,1568,38
4693,80,0.0025,4,MFT (w=8),30,62,1877,62
4694,80,0.0025,4,MFT (w=5),26,55,1436,55
4695,80,0.0025,4,Nucleotide,24,36,878,36
4696,80,0.0025,5,MFT (w=11),49,34,1655,34
4697,80,0.0025,5,MFT (w=8),36,62,2093,62
4698,80,0.0025,5,MFT (w=5),27,52,1392,52
4699,80,0.0025,5,Nucleotide,25,40,1003,40
4700,80,0.0025,6,MFT (w=11),50,43,2010,43
4701,80,0.0025,6,MFT (w=8),33,65,2058,65
4702,80,0.0025,6,MFT (w=5),24,60,1540,60
4703,80,0.0025,6,Nucleotide,25,39,977,39
4704,80,0.0025,7,MFT (w=11),57,39,2046,39
4705,80,0.0025,7,MFT (w=8),35,59,1943,59
4706,80,0.0025,7,MFT (w=5),24,48,1221,48
4707,80,0.0025,7,Nucleotide,23,35,856,35
4708,80,0.0025,8,MFT (w=11),50,38,1702,38
4709,80,0.0025,8,MFT (w=8),32,59,1831,59
4710,80,0.0025,8,MFT (w=5),25,42,1055,42
4711,80,0.0025,8,Nucleotide,22,30,701,30
4712,80,0.0025,9,MFT (w=11),49,40,1874,40
4713,80,0.0025,9,MFT (w=8),35,61,2038,61
4714,80,0.0025,9,MFT (w=5),29,48,1362,48
4715,80,0.0025,9,Nucleotide,24,31,788,31
4716,80,0.0025,10,MFT (w=11),51,37,1717,37
4717,80,0.0025,10,MFT (w=8),32,68,2128,68
4718,80,0.0025,10,MFT (w=5),25,65,1708,65
4719,80,0.0025,10,Nucleotide,26,38,991,38
4720,80,0.005,1,MFT (w=11),40,5,214,5
4721,80,0.005,1,MFT (w=8),33,7,213,7
4722,80,0.005,1,MFT (w=5),21,6,132,6
4723,80,0.005,1,Nucleotide,21,3,65,3
4724,80,0.005,2,MFT (w=11),52,2,88,2
4725,80,0.005,2,MFT (w=8),32,8,231,8
4726,80,0.005,2,MFT (w=5),26,2,51,2
4727,80,0.005,2,Nucleotide,23,2,43,2
4728,80,0.005,3,MFT (w=11),42,3,106,3
4729,80,0.005,3,MFT (w=8),30,7,198,7
4730,80,0.005,3,MFT (w=5),23,4,90,4
4731,80,0.005,3,Nucleotide,0,0,0,0
4732,80,0.005,4,MFT (w=11),34,3,104,3
4733,80,0.005,4,MFT (w=8),26,8,225,8
4734,80,0.005,4,MFT (w=5),24,6,141,6
4735,80,0.005,4,Nucleotide,24,3,73,3
4736,80,0.005,5,MFT (w=11),44,4,163,4
4737,80,0.005,5,MFT (w=8),24,1,24,1
4738,80,0.005,5,MFT (w=5),20,1,20,1
4739,80,0.005,5,Nucleotide,0,0,0,0
4740,80,0.005,6,MFT (w=11),48,6,255,6
4741,80,0.005,6,MFT (w=8),31,10,303,10
4742,80,0.005,6,MFT (w=5),22,9,214,9
4743,80,0.005,6,Nucleotide,21,5,111,5
4744,80,0.005,7,MFT (w=11),51,6,285,6
4745,80,0.005,7,MFT (w=8),25,5,127,5
4746,80,0.005,7,MFT (w=5),20,1,20,1
4747,80,0.005,7,Nucleotide,21,1,21,1
4748,80,0.005,8,MFT (w=11),37,7,249,7
4749,80,0.005,8,MFT (w=8),30,7,199,7
4750,80,0.005,8,MFT (w=5),22,2,42,2
4751,80,0.005,8,Nucleotide,20,1,20,1
4752,80,0.005,9,MFT (w=11),61,3,119,3
4753,80,0.005,9,MFT (w=8),29,8,229,8
4754,80,0.005,9,MFT (w=5),0,0,0,0
4755,80,0.005,9,Nucleotide,0,0,0,0
4756,80,0.005,10,MFT (w=11),40,5,214,5
4757,80,0.005,10,MFT (w=8),33,7,213,7
4758,80,0.005,10,MFT (w=5),21,6,132,6
4759,80,0.005,10,Nucleotide,21,3,65,3
4760,80,0.0075,1,MFT (w=11),0,0,0,0
4761,80,0.0075,1,MFT (w=8),0,0,0,0
4762,80,0.0075,1,MFT (w=5),0,0,0,0
4763,80,0.0075,1,Nucleotide,0,0,0,0
4764,80,0.0075,2,MFT (w=11),0,0,0,0
4765,80,0.0075,2,MFT (w=8),0,0,0,0
4766,80,0.0075,2,MFT (w=5),0,0,0,0
4767,80,0.0075,2,Nucleotide,0,0,0,0
4768,80,0.0075,3,MFT (w=11),0,0,0,0
4769,80,0.0075,3,MFT (w=8),0,0,0,0
4770,80,0.0075,3,MFT (w=5),0,0,0,0
4771,80,0.0075,3,Nucleotide,0,0,0,0
4772,80,0.0075,4,MFT (w=11),24,1,24,1
4773,80,0.0075,4,MFT (w=8),27,1,27,1
4774,80,0.0075,4,MFT (w=5),21,1,21,1
4775,80,0.0075,4,Nucleotide,0,0,0,0
4776,80,0.0075,5,MFT (w=11),0,0,0,0
4777,80,0.0075,5,MFT (w=8),0,0,0,0
4778,80,0.0075,5,MFT (w=5),0,0,0,0
4779,80,0.0075,5,Nucleotide,0,0,0,0
4780,80,0.0075,6,MFT (w=11),0,0,0,0
4781,80,0.0075,6,MFT (w=8),29,1,29,1
4782,80,0.0075,6,MFT (w=5),0,0,0,0
4783,80,0.0075,6,Nucleotide,0,0,0,0
4784,80,0.0075,7,MFT (w=11),0,0,0,0
4785,80,0.0075,7,MFT (w=8),35,1,35,1
4786,80,0.0075,7,MFT (w=5),0,0,0,0
4787,80,0.0075,7,Nucleotide,0,0,0,0
4788,80,0.0075,8,MFT (w=11),40,1,40,1
4789,80,0.0075,8,MFT (w=8),37,2,63,2
4790,80,0.0075,8,MFT (w=5),21,1,21,1
4791,80,0.0075,8,Nucleotide,0,0,0,0
4792,80,0.0075,9,MFT (w=11),0,0,0,0
4793,80,0.0075,9,MFT (w=8),35,1,35,1
4794,80,0.0075,9,MFT (w=5),0,0,0,0
4795,80,0.0075,9,Nucleotide,0,0,0,0
4796,80,0.0075,10,MFT (w=11),0,0,0,0
4797,80,0.0075,10,MFT (w=8),0,0,0,0
4798,80,0.0075,10,MFT (w=5),0,0,0,0
4799,80,0.0075,10,Nucleotide,0,0,0,0
4800,80,0.01,1,MFT (w=11),0,0,0,0
4801,80,0.01,1,MFT (w=8),0,0,0,0
4802,80,0.01,1,MFT (w=5),0,0,0,0
4803,80,0.01,1,Nucleotide,0,0,0,0
4804,80,0.01,2,MFT (w=11),0,0,0,0
4805,80,0.01,2,MFT (w=8),0,0,0,0
4806,80,0.01,2,MFT (w=5),0,0,0,0
4807,80,0.01,2,Nucleotide,0,0,0,0
4808,80,0.01,3,MFT (w=11),0,0,0,0
4809,80,0.01,3,MFT (w=8),0,0,0,0
4810,80,0.01,3,MFT (w=5),0,0,0,0
4811,80,0.01,3,Nucleotide,0,0,0,0
4812,80,0.01,4,MFT (w=11),0,0,0,0
4813,80,0.01,4,MFT (w=8),0,0,0,0
4814,80,0.01,4,MFT (w=5),0,0,0,0
4815,80,0.01,4,Nucleotide,0,0,0,0
4816,80,0.01,5,MFT (w=11),0,0,0,0
4817,80,0.01,5,MFT (w=8),0,0,0,0
4818,80,0.01,5,MFT (w=5),0,0,0,0
4819,80,0.01,5,Nucleotide,0,0,0,0
4820,80,0.01,6,MFT (w=11),0,0,0,0
4821,80,0.01,6,MFT (w=8),0,0,0,0
4822,80,0.01,6,MFT (w=5),0,0,0,0
4823,80,0.01,6,Nucleotide,0,0,0,0
4824,80,0.01,7,MFT (w=11),0,0,0,0
4825,80,0.01,7,MFT (w=8),0,0,0,0
4826,80,0.01,7,MFT (w=5),0,0,0,0
4827,80,0.01,7,Nucleotide,0,0,0,0
4828,80,0.01,8,MFT (w=11),0,0,0,0
4829,80,0.01,8,MFT (w=8),0,0,0,0
4830,80,0.01,8,MFT (w=5),0,0,0,0
4831,80,0.01,8,Nucleotide,0,0,0,0
4832,80,0.01,9,MFT (w=11),0,0,0,0
4833,80,0.01,9,MFT (w=8),0,0,0,0
4834,80,0.01,9,MFT (w=5),0,0,0,0
4835,80,0.01,9,Nucleotide,0,0,0,0
4836,80,0.01,10,MFT (w=11),0,0,0,0
4837,80,0.01,10,MFT (w=8),0,0,0,0
4838,80,0.01,10,MFT (w=5),0,0,0,0
4839,80,0.01,10,Nucleotide,0,0,0,0
4840,80,0.0125,1,MFT (w=11),0,0,0,0
4841,80,0.0125,1,MFT (w=8),0,0,0,0
4842,80,0.0125,1,MFT (w=5),0,0,0,0
4843,80,0.0125,1,Nucleotide,0,0,0,0
4844,80,0.0125,2,MFT (w=11),0,0,0,0
4845,80,0.0125,2,MFT (w=8),0,0,0,0
4846,80,0.0125,2,MFT (w=5),0,0,0,0
4847,80,0.0125,2,Nucleotide,0,0,0,0
4848,80,0.0125,3,MFT (w=11),0,0,0,0
4849,80,0.0125,3,MFT (w=8),0,0,0,0
4850,80,0.0125,3,MFT (w=5),0,0,0,0
4851,80,0.0125,3,Nucleotide,0,0,0,0
4852,80,0.0125,4,MFT (w=11),0,0,0,0
4853,80,0.0125,4,MFT (w=8),0,0,0,0
4854,80,0.0125,4,MFT (w=5),0,0,0,0
4855,80,0.0125,4,Nucleotide,0,0,0,0
4856,80,0.0125,5,MFT (w=11),0,0,0,0
4857,80,0.0125,5,MFT (w=8),0,0,0,0
4858,80,0.0125,5,MFT (w=5),0,0,0,0
4859,80,0.0125,5,Nucleotide,0,0,0,0
4860,80,0.0125,6,MFT (w=11),0,0,0,0
4861,80,0.0125,6,MFT (w=8),0,0,0,0
4862,80,0.0125,6,MFT (w=5),0,0,0,0
4863,80,0.0125,6,Nucleotide,0,0,0,0
4864,80,0.0125,7,MFT (w=11),0,0,0,0
4865,80,0.0125,7,MFT (w=8),0,0,0,0
4866,80,0.0125,7,MFT (w=5),0,0,0,0
4867,80,0.0125,7,Nucleotide,0,0,0,0
4868,80,0.0125,8,MFT (w=11),0,0,0,0
4869,80,0.0125,8,MFT (w=8),0,0,0,0
4870,80,0.0125,8,MFT (w=5),0,0,0,0
4871,80,0.0125,8,Nucleotide,0,0,0,0
4872,80,0.0125,9,MFT (w=11),0,0,0,0
4873,80,0.0125,9,MFT (w=8),0,0,0,0
4874,80,0.0125,9,MFT (w=5),0,0,0,0
4875,80,0.0125,9,Nucleotide,0,0,0,0
4876,80,0.0125,10,MFT (w=11),0,0,0,0
4877,80,0.0125,10,MFT (w=8),0,0,0,0
4878,80,0.0125,10,MFT (w=5),0,0,0,0
4879,80,0.0125,10,Nucleotide,0,0,0,0
4880,80,0.015,1,MFT (w=11),0,0,0,0
4881,80,0.015,1,MFT (w=8),0,0,0,0
4882,80,0.015,1,MFT (w=5),0,0,0,0
4883,80,0.015,1,Nucleotide,0,0,0,0
4884,80,0.015,2,MFT (w=11),0,0,0,0
4885,80,0.015,2,MFT (w=8),0,0,0,0
4886,80,0.015,2,MFT (w=5),0,0,0,0
4887,80,0.015,2,Nucleotide,0,0,0,0
4888,80,0.015,3,MFT (w=11),0,0,0,0
4889,80,0.015,3,MFT (w=8),0,0,0,0
4890,80,0.015,3,MFT (w=5),0,0,0,0
4891,80,0.015,3,Nucleotide,0,0,0,0
4892,80,0.015,4,MFT (w=11),0,0,0,0
4893,80,0.015,4,MFT (w=8),0,0,0,0
4894,80,0.015,4,MFT (w=5),0,0,0,0
4895,80,0.015,4,Nucleotide,0,0,0,0
4896,80,0.015,5,MFT (w=11),0,0,0,0
4897,80,0.015,5,MFT (w=8),0,0,0,0
4898,80,0.015,5,MFT (w=5),0,0,0,0
4899,80,0.015,5,Nucleotide,0,0,0,0
4900,80,0.015,6,MFT (w=11),0,0,0,0
4901,80,0.015,6,MFT (w=8),0,0,0,0
4902,80,0.015,6,MFT (w=5),0,0,0,0
4903,80,0.015,6,Nucleotide,0,0,0,0
4904,80,0.015,7,MFT (w=11),0,0,0,0
4905,80,0.015,7,MFT (w=8),0,0,0,0
4906,80,0.015,7,MFT (w=5),0,0,0,0
4907,80,0.015,7,Nucleotide,0,0,0,0
4908,80,0.015,8,MFT (w=11),0,0,0,0
4909,80,0.015,8,MFT (w=8),0,0,0,0
4910,80,0.015,8,MFT (w=5),0,0,0,0
4911,80,0.015,8,Nucleotide,0,0,0,0
4912,80,0.015,9,MFT (w=11),0,0,0,0
4913,80,0.015,9,MFT (w=8),0,0,0,0
4914,80,0.015,9,MFT (w=5),0,0,0,0
4915,80,0.015,9,Nucleotide,0,0,0,0
4916,80,0.015,10,MFT (w=11),0,0,0,0
4917,80,0.015,10,MFT (w=8),0,0,0,0
4918,80,0.015,10,MFT (w=5),0,0,0,0
4919,80,0.015,10,Nucleotide,0,0,0,0
4920,80,0.02,1,MFT (w=11),0,0,0,0
4921,80,0.02,1,MFT (w=8),0,0,0,0
4922,80,0.02,1,MFT (w=5),0,0,0,0
4923,80,0.02,1,Nucleotide,0,0,0,0
4924,80,0.02,2,MFT (w=11),0,0,0,0
4925,80,0.02,2,MFT (w=8),0,0,0,0
4926,80,0.02,2,MFT (w=5),0,0,0,0
4927,80,0.02,2,Nucleotide,0,0,0,0
4928,80,0.02,3,MFT (w=11),0,0,0,0
4929,80,0.02,3,MFT (w=8),0,0,0,0
4930,80,0.02,3,MFT (w=5),0,0,0,0
4931,80,0.02,3,Nucleotide,0,0,0,0
4932,80,0.02,4,MFT (w=11),0,0,0,0
4933,80,0.02,4,MFT (w=8),0,0,0,0
4934,80,0.02,4,MFT (w=5),0,0,0,0
4935,80,0.02,4,Nucleotide,0,0,0,0
4936,80,0.02,5,MFT (w=11),0,0,0,0
4937,80,0.02,5,MFT (w=8),0,0,0,0
4938,80,0.02,5,MFT (w=5),0,0,0,0
4939,80,0.02,5,Nucleotide,0,0,0,0
4940,80,0.02,6,MFT (w=11),0,0,0,0
4941,80,0.02,6,MFT (w=8),0,0,0,0
4942,80,0.02,6,MFT (w=5),0,0,0,0
4943,80,0.02,6,Nucleotide,0,0,0,0
4944,80,0.02,7,MFT (w=11),0,0,0,0
4945,80,0.02,7,MFT (w=8),0,0,0,0
4946,80,0.02,7,MFT (w=5),0,0,0,0
4947,80,0.02,7,Nucleotide,0,0,0,0
4948,80,0.02,8,MFT (w=11),0,0,0,0
4949,80,0.02,8,MFT (w=8),0,0,0,0
4950,80,0.02,8,MFT (w=5),0,0,0,0
4951,80,0.02,8,Nucleotide,0,0,0,0
4952,80,0.02,9,MFT (w=11),0,0,0,0
4953,80,0.02,9,MFT (w=8),0,0,0,0
4954,80,0.02,9,MFT (w=5),0,0,0,0
4955,80,0.02,9,Nucleotide,0,0,0,0
4956,80,0.02,10,MFT (w=11),0,0,0,0
4957,80,0.02,10,MFT (w=8),0,0,0,0
4958,80,0.02,10,MFT (w=5),0,0,0,0
4959,80,0.02,10,Nucleotide,0,0,0,0
4960,80,0.025,1,MFT (w=11),0,0,0,0
4961,80,0.025,1,MFT (w=8),0,0,0,0
4962,80,0.025,1,MFT (w=5),0,0,0,0
4963,80,0.025,1,Nucleotide,0,0,0,0
4964,80,0.025,2,MFT (w=11),0,0,0,0
4965,80,0.025,2,MFT (w=8),0,0,0,0
4966,80,0.025,2,MFT (w=5),0,0,0,0
4967,80,0.025,2,Nucleotide,0,0,0,0
4968,80,0.025,3,MFT (w=11),0,0,0,0
4969,80,0.025,3,MFT (w=8),0,0,0,0
4970,80,0.025,3,MFT (w=5),0,0,0,0
4971,80,0.025,3,Nucleotide,0,0,0,0
4972,80,0.025,4,MFT (w=11),0,0,0,0
4973,80,0.025,4,MFT (w=8),0,0,0,0
4974,80,0.025,4,MFT (w=5),0,0,0,0
4975,80,0.025,4,Nucleotide,0,0,0,0
4976,80,0.025,5,MFT (w=11),0,0,0,0
4977,80,0.025,5,MFT (w=8),0,0,0,0
4978,80,0.025,5,MFT (w=5),0,0,0,0
4979,80,0.025,5,Nucleotide,0,0,0,0
4980,80,0.025,6,MFT (w=11),0,0,0,0
4981,80,0.025,6,MFT (w=8),0,0,0,0
4982,80,0.025,6,MFT (w=5),0,0,0,0
4983,80,0.025,6,Nucleotide,0,0,0,0
4984,80,0.025,7,MFT (w=11),0,0,0,0
4985,80,0.025,7,MFT (w=8),0,0,0,0
4986,80,0.025,7,MFT (w=5),0,0,0,0
4987,80,0.025,7,Nucleotide,0,0,0,0
4988,80,0.025,8,MFT (w=11),0,0,0,0
4989,80,0.025,8,MFT (w=8),0,0,0,0
4990,80,0.025,8,MFT (w=5),0,0,0,0
4991,80,0.025,8,Nucleotide,0,0,0,0
4992,80,0.025,9,MFT (w=11),0,0,0,0
4993,80,0.025,9,MFT (w=8),0,0,0,0
4994,80,0.025,9,MFT (w=5),0,0,0,0
4995,80,0.025,9,Nucleotide,0,0,0,0
4996,80,0.025,10,MFT (w=11),0,0,0,0
4997,80,0.025,10,MFT (w=8),0,0,0,0
4998,80,0.025,10,MFT (w=5),0,0,0,0
4999,80,0.025,10,Nucleotide,0,0,0,0
5000,80,0.03,1,MFT (w=11),0,0,0,0
5001,80,0.03,1,MFT (w=8),0,0,0,0
5002,80,0.03,1,MFT (w=5),0,0,0,0
5003,80,0.03,1,Nucleotide,0,0,0,0
5004,80,0.03,2,MFT (w=11),0,0,0,0
5005,80,0.03,2,MFT (w=8),0,0,0,0
5006,80,0.03,2,MFT (w=5),0,0,0,0
5007,80,0.03,2,Nucleotide,0,0,0,0
5008,80,0.03,3,MFT (w=11),0,0,0,0
5009,80,0.03,3,MFT (w=8),0,0,0,0
5010,80,0.03,3,MFT (w=5),0,0,0,0
5011,80,0.03,3,Nucleotide,0,0,0,0
5012,80,0.03,4,MFT (w=11),0,0,0,0
5013,80,0.03,4,MFT (w=8),0,0,0,0
5014,80,0.03,4,MFT (w=5),0,0,0,0
5015,80,0.03,4,Nucleotide,0,0,0,0
5016,80,0.03,5,MFT (w=11),0,0,0,0
5017,80,0.03,5,MFT (w=8),0,0,0,0
5018,80,0.03,5,MFT (w=5),0,0,0,0
5019,80,0.03,5,Nucleotide,0,0,0,0
5020,80,0.03,6,MFT (w=11),0,0,0,0
5021,80,0.03,6,MFT (w=8),0,0,0,0
5022,80,0.03,6,MFT (w=5),0,0,0,0
5023,80,0.03,6,Nucleotide,0,0,0,0
5024,80,0.03,7,MFT (w=11),0,0,0,0
5025,80,0.03,7,MFT (w=8),0,0,0,0
5026,80,0.03,7,MFT (w=5),0,0,0,0
5027,80,0.03,7,Nucleotide,0,0,0,0
5028,80,0.03,8,MFT (w=11),0,0,0,0
5029,80,0.03,8,MFT (w=8),0,0,0,0
5030,80,0.03,8,MFT (w=5),0,0,0,0
5031,80,0.03,8,Nucleotide,0,0,0,0
5032,80,0.03,9,MFT (w=11),0,0,0,0
5033,80,0.03,9,MFT (w=8),0,0,0,0
5034,80,0.03,9,MFT (w=5),0,0,0,0
5035,80,0.03,9,Nucleotide,0,0,0,0
5036,80,0.03,10,MFT (w=11),0,0,0,0
5037,80,0.03,10,MFT (w=8),0,0,0,0
5038,80,0.03,10,MFT (w=5),0,0,0,0
5039,80,0.03,10,Nucleotide,0,0,0,0
5040,80,0.035,1,MFT (w=11),0,0,0,0
5041,80,0.035,1,MFT (w=8),0,0,0,0
5042,80,0.035,1,MFT (w=5),0,0,0,0
5043,80,0.035,1,Nucleotide,0,0,0,0
5044,80,0.035,2,MFT (w=11),0,0,0,0
5045,80,0.035,2,MFT (w=8),0,0,0,0
5046,80,0.035,2,MFT (w=5),0,0,0,0
5047,80,0.035,2,Nucleotide,0,0,0,0
5048,80,0.035,3,MFT (w=11),0,0,0,0
5049,80,0.035,3,MFT (w=8),0,0,0,0
5050,80,0.035,3,MFT (w=5),0,0,0,0
5051,80,0.035,3,Nucleotide,0,0,0,0
5052,80,0.035,4,MFT (w=11),0,0,0,0
5053,80,0.035,4,MFT (w=8),0,0,0,0
5054,80,0.035,4,MFT (w=5),0,0,0,0
5055,80,0.035,4,Nucleotide,0,0,0,0
5056,80,0.035,5,MFT (w=11),0,0,0,0
5057,80,0.035,5,MFT (w=8),0,0,0,0
5058,80,0.035,5,MFT (w=5),0,0,0,0
5059,80,0.035,5,Nucleotide,0,0,0,0
5060,80,0.035,6,MFT (w=11),0,0,0,0
5061,80,0.035,6,MFT (w=8),0,0,0,0
5062,80,0.035,6,MFT (w=5),0,0,0,0
5063,80,0.035,6,Nucleotide,0,0,0,0
5064,80,0.035,7,MFT (w=11),0,0,0,0
5065,80,0.035,7,MFT (w=8),0,0,0,0
5066,80,0.035,7,MFT (w=5),0,0,0,0
5067,80,0.035,7,Nucleotide,0,0,0,0
5068,80,0.035,8,MFT (w=11),0,0,0,0
5069,80,0.035,8,MFT (w=8),0,0,0,0
5070,80,0.035,8,MFT (w=5),0,0,0,0
5071,80,0.035,8,Nucleotide,0,0,0,0
5072,80,0.035,9,MFT (w=11),0,0,0,0
5073,80,0.035,9,MFT (w=8),0,0,0,0
5074,80,0.035,9,MFT (w=5),0,0,0,0
5075,80,0.035,9,Nucleotide,0,0,0,0
5076,80,0.035,10,MFT (w=11),0,0,0,0
5077,80,0.035,10,MFT (w=8),0,0,0,0
5078,80,0.035,10,MFT (w=5),0,0,0,0
5079,80,0.035,10,Nucleotide,0,0,0,0
5080,80,0.04,1,MFT (w=11),0,0,0,0
5081,80,0.04,1,MFT (w=8),0,0,0,0
5082,80,0.04,1,MFT (w=5),0,0,0,0
5083,80,0.04,1,Nucleotide,0,0,0,0
5084,80,0.04,2,MFT (w=11),0,0,0,0
5085,80,0.04,2,MFT (w=8),0,0,0,0
5086,80,0.04,2,MFT (w=5),0,0,0,0
5087,80,0.04,2,Nucleotide,0,0,0,0
5088,80,0.04,3,MFT (w=11),0,0,0,0
5089,80,0.04,3,MFT (w=8),0,0,0,0
5090,80,0.04,3,MFT (w=5),0,0,0,0
5091,80,0.04,3,Nucleotide,0,0,0,0
5092,80,0.04,4,MFT (w=11),0,0,0,0
5093,80,0.04,4,MFT (w=8),0,0,0,0
5094,80,0.04,4,MFT (w=5),0,0,0,0
5095,80,0.04,4,Nucleotide,0,0,0,0
5096,80,0.04,5,MFT (w=11),0,0,0,0
5097,80,0.04,5,MFT (w=8),0,0,0,0
5098,80,0.04,5,MFT (w=5),0,0,0,0
5099,80,0.04,5,Nucleotide,0,0,0,0
5100,80,0.04,6,MFT (w=11),0,0,0,0
5101,80,0.04,6,MFT (w=8),0,0,0,0
5102,80,0.04,6,MFT (w=5),0,0,0,0
5103,80,0.04,6,Nucleotide,0,0,0,0
5104,80,0.04,7,MFT (w=11),0,0,0,0
5105,80,0.04,7,MFT (w=8),0,0,0,0
5106,80,0.04,7,MFT (w=5),0,0,0,0
5107,80,0.04,7,Nucleotide,0,0,0,0
5108,80,0.04,8,MFT (w=11),0,0,0,0
5109,80,0.04,8,MFT (w=8),0,0,0,0
5110,80,0.04,8,MFT (w=5),0,0,0,0
5111,80,0.04,8,Nucleotide,0,0,0,0
5112,80,0.04,9,MFT (w=11),0,0,0,0
5113,80,0.04,9,MFT (w=8),0,0,0,0
5114,80,0.04,9,MFT (w=5),0,0,0,0
5115,80,0.04,9,Nucleotide,0,0,0,0
5116,80,0.04,10,MFT (w=11),0,0,0,0
5117,80,0.04,10,MFT (w=8),0,0,0,0
5118,80,0.04,10,MFT (w=5),0,0,0,0
5119,80,0.04,10,Nucleotide,0,0,0,0
5120,80,0.045,1,MFT (w=11),0,0,0,0
5121,80,0.045,1,MFT (w=8),0,0,0,0
5122,80,0.045,1,MFT (w=5),0,0,0,0
5123,80,0.045,1,Nucleotide,0,0,0,0
5124,80,0.045,2,MFT (w=11),0,0,0,0
5125,80,0.045,2,MFT (w=8),0,0,0,0
5126,80,0.045,2,MFT (w=5),0,0,0,0
5127,80,0.045,2,Nucleotide,0,0,0,0
5128,80,0.045,3,MFT (w=11),0,0,0,0
5129,80,0.045,3,MFT (w=8),0,0,0,0
5130,80,0.045,3,MFT (w=5),0,0,0,0
5131,80,0.045,3,Nucleotide,0,0,0,0
5132,80,0.045,4,MFT (w=11),0,0,0,0
5133,80,0.045,4,MFT (w=8),0,0,0,0
5134,80,0.045,4,MFT (w=5),0,0,0,0
5135,80,0.045,4,Nucleotide,0,0,0,0
5136,80,0.045,5,MFT (w=11),0,0,0,0
5137,80,0.045,5,MFT (w=8),0,0,0,0
5138,80,0.045,5,MFT (w=5),0,0,0,0
5139,80,0.045,5,Nucleotide,0,0,0,0
5140,80,0.045,6,MFT (w=11),0,0,0,0
5141,80,0.045,6,MFT (w=8),0,0,0,0
5142,80,0.045,6,MFT (w=5),0,0,0,0
5143,80,0.045,6,Nucleotide,0,0,0,0
5144,80,0.045,7,MFT (w=11),0,0,0,0
5145,80,0.045,7,MFT (w=8),0,0,0,0
5146,80,0.045,7,MFT (w=5),0,0,0,0
5147,80,0.045,7,Nucleotide,0,0,0,0
5148,80,0.045,8,MFT (w=11),0,0,0,0
5149,80,0.045,8,MFT (w=8),0,0,0,0
5150,80,0.045,8,MFT (w=5),0,0,0,0
5151,80,0.045,8,Nucleotide,0,0,0,0
5152,80,0.045,9,MFT (w=11),0,0,0,0
5153,80,0.045,9,MFT (w=8),0,0,0,0
5154,80,0.045,9,MFT (w=5),0,0,0,0
5155,80,0.045,9,Nucleotide,0,0,0,0
5156,80,0.045,10,MFT (w=11),0,0,0,0
5157,80,0.045,10,MFT (w=8),0,0,0,0
5158,80,0.045,10,MFT (w=5),0,0,0,0
5159,80,0.045,10,Nucleotide,0,0,0,0
5160,80,0.05,1,MFT (w=11),0,0,0,0
5161,80,0.05,1,MFT (w=8),0,0,0,0
5162,80,0.05,1,MFT (w=5),0,0,0,0
5163,80,0.05,1,Nucleotide,0,0,0,0
5164,80,0.05,2,MFT (w=11),0,0,0,0
5165,80,0.05,2,MFT (w=8),0,0,0,0
5166,80,0.05,2,MFT (w=5),0,0,0,0
5167,80,0.05,2,Nucleotide,0,0,0,0
5168,80,0.05,3,MFT (w=11),0,0,0,0
5169,80,0.05,3,MFT (w=8),0,0,0,0
5170,80,0.05,3,MFT (w=5),0,0,0,0
5171,80,0.05,3,Nucleotide,0,0,0,0
5172,80,0.05,4,MFT (w=11),0,0,0,0
5173,80,0.05,4,MFT (w=8),0,0,0,0
5174,80,0.05,4,MFT (w=5),0,0,0,0
5175,80,0.05,4,Nucleotide,0,0,0,0
5176,80,0.05,5,MFT (w=11),0,0,0,0
5177,80,0.05,5,MFT (w=8),0,0,0,0
5178,80,0.05,5,MFT (w=5),0,0,0,0
5179,80,0.05,5,Nucleotide,0,0,0,0
5180,80,0.05,6,MFT (w=11),0,0,0,0
5181,80,0.05,6,MFT (w=8),0,0,0,0
5182,80,0.05,6,MFT (w=5),0,0,0,0
5183,80,0.05,6,Nucleotide,0,0,0,0
5184,80,0.05,7,MFT (w=11),0,0,0,0
5185,80,0.05,7,MFT (w=8),0,0,0,0
5186,80,0.05,7,MFT (w=5),0,0,0,0
5187,80,0.05,7,Nucleotide,0,0,0,0
5188,80,0.05,8,MFT (w=11),0,0,0,0
5189,80,0.05,8,MFT (w=8),0,0,0,0
5190,80,0.05,8,MFT (w=5),0,0,0,0
5191,80,0.05,8,Nucleotide,0,0,0,0
5192,80,0.05,9,MFT (w=11),0,0,0,0
5193,80,0.05,9,MFT (w=8),0,0,0,0
5194,80,0.05,9,MFT (w=5),0,0,0,0
5195,80,0.05,9,Nucleotide,0,0,0,0
5196,80,0.05,10,MFT (w=11),0,0,0,0
5197,80,0.05,10,MFT (w=8),0,0,0,0
5198,80,0.05,10,MFT (w=5),0,0,0,0
5199,80,0.05,10,Nucleotide,0,0,0,0
5200,90,0.0025,1,MFT (w=11),46,33,1414,33
5201,90,0.0025,1,MFT (w=8),30,57,1732,57
5202,90,0.0025,1,MFT (w=5),25,53,1383,53
5203,90,0.0025,1,Nucleotide,25,29,740,29
5204,90,0.0025,2,MFT (w=11),53,23,1073,23
5205,90,0.0025,2,MFT (w=8),29,48,1415,48
5206,90,0.0025,2,MFT (w=5),23,40,958,40
5207,90,0.0025,2,Nucleotide,23,19,455,19
5208,90,0.0025,3,MFT (w=11),47,32,1480,32
5209,90,0.0025,3,MFT (w=8),35,50,1690,50
5210,90,0.0025,3,MFT (w=5),26,30,798,30
5211,90,0.0025,3,Nucleotide,25,17,430,17
5212,90,0.0025,4,MFT (w=11),44,29,1176,29
5213,90,0.0025,4,MFT (w=8),30,47,1450,47
5214,90,0.0025,4,MFT (w=5),25,43,1107,43
5215,90,0.0025,4,Nucleotide,24,23,555,23
5216,90,0.0025,5,MFT (w=11),54,26,1307,26
5217,90,0.0025,5,MFT (w=8),36,50,1689,50
5218,90,0.0025,5,MFT (w=5),26,44,1165,44
5219,90,0.0025,5,Nucleotide,25,31,771,31
5220,90,0.0025,6,MFT (w=11),49,35,1622,35
5221,90,0.0025,6,MFT (w=8),33,48,1525,48
5222,90,0.0025,6,MFT (w=5),24,47,1167,47
5223,90,0.0025,6,Nucleotide,24,28,682,28
5224,90,0.0025,7,MFT (w=11),61,27,1516,27
5225,90,0.0025,7,MFT (w=8),32,44,1392,44
5226,90,0.0025,7,MFT (w=5),23,35,819,35
5227,90,0.0025,7,Nucleotide,23,21,499,21
5228,90,0.0025,8,MFT (w=11),52,28,1235,28
5229,90,0.0025,8,MFT (w=8),32,38,1223,38
5230,90,0.0025,8,MFT (w=5),24,26,629,26
5231,90,0.0025,8,Nucleotide,23,19,442,19
5232,90,0.0025,9,MFT (w=11),48,33,1457,33
5233,90,0.0025,9,MFT (w=8),32,45,1424,45
5234,90,0.0025,9,MFT (w=5),29,36,972,36
5235,90,0.0025,9,Nucleotide,23,19,459,19
5236,90,0.0025,10,MFT (w=11),46,33,1414,33
5237,90,0.0025,10,MFT (w=8),30,57,1732,57
5238,90,0.0025,10,MFT (w=5),25,53,1383,53
5239,90,0.0025,10,Nucleotide,25,29,740,29
5240,90,0.005,1,MFT (w=11),53,1,53,1
5241,90,0.005,1,MFT (w=8),33,5,151,5
5242,90,0.005,1,MFT (w=5),20,3,61,3
5243,90,0.005,1,Nucleotide,0,0,0,0
5244,90,0.005,2,MFT (w=11),52,1,52,1
5245,90,0.005,2,MFT (w=8),32,4,115,4
5246,90,0.005,2,MFT (w=5),26,2,51,2
5247,90,0.005,2,Nucleotide,23,1,23,1
5248,90,0.005,3,MFT (w=11),44,1,44,1
5249,90,0.005,3,MFT (w=8),28,6,158,6
5250,90,0.005,3,MFT (w=5),23,2,43,2
5251,90,0.005,3,Nucleotide,0,0,0,0
5252,90,0.005,4,MFT (w=11),0,0,0,0
5253,90,0.005,4,MFT (w=8),25,4,110,4
5254,90,0.005,4,MFT (w=5),20,1,20,1
5255,90,0.005,4,Nucleotide,20,1,20,1
5256,90,0.005,5,MFT (w=11),55,2,91,2
5257,90,0.005,5,MFT (w=8),24,1,24,1
5258,90,0.005,5,MFT (w=5),0,0,0,0
5259,90,0.005,5,Nucleotide,0,0,0,0
5260,90,0.005,6,MFT (w=11),51,3,134,3
5261,90,0.005,6,MFT (w=8),27,5,140,5
5262,90,0.005,6,MFT (w=5),21,4,83,4
5263,90,0.005,6,Nucleotide,22,2,43,2
5264,90,0.005,7,MFT (w=11),48,3,139,3
5265,90,0.005,7,MFT (w=8),28,3,84,3
5266,90,0.005,7,MFT (w=5),20,1,20,1
5267,90,0.005,7,Nucleotide,0,0,0,0
5268,90,0.005,8,MFT (w=11),30,2,55,2
5269,90,0.005,8,MFT (w=8),31,3,85,3
5270,90,0.005,8,MFT (w=5),22,1,22,1
5271,90,0.005,8,Nucleotide,20,1,20,1
5272,90,0.005,9,MFT (w=11),61,1,61,1
5273,90,0.005,9,MFT (w=8),30,3,88,3
5274,90,0.005,9,MFT (w=5),0,0,0,0
5275,90,0.005,9,Nucleotide,0,0,0,0
5276,90,0.005,10,MFT (w=11),53,1,53,1
5277,90,0.005,10,MFT (w=8),33,5,151,5
5278,90,0.005,10,MFT (w=5),20,3,61,3
5279,90,0.005,10,Nucleotide,0,0,0,0
5280,90,0.0075,1,MFT (w=11),0,0,0,0
5281,90,0.0075,1,MFT (w=8),0,0,0,0
5282,90,0.0075,1,MFT (w=5),0,0,0,0
5283,90,0.0075,1,Nucleotide,0,0,0,0
5284,90,0.0075,2,MFT (w=11),0,0,0,0
5285,90,0.0075,2,MFT (w=8),0,0,0,0
5286,90,0.0075,2,MFT (w=5),0,0,0,0
5287,90,0.0075,2,Nucleotide,0,0,0,0
5288,90,0.0075,3,MFT (w=11),0,0,0,0
5289,90,0.0075,3,MFT (w=8),0,0,0,0
5290,90,0.0075,3,MFT (w=5),0,0,0,0
5291,90,0.0075,3,Nucleotide,0,0,0,0
5292,90,0.0075,4,MFT (w=11),0,0,0,0
5293,90,0.0075,4,MFT (w=8),0,0,0,0
5294,90,0.0075,4,MFT (w=5),21,1,21,1
5295,90,0.0075,4,Nucleotide,0,0,0,0
5296,90,0.0075,5,MFT (w=11),0,0,0,0
5297,90,0.0075,5,MFT (w=8),0,0,0,0
5298,90,0.0075,5,MFT (w=5),0,0,0,0
5299,90,0.0075,5,Nucleotide,0,0,0,0
5300,90,0.0075,6,MFT (w=11),0,0,0,0
5301,90,0.0075,6,MFT (w=8),0,0,0,0
5302,90,0.0075,6,MFT (w=5),0,0,0,0
5303,90,0.0075,6,Nucleotide,0,0,0,0
5304,90,0.0075,7,MFT (w=11),0,0,0,0
5305,90,0.0075,7,MFT (w=8),26,1,26,1
5306,90,0.0075,7,MFT (w=5),0,0,0,0
5307,90,0.0075,7,Nucleotide,0,0,0,0
5308,90,0.0075,8,MFT (w=11),0,0,0,0
5309,90,0.0075,8,MFT (w=8),26,1,26,1
5310,90,0.0075,8,MFT (w=5),21,1,21,1
5311,90,0.0075,8,Nucleotide,0,0,0,0
5312,90,0.0075,9,MFT (w=11),0,0,0,0
5313,90,0.0075,9,MFT (w=8),35,1,35,1
5314,90,0.0075,9,MFT (w=5),0,0,0,0
5315,90,0.0075,9,Nucleotide,0,0,0,0
5316,90,0.0075,10,MFT (w=11),0,0,0,0
5317,90,0.0075,10,MFT (w=8),0,0,0,0
5318,90,0.0075,10,MFT (w=5),0,0,0,0
5319,90,0.0075,10,Nucleotide,0,0,0,0
5320,90,0.01,1,MFT (w=11),0,0,0,0
5321,90,0.01,1,MFT (w=8),0,0,0,0
5322,90,0.01,1,MFT (w=5),0,0,0,0
5323,90,0.01,1,Nucleotide,0,0,0,0
5324,90,0.01,2,MFT (w=11),0,0,0,0
5325,90,0.01,2,MFT (w=8),0,0,0,0
5326,90,0.01,2,MFT (w=5),0,0,0,0
5327,90,0.01,2,Nucleotide,0,0,0,0
5328,90,0.01,3,MFT (w=11),0,0,0,0
5329,90,0.01,3,MFT (w=8),0,0,0,0
5330,90,0.01,3,MFT (w=5),0,0,0,0
5331,90,0.01,3,Nucleotide,0,0,0,0
5332,90,0.01,4,MFT (w=11),0,0,0,0
5333,90,0.01,4,MFT (w=8),0,0,0,0
5334,90,0.01,4,MFT (w=5),0,0,0,0
5335,90,0.01,4,Nucleotide,0,0,0,0
5336,90,0.01,5,MFT (w=11),0,0,0,0
5337,90,0.01,5,MFT (w=8),0,0,0,0
5338,90,0.01,5,MFT (w=5),0,0,0,0
5339,90,0.01,5,Nucleotide,0,0,0,0
5340,90,0.01,6,MFT (w=11),0,0,0,0
5341,90,0.01,6,MFT (w=8),0,0,0,0
5342,90,0.01,6,MFT (w=5),0,0,0,0
5343,90,0.01,6,Nucleotide,0,0,0,0
5344,90,0.01,7,MFT (w=11),0,0,0,0
5345,90,0.01,7,MFT (w=8),0,0,0,0
5346,90,0.01,7,MFT (w=5),0,0,0,0
5347,90,0.01,7,Nucleotide,0,0,0,0
5348,90,0.01,8,MFT (w=11),0,0,0,0
5349,90,0.01,8,MFT (w=8),0,0,0,0
5350,90,0.01,8,MFT (w=5),0,0,0,0
5351,90,0.01,8,Nucleotide,0,0,0,0
5352,90,0.01,9,MFT (w=11),0,0,0,0
5353,90,0.01,9,MFT (w=8),0,0,0,0
5354,90,0.01,9,MFT (w=5),0,0,0,0
5355,90,0.01,9,Nucleotide,0,0,0,0
5356,90,0.01,10,MFT (w=11),0,0,0,0
5357,90,0.01,10,MFT (w=8),0,0,0,0
5358,90,0.01,10,MFT (w=5),0,0,0,0
5359,90,0.01,10,Nucleotide,0,0,0,0
5360,90,0.0125,1,MFT (w=11),0,0,0,0
5361,90,0.0125,1,MFT (w=8),0,0,0,0
5362,90,0.0125,1,MFT (w=5),0,0,0,0
5363,90,0.0125,1,Nucleotide,0,0,0,0
5364,90,0.0125,2,MFT (w=11),0,0,0,0
5365,90,0.0125,2,MFT (w=8),0,0,0,0
5366,90,0.0125,2,MFT (w=5),0,0,0,0
5367,90,0.0125,2,Nucleotide,0,0,0,0
5368,90,0.0125,3,MFT (w=11),0,0,0,0
5369,90,0.0125,3,MFT (w=8),0,0,0,0
5370,90,0.0125,3,MFT (w=5),0,0,0,0
5371,90,0.0125,3,Nucleotide,0,0,0,0
5372,90,0.0125,4,MFT (w=11),0,0,0,0
5373,90,0.0125,4,MFT (w=8),0,0,0,0
5374,90,0.0125,4,MFT (w=5),0,0,0,0
5375,90,0.0125,4,Nucleotide,0,0,0,0
5376,90,0.0125,5,MFT (w=11),0,0,0,0
5377,90,0.0125,5,MFT (w=8),0,0,0,0
5378,90,0.0125,5,MFT (w=5),0,0,0,0
5379,90,0.0125,5,Nucleotide,0,0,0,0
5380,90,0.0125,6,MFT (w=11),0,0,0,0
5381,90,0.0125,6,MFT (w=8),0,0,0,0
5382,90,0.0125,6,MFT (w=5),0,0,0,0
5383,90,0.0125,6,Nucleotide,0,0,0,0
5384,90,0.0125,7,MFT (w=11),0,0,0,0
5385,90,0.0125,7,MFT (w=8),0,0,0,0
5386,90,0.0125,7,MFT (w=5),0,0,0,0
5387,90,0.0125,7,Nucleotide,0,0,0,0
5388,90,0.0125,8,MFT (w=11),0,0,0,0
5389,90,0.0125,8,MFT (w=8),0,0,0,0
5390,90,0.0125,8,MFT (w=5),0,0,0,0
5391,90,0.0125,8,Nucleotide,0,0,0,0
5392,90,0.0125,9,MFT (w=11),0,0,0,0
5393,90,0.0125,9,MFT (w=8),0,0,0,0
5394,90,0.0125,9,MFT (w=5),0,0,0,0
5395,90,0.0125,9,Nucleotide,0,0,0,0
5396,90,0.0125,10,MFT (w=11),0,0,0,0
5397,90,0.0125,10,MFT (w=8),0,0,0,0
5398,90,0.0125,10,MFT (w=5),0,0,0,0
5399,90,0.0125,10,Nucleotide,0,0,0,0
5400,90,0.015,1,MFT (w=11),0,0,0,0
5401,90,0.015,1,MFT (w=8),0,0,0,0
5402,90,0.015,1,MFT (w=5),0,0,0,0
5403,90,0.015,1,Nucleotide,0,0,0,0
5404,90,0.015,2,MFT (w=11),0,0,0,0
5405,90,0.015,2,MFT (w=8),0,0,0,0
5406,90,0.015,2,MFT (w=5),0,0,0,0
5407,90,0.015,2,Nucleotide,0,0,0,0
5408,90,0.015,3,MFT (w=11),0,0,0,0
5409,90,0.015,3,MFT (w=8),0,0,0,0
5410,90,0.015,3,MFT (w=5),0,0,0,0
5411,90,0.015,3,Nucleotide,0,0,0,0
5412,90,0.015,4,MFT (w=11),0,0,0,0
5413,90,0.015,4,MFT (w=8),0,0,0,0
5414,90,0.015,4,MFT (w=5),0,0,0,0
5415,90,0.015,4,Nucleotide,0,0,0,0
5416,90,0.015,5,MFT (w=11),0,0,0,0
5417,90,0.015,5,MFT (w=8),0,0,0,0
5418,90,0.015,5,MFT (w=5),0,0,0,0
5419,90,0.015,5,Nucleotide,0,0,0,0
5420,90,0.015,6,MFT (w=11),0,0,0,0
5421,90,0.015,6,MFT (w=8),0,0,0,0
5422,90,0.015,6,MFT (w=5),0,0,0,0
5423,90,0.015,6,Nucleotide,0,0,0,0
5424,90,0.015,7,MFT (w=11),0,0,0,0
5425,90,0.015,7,MFT (w=8),0,0,0,0
5426,90,0.015,7,MFT (w=5),0,0,0,0
5427,90,0.015,7,Nucleotide,0,0,0,0
5428,90,0.015,8,MFT (w=11),0,0,0,0
5429,90,0.015,8,MFT (w=8),0,0,0,0
5430,90,0.015,8,MFT (w=5),0,0,0,0
5431,90,0.015,8,Nucleotide,0,0,0,0
5432,90,0.015,9,MFT (w=11),0,0,0,0
5433,90,0.015,9,MFT (w=8),0,0,0,0
5434,90,0.015,9,MFT (w=5),0,0,0,0
5435,90,0.015,9,Nucleotide,0,0,0,0
5436,90,0.015,10,MFT (w=11),0,0,0,0
5437,90,0.015,10,MFT (w=8),0,0,0,0
5438,90,0.015,10,MFT (w=5),0,0,0,0
5439,90,0.015,10,Nucleotide,0,0,0,0
5440,90,0.02,1,MFT (w=11),0,0,0,0
5441,90,0.02,1,MFT (w=8),0,0,0,0
5442,90,0.02,1,MFT (w=5),0,0,0,0
5443,90,0.02,1,Nucleotide,0,0,0,0
5444,90,0.02,2,MFT (w=11),0,0,0,0
5445,90,0.02,2,MFT (w=8),0,0,0,0
5446,90,0.02,2,MFT (w=5),0,0,0,0
5447,90,0.02,2,Nucleotide,0,0,0,0
5448,90,0.02,3,MFT (w=11),0,0,0,0
5449,90,0.02,3,MFT (w=8),0,0,0,0
5450,90,0.02,3,MFT (w=5),0,0,0,0
5451,90,0.02,3,Nucleotide,0,0,0,0
5452,90,0.02,4,MFT (w=11),0,0,0,0
5453,90,0.02,4,MFT (w=8),0,0,0,0
5454,90,0.02,4,MFT (w=5),0,0,0,0
5455,90,0.02,4,Nucleotide,0,0,0,0
5456,90,0.02,5,MFT (w=11),0,0,0,0
5457,90,0.02,5,MFT (w=8),0,0,0,0
5458,90,0.02,5,MFT (w=5),0,0,0,0
5459,90,0.02,5,Nucleotide,0,0,0,0
5460,90,0.02,6,MFT (w=11),0,0,0,0
5461,90,0.02,6,MFT (w=8),0,0,0,0
5462,90,0.02,6,MFT (w=5),0,0,0,0
5463,90,0.02,6,Nucleotide,0,0,0,0
5464,90,0.02,7,MFT (w=11),0,0,0,0
5465,90,0.02,7,MFT (w=8),0,0,0,0
5466,90,0.02,7,MFT (w=5),0,0,0,0
5467,90,0.02,7,Nucleotide,0,0,0,0
5468,90,0.02,8,MFT (w=11),0,0,0,0
5469,90,0.02,8,MFT (w=8),0,0,0,0
5470,90,0.02,8,MFT (w=5),0,0,0,0
5471,90,0.02,8,Nucleotide,0,0,0,0
5472,90,0.02,9,MFT (w=11),0,0,0,0
5473,90,0.02,9,MFT (w=8),0,0,0,0
5474,90,0.02,9,MFT (w=5),0,0,0,0
5475,90,0.02,9,Nucleotide,0,0,0,0
5476,90,0.02,10,MFT (w=11),0,0,0,0
5477,90,0.02,10,MFT (w=8),0,0,0,0
5478,90,0.02,10,MFT (w=5),0,0,0,0
5479,90,0.02,10,Nucleotide,0,0,0,0
5480,90,0.025,1,MFT (w=11),0,0,0,0
5481,90,0.025,1,MFT (w=8),0,0,0,0
5482,90,0.025,1,MFT (w=5),0,0,0,0
5483,90,0.025,1,Nucleotide,0,0,0,0
5484,90,0.025,2,MFT (w=11),0,0,0,0
5485,90,0.025,2,MFT (w=8),0,0,0,0
5486,90,0.025,2,MFT (w=5),0,0,0,0
5487,90,0.025,2,Nucleotide,0,0,0,0
5488,90,0.025,3,MFT (w=11),0,0,0,0
5489,90,0.025,3,MFT (w=8),0,0,0,0
5490,90,0.025,3,MFT (w=5),0,0,0,0
5491,90,0.025,3,Nucleotide,0,0,0,0
5492,90,0.025,4,MFT (w=11),0,0,0,0
5493,90,0.025,4,MFT (w=8),0,0,0,0
5494,90,0.025,4,MFT (w=5),0,0,0,0
5495,90,0.025,4,Nucleotide,0,0,0,0
5496,90,0.025,5,MFT (w=11),0,0,0,0
5497,90,0.025,5,MFT (w=8),0,0,0,0
5498,90,0.025,5,MFT (w=5),0,0,0,0
5499,90,0.025,5,Nucleotide,0,0,0,0
5500,90,0.025,6,MFT (w=11),0,0,0,0
5501,90,0.025,6,MFT (w=8),0,0,0,0
5502,90,0.025,6,MFT (w=5),0,0,0,0
5503,90,0.025,6,Nucleotide,0,0,0,0
5504,90,0.025,7,MFT (w=11),0,0,0,0
5505,90,0.025,7,MFT (w=8),0,0,0,0
5506,90,0.025,7,MFT (w=5),0,0,0,0
5507,90,0.025,7,Nucleotide,0,0,0,0
5508,90,0.025,8,MFT (w=11),0,0,0,0
5509,90,0.025,8,MFT (w=8),0,0,0,0
5510,90,0.025,8,MFT (w=5),0,0,0,0
5511,90,0.025,8,Nucleotide,0,0,0,0
5512,90,0.025,9,MFT (w=11),0,0,0,0
5513,90,0.025,9,MFT (w=8),0,0,0,0
5514,90,0.025,9,MFT (w=5),0,0,0,0
5515,90,0.025,9,Nucleotide,0,0,0,0
5516,90,0.025,10,MFT (w=11),0,0,0,0
5517,90,0.025,10,MFT (w=8),0,0,0,0
5518,90,0.025,10,MFT (w=5),0,0,0,0
5519,90,0.025,10,Nucleotide,0,0,0,0
5520,90,0.03,1,MFT (w=11),0,0,0,0
5521,90,0.03,1,MFT (w=8),0,0,0,0
5522,90,0.03,1,MFT (w=5),0,0,0,0
5523,90,0.03,1,Nucleotide,0,0,0,0
5524,90,0.03,2,MFT (w=11),0,0,0,0
5525,90,0.03,2,MFT (w=8),0,0,0,0
5526,90,0.03,2,MFT (w=5),0,0,0,0
5527,90,0.03,2,Nucleotide,0,0,0,0
5528,90,0.03,3,MFT (w=11),0,0,0,0
5529,90,0.03,3,MFT (w=8),0,0,0,0
5530,90,0.03,3,MFT (w=5),0,0,0,0
5531,90,0.03,3,Nucleotide,0,0,0,0
5532,90,0.03,4,MFT (w=11),0,0,0,0
5533,90,0.03,4,MFT (w=8),0,0,0,0
5534,90,0.03,4,MFT (w=5),0,0,0,0
5535,90,0.03,4,Nucleotide,0,0,0,0
5536,90,0.03,5,MFT (w=11),0,0,0,0
5537,90,0.03,5,MFT (w=8),0,0,0,0
5538,90,0.03,5,MFT (w=5),0,0,0,0
5539,90,0.03,5,Nucleotide,0,0,0,0
5540,90,0.03,6,MFT (w=11),0,0,0,0
5541,90,0.03,6,MFT (w=8),0,0,0,0
5542,90,0.03,6,MFT (w=5),0,0,0,0
5543,90,0.03,6,Nucleotide,0,0,0,0
5544,90,0.03,7,MFT (w=11),0,0,0,0
5545,90,0.03,7,MFT (w=8),0,0,0,0
5546,90,0.03,7,MFT (w=5),0,0,0,0
5547,90,0.03,7,Nucleotide,0,0,0,0
5548,90,0.03,8,MFT (w=11),0,0,0,0
5549,90,0.03,8,MFT (w=8),0,0,0,0
5550,90,0.03,8,MFT (w=5),0,0,0,0
5551,90,0.03,8,Nucleotide,0,0,0,0
5552,90,0.03,9,MFT (w=11),0,0,0,0
5553,90,0.03,9,MFT (w=8),0,0,0,0
5554,90,0.03,9,MFT (w=5),0,0,0,0
5555,90,0.03,9,Nucleotide,0,0,0,0
5556,90,0.03,10,MFT (w=11),0,0,0,0
5557,90,0.03,10,MFT (w=8),0,0,0,0
5558,90,0.03,10,MFT (w=5),0,0,0,0
5559,90,0.03,10,Nucleotide,0,0,0,0
5560,90,0.035,1,MFT (w=11),0,0,0,0
5561,90,0.035,1,MFT (w=8),0,0,0,0
5562,90,0.035,1,MFT (w=5),0,0,0,0
5563,90,0.035,1,Nucleotide,0,0,0,0
5564,90,0.035,2,MFT (w=11),0,0,0,0
5565,90,0.035,2,MFT (w=8),0,0,0,0
5566,90,0.035,2,MFT (w=5),0,0,0,0
5567,90,0.035,2,Nucleotide,0,0,0,0
5568,90,0.035,3,MFT (w=11),0,0,0,0
5569,90,0.035,3,MFT (w=8),0,0,0,0
5570,90,0.035,3,MFT (w=5),0,0,0,0
5571,90,0.035,3,Nucleotide,0,0,0,0
5572,90,0.035,4,MFT (w=11),0,0,0,0
5573,90,0.035,4,MFT (w=8),0,0,0,0
5574,90,0.035,4,MFT (w=5),0,0,0,0
5575,90,0.035,4,Nucleotide,0,0,0,0
5576,90,0.035,5,MFT (w=11),0,0,0,0
5577,90,0.035,5,MFT (w=8),0,0,0,0
5578,90,0.035,5,MFT (w=5),0,0,0,0
5579,90,0.035,5,Nucleotide,0,0,0,0
5580,90,0.035,6,MFT (w=11),0,0,0,0
5581,90,0.035,6,MFT (w=8),0,0,0,0
5582,90,0.035,6,MFT (w=5),0,0,0,0
5583,90,0.035,6,Nucleotide,0,0,0,0
5584,90,0.035,7,MFT (w=11),0,0,0,0
5585,90,0.035,7,MFT (w=8),0,0,0,0
5586,90,0.035,7,MFT (w=5),0,0,0,0
5587,90,0.035,7,Nucleotide,0,0,0,0
5588,90,0.035,8,MFT (w=11),0,0,0,0
5589,90,0.035,8,MFT (w=8),0,0,0,0
5590,90,0.035,8,MFT (w=5),0,0,0,0
5591,90,0.035,8,Nucleotide,0,0,0,0
5592,90,0.035,9,MFT (w=11),0,0,0,0
5593,90,0.035,9,MFT (w=8),0,0,0,0
5594,90,0.035,9,MFT (w=5),0,0,0,0
5595,90,0.035,9,Nucleotide,0,0,0,0
5596,90,0.035,10,MFT (w=11),0,0,0,0
5597,90,0.035,10,MFT (w=8),0,0,0,0
5598,90,0.035,10,MFT (w=5),0,0,0,0
5599,90,0.035,10,Nucleotide,0,0,0,0
5600,90,0.04,1,MFT (w=11),0,0,0,0
5601,90,0.04,1,MFT (w=8),0,0,0,0
5602,90,0.04,1,MFT (w=5),0,0,0,0
5603,90,0.04,1,Nucleotide,0,0,0,0
5604,90,0.04,2,MFT (w=11),0,0,0,0
5605,90,0.04,2,MFT (w=8),0,0,0,0
5606,90,0.04,2,MFT (w=5),0,0,0,0
5607,90,0.04,2,Nucleotide,0,0,0,0
5608,90,0.04,3,MFT (w=11),0,0,0,0
5609,90,0.04,3,MFT (w=8),0,0,0,0
5610,90,0.04,3,MFT (w=5),0,0,0,0
5611,90,0.04,3,Nucleotide,0,0,0,0
5612,90,0.04,4,MFT (w=11),0,0,0,0
5613,90,0.04,4,MFT (w=8),0,0,0,0
5614,90,0.04,4,MFT (w=5),0,0,0,0
5615,90,0.04,4,Nucleotide,0,0,0,0
5616,90,0.04,5,MFT (w=11),0,0,0,0
5617,90,0.04,5,MFT (w=8),0,0,0,0
5618,90,0.04,5,MFT (w=5),0,0,0,0
5619,90,0.04,5,Nucleotide,0,0,0,0
5620,90,0.04,6,MFT (w=11),0,0,0,0
5621,90,0.04,6,MFT (w=8),0,0,0,0
5622,90,0.04,6,MFT (w=5),0,0,0,0
5623,90,0.04,6,Nucleotide,0,0,0,0
5624,90,0.04,7,MFT (w=11),0,0,0,0
5625,90,0.04,7,MFT (w=8),0,0,0,0
5626,90,0.04,7,MFT (w=5),0,0,0,0
5627,90,0.04,7,Nucleotide,0,0,0,0
5628,90,0.04,8,MFT (w=11),0,0,0,0
5629,90,0.04,8,MFT (w=8),0,0,0,0
5630,90,0.04,8,MFT (w=5),0,0,0,0
5631,90,0.04,8,Nucleotide,0,0,0,0
5632,90,0.04,9,MFT (w=11),0,0,0,0
5633,90,0.04,9,MFT (w=8),0,0,0,0
5634,90,0.04,9,MFT (w=5),0,0,0,0
5635,90,0.04,9,Nucleotide,0,0,0,0
5636,90,0.04,10,MFT (w=11),0,0,0,0
5637,90,0.04,10,MFT (w=8),0,0,0,0
5638,90,0.04,10,MFT (w=5),0,0,0,0
5639,90,0.04,10,Nucleotide,0,0,0,0
5640,90,0.045,1,MFT (w=11),0,0,0,0
5641,90,0.045,1,MFT (w=8),0,0,0,0
5642,90,0.045,1,MFT (w=5),0,0,0,0
5643,90,0.045,1,Nucleotide,0,0,0,0
5644,90,0.045,2,MFT (w=11),0,0,0,0
5645,90,0.045,2,MFT (w=8),0,0,0,0
5646,90,0.045,2,MFT (w=5),0,0,0,0
5647,90,0.045,2,Nucleotide,0,0,0,0
5648,90,0.045,3,MFT (w=11),0,0,0,0
5649,90,0.045,3,MFT (w=8),0,0,0,0
5650,90,0.045,3,MFT (w=5),0,0,0,0
5651,90,0.045,3,Nucleotide,0,0,0,0
5652,90,0.045,4,MFT (w=11),0,0,0,0
5653,90,0.045,4,MFT (w=8),0,0,0,0
5654,90,0.045,4,MFT (w=5),0,0,0,0
5655,90,0.045,4,Nucleotide,0,0,0,0
5656,90,0.045,5,MFT (w=11),0,0,0,0
5657,90,0.045,5,MFT (w=8),0,0,0,0
5658,90,0.045,5,MFT (w=5),0,0,0,0
5659,90,0.045,5,Nucleotide,0,0,0,0
5660,90,0.045,6,MFT (w=11),0,0,0,0
5661,90,0.045,6,MFT (w=8),0,0,0,0
5662,90,0.045,6,MFT (w=5),0,0,0,0
5663,90,0.045,6,Nucleotide,0,0,0,0
5664,90,0.045,7,MFT (w=11),0,0,0,0
5665,90,0.045,7,MFT (w=8),0,0,0,0
5666,90,0.045,7,MFT (w=5),0,0,0,0
5667,90,0.045,7,Nucleotide,0,0,0,0
5668,90,0.045,8,MFT (w=11),0,0,0,0
5669,90,0.045,8,MFT (w=8),0,0,0,0
5670,90,0.045,8,MFT (w=5),0,0,0,0
5671,90,0.045,8,Nucleotide,0,0,0,0
5672,90,0.045,9,MFT (w=11),0,0,0,0
5673,90,0.045,9,MFT (w=8),0,0,0,0
5674,90,0.045,9,MFT (w=5),0,0,0,0
5675,90,0.045,9,Nucleotide,0,0,0,0
5676,90,0.045,10,MFT (w=11),0,0,0,0
5677,90,0.045,10,MFT (w=8),0,0,0,0
5678,90,0.045,10,MFT (w=5),0,0,0,0
5679,90,0.045,10,Nucleotide,0,0,0,0
5680,90,0.05,1,MFT (w=11),0,0,0,0
5681,90,0.05,1,MFT (w=8),0,0,0,0
5682,90,0.05,1,MFT (w=5),0,0,0,0
5683,90,0.05,1,Nucleotide,0,0,0,0
5684,90,0.05,2,MFT (w=11),0,0,0,0
5685,90,0.05,2,MFT (w=8),0,0,0,0
5686,90,0.05,2,MFT (w=5),0,0,0,0
5687,90,0.05,2,Nucleotide,0,0,0,0
5688,90,0.05,3,MFT (w=11),0,0,0,0
5689,90,0.05,3,MFT (w=8),0,0,0,0
5690,90,0.05,3,MFT (w=5),0,0,0,0
5691,90,0.05,3,Nucleotide,0,0,0,0
5692,90,0.05,4,MFT (w=11),0,0,0,0
5693,90,0.05,4,MFT (w=8),0,0,0,0
5694,90,0.05,4,MFT (w=5),0,0,0,0
5695,90,0.05,4,Nucleotide,0,0,0,0
5696,90,0.05,5,MFT (w=11),0,0,0,0
5697,90,0.05,5,MFT (w=8),0,0,0,0
5698,90,0.05,5,MFT (w=5),0,0,0,0
5699,90,0.05,5,Nucleotide,0,0,0,0
5700,90,0.05,6,MFT (w=11),0,0,0,0
5701,90,0.05,6,MFT (w=8),0,0,0,0
5702,90,0.05,6,MFT (w=5),0,0,0,0
5703,90,0.05,6,Nucleotide,0,0,0,0
5704,90,0.05,7,MFT (w=11),0,0,0,0
5705,90,0.05,7,MFT (w=8),0,0,0,0
5706,90,0.05,7,MFT (w=5),0,0,0,0
5707,90,0.05,7,Nucleotide,0,0,0,0
5708,90,0.05,8,MFT (w=11),0,0,0,0
5709,90,0.05,8,MFT (w=8),0,0,0,0
5710,90,0.05,8,MFT (w=5),0,0,0,0
5711,90,0.05,8,Nucleotide,0,0,0,0
5712,90,0.05,9,MFT (w=11),0,0,0,0
5713,90,0.05,9,MFT (w=8),0,0,0,0
5714,90,0.05,9,MFT (w=5),0,0,0,0
5715,90,0.05,9,Nucleotide,0,0,0,0
5716,90,0.05,10,MFT (w=11),0,0,0,0
5717,90,0.05,10,MFT (w=8),0,0,0,0
5718,90,0.05,10,MFT (w=5),0,0,0,0
5719,90,0.05,10,Nucleotide,0,0,0,0
5720,100,0.0025,1,MFT (w=11),45,25,1039,25
5721,100,0.0025,1,MFT (w=8),29,46,1313,46
5722,100,0.0025,1,MFT (w=5),24,35,873,35
5723,100,0.0025,1,Nucleotide,25,17,413,17
5724,100,0.0025,2,MFT (w=11),51,19,866,19
5725,100,0.0025,2,MFT (w=8),28,38,1068,38
5726,100,0.0025,2,MFT (w=5),23,27,636,27
5727,100,0.0025,2,Nucleotide,21,9,200,9
5728,100,0.0025,3,MFT (w=11),42,24,1034,24
5729,100,0.0025,3,MFT (w=8),33,44,1384,44
5730,100,0.0025,3,MFT (w=5),25,21,554,21
5731,100,0.0025,3,Nucleotide,25,13,330,13
5732,100,0.0025,4,MFT (w=11),43,25,1016,25
5733,100,0.0025,4,MFT (w=8),31,36,1107,36
5734,100,0.0025,4,MFT (w=5),25,30,769,30
5735,100,0.0025,4,Nucleotide,24,14,346,14
5736,100,0.0025,5,MFT (w=11),56,16,849,16
5737,100,0.0025,5,MFT (w=8),34,27,886,27
5738,100,0.0025,5,MFT (w=5),27,25,658,25
5739,100,0.0025,5,Nucleotide,26,7,185,7
5740,100,0.0025,6,MFT (w=11),45,24,1037,24
5741,100,0.0025,6,MFT (w=8),33,32,989,32
5742,100,0.0025,6,MFT (w=5),22,23,537,23
5743,100,0.0025,6,Nucleotide,21,9,199,9
5744,100,0.0025,7,MFT (w=11),57,19,1028,19
5745,100,0.0025,7,MFT (w=8),29,25,718,25
5746,100,0.0025,7,MFT (w=5),22,21,463,21
5747,100,0.0025,7,Nucleotide,23,6,136,6
5748,100,0.0025,8,MFT (w=11),47,16,702,16
5749,100,0.0025,8,MFT (w=8),32,28,853,28
5750,100,0.0025,8,MFT (w=5),23,17,406,17
5751,100,0.0025,8,Nucleotide,24,4,96,4
5752,100,0.0025,9,MFT (w=11),40,17,629,17
5753,100,0.0025,9,MFT (w=8),33,23,729,23
5754,100,0.0025,9,MFT (w=5),25,18,471,18
5755,100,0.0025,9,Nucleotide,43,2,67,2
5756,100,0.0025,10,MFT (w=11),45,25,1039,25
5757,100,0.0025,10,MFT (w=8),29,46,1313,46
5758,100,0.0025,10,MFT (w=5),24,35,873,35
5759,100,0.0025,10,Nucleotide,25,17,413,17
5760,100,0.005,1,MFT (w=11),0,0,0,0
5761,100,0.005,1,MFT (w=8),33,4,120,4
5762,100,0.005,1,MFT (w=5),21,2,41,2
5763,100,0.005,1,Nucleotide,0,0,0,0
5764,100,0.005,2,MFT (w=11),52,1,52,1
5765,100,0.005,2,MFT (w=8),0,0,0,0
5766,100,0.005,2,MFT (w=5),0,0,0,0
5767,100,0.005,2,Nucleotide,0,0,0,0
5768,100,0.005,3,MFT (w=11),44,1,44,1
5769,100,0.005,3,MFT (w=8),28,2,48,2
5770,100,0.005,3,MFT (w=5),20,1,20,1
5771,100,0.005,3,Nucleotide,0,0,0,0
5772,100,0.005,4,MFT (w=11),0,0,0,0
5773,100,0.005,4,MFT (w=8),25,1,25,1
5774,100,0.005,4,MFT (w=5),0,0,0,0
5775,100,0.005,4,Nucleotide,20,1,20,1
5776,100,0.005,5,MFT (w=11),36,1,36,1
5777,100,0.005,5,MFT (w=8),24,1,24,1
5778,100,0.005,5,MFT (w=5),0,0,0,0
5779,100,0.005,5,Nucleotide,0,0,0,0
5780,100,0.005,6,MFT (w=11),43,1,43,1
5781,100,0.005,6,MFT (w=8),22,3,84,3
5782,100,0.005,6,MFT (w=5),21,1,21,1
5783,100,0.005,6,Nucleotide,21,1,21,1
5784,100,0.005,7,MFT (w=11),41,1,41,1
5785,100,0.005,7,MFT (w=8),25,1,25,1
5786,100,0.005,7,MFT (w=5),0,0,0,0
5787,100,0.005,7,Nucleotide,0,0,0,0
5788,100,0.005,8,MFT (w=11),0,0,0,0
5789,100,0.005,8,MFT (w=8),31,2,60,2
5790,100,0.005,8,MFT (w=5),0,0,0,0
5791,100,0.005,8,Nucleotide,20,1,20,1
5792,100,0.005,9,MFT (w=11),61,1,61,1
5793,100,0.005,9,MFT (w=8),34,1,34,1
5794,100,0.005,9,MFT (w=5),0,0,0,0
5795,100,0.005,9,Nucleotide,0,0,0,0
5796,100,0.005,10,MFT (w=11),0,0,0,0
5797,100,0.005,10,MFT (w=8),33,4,120,4
5798,100,0.005,10,MFT (w=5),21,2,41,2
5799,100,0.005,10,Nucleotide,0,0,0,0
5800,100,0.0075,1,MFT (w=11),0,0,0,0
5801,100,0.0075,1,MFT (w=8),0,0,0,0
5802,100,0.0075,1,MFT (w=5),0,0,0,0
5803,100,0.0075,1,Nucleotide,0,0,0,0
5804,100,0.0075,2,MFT (w=11),0,0,0,0
5805,100,0.0075,2,MFT (w=8),0,0,0,0
5806,100,0.0075,2,MFT (w=5),0,0,0,0
5807,100,0.0075,2,Nucleotide,0,0,0,0
5808,100,0.0075,3,MFT (w=11),0,0,0,0
5809,100,0.0075,3,MFT (w=8),0,0,0,0
5810,100,0.0075,3,MFT (w=5),0,0,0,0
5811,100,0.0075,3,Nucleotide,0,0,0,0
5812,100,0.0075,4,MFT (w=11),0,0,0,0
5813,100,0.0075,4,MFT (w=8),0,0,0,0
5814,100,0.0075,4,MFT (w=5),21,1,21,1
5815,100,0.0075,4,Nucleotide,0,0,0,0
5816,100,0.0075,5,MFT (w=11),0,0,0,0
5817,100,0.0075,5,MFT (w=8),0,0,0,0
5818,100,0.0075,5,MFT (w=5),0,0,0,0
5819,100,0.0075,5,Nucleotide,0,0,0,0
5820,100,0.0075,6,MFT (w=11),0,0,0,0
5821,100,0.0075,6,MFT (w=8),0,0,0,0
5822,100,0.0075,6,MFT (w=5),0,0,0,0
5823,100,0.0075,6,Nucleotide,0,0,0,0
5824,100,0.0075,7,MFT (w=11),0,0,0,0
5825,100,0.0075,7,MFT (w=8),0,0,0,0
5826,100,0.0075,7,MFT (w=5),0,0,0,0
5827,100,0.0075,7,Nucleotide,0,0,0,0
5828,100,0.0075,8,MFT (w=11),0,0,0,0
5829,100,0.0075,8,MFT (w=8),0,0,0,0
5830,100,0.0075,8,MFT (w=5),0,0,0,0
5831,100,0.0075,8,Nucleotide,0,0,0,0
5832,100,0.0075,9,MFT (w=11),0,0,0,0
5833,100,0.0075,9,MFT (w=8),0,0,0,0
5834,100,0.0075,9,MFT (w=5),0,0,0,0
5835,100,0.0075,9,Nucleotide,0,0,0,0
5836,100,0.0075,10,MFT (w=11),0,0,0,0
5837,100,0.0075,10,MFT (w=8),0,0,0,0
5838,100,0.0075,10,MFT (w=5),0,0,0,0
5839,100,0.0075,10,Nucleotide,0,0,0,0
5840,100,0.01,1,MFT (w=11),0,0,0,0
5841,100,0.01,1,MFT (w=8),0,0,0,0
5842,100,0.01,1,MFT (w=5),0,0,0,0
5843,100,0.01,1,Nucleotide,0,0,0,0
5844,100,0.01,2,MFT (w=11),0,0,0,0
5845,100,0.01,2,MFT (w=8),0,0,0,0
5846,100,0.01,2,MFT (w=5),0,0,0,0
5847,100,0.01,2,Nucleotide,0,0,0,0
5848,100,0.01,3,MFT (w=11),0,0,0,0
5849,100,0.01,3,MFT (w=8),0,0,0,0
5850,100,0.01,3,MFT (w=5),0,0,0,0
5851,100,0.01,3,Nucleotide,0,0,0,0
5852,100,0.01,4,MFT (w=11),0,0,0,0
5853,100,0.01,4,MFT (w=8),0,0,0,0
5854,100,0.01,4,MFT (w=5),0,0,0,0
5855,100,0.01,4,Nucleotide,0,0,0,0
5856,100,0.01,5,MFT (w=11),0,0,0,0
5857,100,0.01,5,MFT (w=8),0,0,0,0
5858,100,0.01,5,MFT (w=5),0,0,0,0
5859,100,0.01,5,Nucleotide,0,0,0,0
5860,100,0.01,6,MFT (w=11),0,0,0,0
5861,100,0.01,6,MFT (w=8),0,0,0,0
5862,100,0.01,6,MFT (w=5),0,0,0,0
5863,100,0.01,6,Nucleotide,0,0,0,0
5864,100,0.01,7,MFT (w=11),0,0,0,0
5865,100,0.01,7,MFT (w=8),0,0,0,0
5866,100,0.01,7,MFT (w=5),0,0,0,0
5867,100,0.01,7,Nucleotide,0,0,0,0
5868,100,0.01,8,MFT (w=11),0,0,0,0
5869,100,0.01,8,MFT (w=8),0,0,0,0
5870,100,0.01,8,MFT (w=5),0,0,0,0
5871,100,0.01,8,Nucleotide,0,0,0,0
5872,100,0.01,9,MFT (w=11),0,0,0,0
5873,100,0.01,9,MFT (w=8),0,0,0,0
5874,100,0.01,9,MFT (w=5),0,0,0,0
5875,100,0.01,9,Nucleotide,0,0,0,0
5876,100,0.01,10,MFT (w=11),0,0,0,0
5877,100,0.01,10,MFT (w=8),0,0,0,0
5878,100,0.01,10,MFT (w=5),0,0,0,0
5879,100,0.01,10,Nucleotide,0,0,0,0
5880,100,0.0125,1,MFT (w=11),0,0,0,0
5881,100,0.0125,1,MFT (w=8),0,0,0,0
5882,100,0.0125,1,MFT (w=5),0,0,0,0
5883,100,0.0125,1,Nucleotide,0,0,0,0
5884,100,0.0125,2,MFT (w=11),0,0,0,0
5885,100,0.0125,2,MFT (w=8),0,0,0,0
5886,100,0.0125,2,MFT (w=5),0,0,0,0
5887,100,0.0125,2,Nucleotide,0,0,0,0
5888,100,0.0125,3,MFT (w=11),0,0,0,0
5889,100,0.0125,3,MFT (w=8),0,0,0,0
5890,100,0.0125,3,MFT (w=5),0,0,0,0
5891,100,0.0125,3,Nucleotide,0,0,0,0
5892,100,0.0125,4,MFT (w=11),0,0,0,0
5893,100,0.0125,4,MFT (w=8),0,0,0,0
5894,100,0.0125,4,MFT (w=5),0,0,0,0
5895,100,0.0125,4,Nucleotide,0,0,0,0
5896,100,0.0125,5,MFT (w=11),0,0,0,0
5897,100,0.0125,5,MFT (w=8),0,0,0,0
5898,100,0.0125,5,MFT (w=5),0,0,0,0
5899,100,0.0125,5,Nucleotide,0,0,0,0
5900,100,0.0125,6,MFT (w=11),0,0,0,0
5901,100,0.0125,6,MFT (w=8),0,0,0,0
5902,100,0.0125,6,MFT (w=5),0,0,0,0
5903,100,0.0125,6,Nucleotide,0,0,0,0
5904,100,0.0125,7,MFT (w=11),0,0,0,0
5905,100,0.0125,7,MFT (w=8),0,0,0,0
5906,100,0.0125,7,MFT (w=5),0,0,0,0
5907,100,0.0125,7,Nucleotide,0,0,0,0
5908,100,0.0125,8,MFT (w=11),0,0,0,0
5909,100,0.0125,8,MFT (w=8),0,0,0,0
5910,100,0.0125,8,MFT (w=5),0,0,0,0
5911,100,0.0125,8,Nucleotide,0,0,0,0
5912,100,0.0125,9,MFT (w=11),0,0,0,0
5913,100,0.0125,9,MFT (w=8),0,0,0,0
5914,100,0.0125,9,MFT (w=5),0,0,0,0
5915,100,0.0125,9,Nucleotide,0,0,0,0
5916,100,0.0125,10,MFT (w=11),0,0,0,0
5917,100,0.0125,10,MFT (w=8),0,0,0,0
5918,100,0.0125,10,MFT (w=5),0,0,0,0
5919,100,0.0125,10,Nucleotide,0,0,0,0
5920,100,0.015,1,MFT (w=11),0,0,0,0
5921,100,0.015,1,MFT (w=8),0,0,0,0
5922,100,0.015,1,MFT (w=5),0,0,0,0
5923,100,0.015,1,Nucleotide,0,0,0,0
5924,100,0.015,2,MFT (w=11),0,0,0,0
5925,100,0.015,2,MFT (w=8),0,0,0,0
5926,100,0.015,2,MFT (w=5),0,0,0,0
5927,100,0.015,2,Nucleotide,0,0,0,0
5928,100,0.015,3,MFT (w=11),0,0,0,0
5929,100,0.015,3,MFT (w=8),0,0,0,0
5930,100,0.015,3,MFT (w=5),0,0,0,0
5931,100,0.015,3,Nucleotide,0,0,0,0
5932,100,0.015,4,MFT (w=11),0,0,0,0
5933,100,0.015,4,MFT (w=8),0,0,0,0
5934,100,0.015,4,MFT (w=5),0,0,0,0
5935,100,0.015,4,Nucleotide,0,0,0,0
5936,100,0.015,5,MFT (w=11),0,0,0,0
5937,100,0.015,5,MFT (w=8),0,0,0,0
5938,100,0.015,5,MFT (w=5),0,0,0,0
5939,100,0.015,5,Nucleotide,0,0,0,0
5940,100,0.015,6,MFT (w=11),0,0,0,0
5941,100,0.015,6,MFT (w=8),0,0,0,0
5942,100,0.015,6,MFT (w=5),0,0,0,0
5943,100,0.015,6,Nucleotide,0,0,0,0
5944,100,0.015,7,MFT (w=11),0,0,0,0
5945,100,0.015,7,MFT (w=8),0,0,0,0
5946,100,0.015,7,MFT (w=5),0,0,0,0
5947,100,0.015,7,Nucleotide,0,0,0,0
5948,100,0.015,8,MFT (w=11),0,0,0,0
5949,100,0.015,8,MFT (w=8),0,0,0,0
5950,100,0.015,8,MFT (w=5),0,0,0,0
5951,100,0.015,8,Nucleotide,0,0,0,0
5952,100,0.015,9,MFT (w=11),0,0,0,0
5953,100,0.015,9,MFT (w=8),0,0,0,0
5954,100,0.015,9,MFT (w=5),0,0,0,0
5955,100,0.015,9,Nucleotide,0,0,0,0
5956,100,0.015,10,MFT (w=11),0,0,0,0
5957,100,0.015,10,MFT (w=8),0,0,0,0
5958,100,0.015,10,MFT (w=5),0,0,0,0
5959,100,0.015,10,Nucleotide,0,0,0,0
5960,100,0.02,1,MFT (w=11),0,0,0,0
5961,100,0.02,1,MFT (w=8),0,0,0,0
5962,100,0.02,1,MFT (w=5),0,0,0,0
5963,100,0.02,1,Nucleotide,0,0,0,0
5964,100,0.02,2,MFT (w=11),0,0,0,0
5965,100,0.02,2,MFT (w=8),0,0,0,0
5966,100,0.02,2,MFT (w=5),0,0,0,0
5967,100,0.02,2,Nucleotide,0,0,0,0
5968,100,0.02,3,MFT (w=11),0,0,0,0
5969,100,0.02,3,MFT (w=8),0,0,0,0
5970,100,0.02,3,MFT (w=5),0,0,0,0
5971,100,0.02,3,Nucleotide,0,0,0,0
5972,100,0.02,4,MFT (w=11),0,0,0,0
5973,100,0.02,4,MFT (w=8),0,0,0,0
5974,100,0.02,4,MFT (w=5),0,0,0,0
5975,100,0.02,4,Nucleotide,0,0,0,0
5976,100,0.02,5,MFT (w=11),0,0,0,0
5977,100,0.02,5,MFT (w=8),0,0,0,0
5978,100,0.02,5,MFT (w=5),0,0,0,0
5979,100,0.02,5,Nucleotide,0,0,0,0
5980,100,0.02,6,MFT (w=11),0,0,0,0
5981,100,0.02,6,MFT (w=8),0,0,0,0
5982,100,0.02,6,MFT (w=5),0,0,0,0
5983,100,0.02,6,Nucleotide,0,0,0,0
5984,100,0.02,7,MFT (w=11),0,0,0,0
5985,100,0.02,7,MFT (w=8),0,0,0,0
5986,100,0.02,7,MFT (w=5),0,0,0,0
5987,100,0.02,7,Nucleotide,0,0,0,0
5988,100,0.02,8,MFT (w=11),0,0,0,0
5989,100,0.02,8,MFT (w=8),0,0,0,0
5990,100,0.02,8,MFT (w=5),0,0,0,0
5991,100,0.02,8,Nucleotide,0,0,0,0
5992,100,0.02,9,MFT (w=11),0,0,0,0
5993,100,0.02,9,MFT (w=8),0,0,0,0
5994,100,0.02,9,MFT (w=5),0,0,0,0
5995,100,0.02,9,Nucleotide,0,0,0,0
5996,100,0.02,10,MFT (w=11),0,0,0,0
5997,100,0.02,10,MFT (w=8),0,0,0,0
5998,100,0.02,10,MFT (w=5),0,0,0,0
5999,100,0.02,10,Nucleotide,0,0,0,0
6000,100,0.025,1,MFT (w=11),0,0,0,0
6001,100,0.025,1,MFT (w=8),0,0,0,0
6002,100,0.025,1,MFT (w=5),0,0,0,0
6003,100,0.025,1,Nucleotide,0,0,0,0
6004,100,0.025,2,MFT (w=11),0,0,0,0
6005,100,0.025,2,MFT (w=8),0,0,0,0
6006,100,0.025,2,MFT (w=5),0,0,0,0
6007,100,0.025,2,Nucleotide,0,0,0,0
6008,100,0.025,3,MFT (w=11),0,0,0,0
6009,100,0.025,3,MFT (w=8),0,0,0,0
6010,100,0.025,3,MFT (w=5),0,0,0,0
6011,100,0.025,3,Nucleotide,0,0,0,0
6012,100,0.025,4,MFT (w=11),0,0,0,0
6013,100,0.025,4,MFT (w=8),0,0,0,0
6014,100,0.025,4,MFT (w=5),0,0,0,0
6015,100,0.025,4,Nucleotide,0,0,0,0
6016,100,0.025,5,MFT (w=11),0,0,0,0
6017,100,0.025,5,MFT (w=8),0,0,0,0
6018,100,0.025,5,MFT (w=5),0,0,0,0
6019,100,0.025,5,Nucleotide,0,0,0,0
6020,100,0.025,6,MFT (w=11),0,0,0,0
6021,100,0.025,6,MFT (w=8),0,0,0,0
6022,100,0.025,6,MFT (w=5),0,0,0,0
6023,100,0.025,6,Nucleotide,0,0,0,0
6024,100,0.025,7,MFT (w=11),0,0,0,0
6025,100,0.025,7,MFT (w=8),0,0,0,0
6026,100,0.025,7,MFT (w=5),0,0,0,0
6027,100,0.025,7,Nucleotide,0,0,0,0
6028,100,0.025,8,MFT (w=11),0,0,0,0
6029,100,0.025,8,MFT (w=8),0,0,0,0
6030,100,0.025,8,MFT (w=5),0,0,0,0
6031,100,0.025,8,Nucleotide,0,0,0,0
6032,100,0.025,9,MFT (w=11),0,0,0,0
6033,100,0.025,9,MFT (w=8),0,0,0,0
6034,100,0.025,9,MFT (w=5),0,0,0,0
6035,100,0.025,9,Nucleotide,0,0,0,0
6036,100,0.025,10,MFT (w=11),0,0,0,0
6037,100,0.025,10,MFT (w=8),0,0,0,0
6038,100,0.025,10,MFT (w=5),0,0,0,0
6039,100,0.025,10,Nucleotide,0,0,0,0
6040,100,0.03,1,MFT (w=11),0,0,0,0
6041,100,0.03,1,MFT (w=8),0,0,0,0
6042,100,0.03,1,MFT (w=5),0,0,0,0
6043,100,0.03,1,Nucleotide,0,0,0,0
6044,100,0.03,2,MFT (w=11),0,0,0,0
6045,100,0.03,2,MFT (w=8),0,0,0,0
6046,100,0.03,2,MFT (w=5),0,0,0,0
6047,100,0.03,2,Nucleotide,0,0,0,0
6048,100,0.03,3,MFT (w=11),0,0,0,0
6049,100,0.03,3,MFT (w=8),0,0,0,0
6050,100,0.03,3,MFT (w=5),0,0,0,0
6051,100,0.03,3,Nucleotide,0,0,0,0
6052,100,0.03,4,MFT (w=11),0,0,0,0
6053,100,0.03,4,MFT (w=8),0,0,0,0
6054,100,0.03,4,MFT (w=5),0,0,0,0
6055,100,0.03,4,Nucleotide,0,0,0,0
6056,100,0.03,5,MFT (w=11),0,0,0,0
6057,100,0.03,5,MFT (w=8),0,0,0,0
6058,100,0.03,5,MFT (w=5),0,0,0,0
6059,100,0.03,5,Nucleotide,0,0,0,0
6060,100,0.03,6,MFT (w=11),0,0,0,0
6061,100,0.03,6,MFT (w=8),0,0,0,0
6062,100,0.03,6,MFT (w=5),0,0,0,0
6063,100,0.03,6,Nucleotide,0,0,0,0
6064,100,0.03,7,MFT (w=11),0,0,0,0
6065,100,0.03,7,MFT (w=8),0,0,0,0
6066,100,0.03,7,MFT (w=5),0,0,0,0
6067,100,0.03,7,Nucleotide,0,0,0,0
6068,100,0.03,8,MFT (w=11),0,0,0,0
6069,100,0.03,8,MFT (w=8),0,0,0,0
6070,100,0.03,8,MFT (w=5),0,0,0,0
6071,100,0.03,8,Nucleotide,0,0,0,0
6072,100,0.03,9,MFT (w=11),0,0,0,0
6073,100,0.03,9,MFT (w=8),0,0,0,0
6074,100,0.03,9,MFT (w=5),0,0,0,0
6075,100,0.03,9,Nucleotide,0,0,0,0
6076,100,0.03,10,MFT (w=11),0,0,0,0
6077,100,0.03,10,MFT (w=8),0,0,0,0
6078,100,0.03,10,MFT (w=5),0,0,0,0
6079,100,0.03,10,Nucleotide,0,0,0,0
6080,100,0.035,1,MFT (w=11),0,0,0,0
6081,100,0.035,1,MFT (w=8),0,0,0,0
6082,100,0.035,1,MFT (w=5),0,0,0,0
6083,100,0.035,1,Nucleotide,0,0,0,0
6084,100,0.035,2,MFT (w=11),0,0,0,0
6085,100,0.035,2,MFT (w=8),0,0,0,0
6086,100,0.035,2,MFT (w=5),0,0,0,0
6087,100,0.035,2,Nucleotide,0,0,0,0
6088,100,0.035,3,MFT (w=11),0,0,0,0
6089,100,0.035,3,MFT (w=8),0,0,0,0
6090,100,0.035,3,MFT (w=5),0,0,0,0
6091,100,0.035,3,Nucleotide,0,0,0,0
6092,100,0.035,4,MFT (w=11),0,0,0,0
6093,100,0.035,4,MFT (w=8),0,0,0,0
6094,100,0.035,4,MFT (w=5),0,0,0,0
6095,100,0.035,4,Nucleotide,0,0,0,0
6096,100,0.035,5,MFT (w=11),0,0,0,0
6097,100,0.035,5,MFT (w=8),0,0,0,0
6098,100,0.035,5,MFT (w=5),0,0,0,0
6099,100,0.035,5,Nucleotide,0,0,0,0
6100,100,0.035,6,MFT (w=11),0,0,0,0
6101,100,0.035,6,MFT (w=8),0,0,0,0
6102,100,0.035,6,MFT (w=5),0,0,0,0
6103,100,0.035,6,Nucleotide,0,0,0,0
6104,100,0.035,7,MFT (w=11),0,0,0,0
6105,100,0.035,7,MFT (w=8),0,0,0,0
6106,100,0.035,7,MFT (w=5),0,0,0,0
6107,100,0.035,7,Nucleotide,0,0,0,0
6108,100,0.035,8,MFT (w=11),0,0,0,0
6109,100,0.035,8,MFT (w=8),0,0,0,0
6110,100,0.035,8,MFT (w=5),0,0,0,0
6111,100,0.035,8,Nucleotide,0,0,0,0
6112,100,0.035,9,MFT (w=11),0,0,0,0
6113,100,0.035,9,MFT (w=8),0,0,0,0
6114,100,0.035,9,MFT (w=5),0,0,0,0
6115,100,0.035,9,Nucleotide,0,0,0,0
6116,100,0.035,10,MFT (w=11),0,0,0,0
6117,100,0.035,10,MFT (w=8),0,0,0,0
6118,100,0.035,10,MFT (w=5),0,0,0,0
6119,100,0.035,10,Nucleotide,0,0,0,0
6120,100,0.04,1,MFT (w=11),0,0,0,0
6121,100,0.04,1,MFT (w=8),0,0,0,0
6122,100,0.04,1,MFT (w=5),0,0,0,0
6123,100,0.04,1,Nucleotide,0,0,0,0
6124,100,0.04,2,MFT (w=11),0,0,0,0
6125,100,0.04,2,MFT (w=8),0,0,0,0
6126,100,0.04,2,MFT (w=5),0,0,0,0
6127,100,0.04,2,Nucleotide,0,0,0,0
6128,100,0.04,3,MFT (w=11),0,0,0,0
6129,100,0.04,3,MFT (w=8),0,0,0,0
6130,100,0.04,3,MFT (w=5),0,0,0,0
6131,100,0.04,3,Nucleotide,0,0,0,0
6132,100,0.04,4,MFT (w=11),0,0,0,0
6133,100,0.04,4,MFT (w=8),0,0,0,0
6134,100,0.04,4,MFT (w=5),0,0,0,0
6135,100,0.04,4,Nucleotide,0,0,0,0
6136,100,0.04,5,MFT (w=11),0,0,0,0
6137,100,0.04,5,MFT (w=8),0,0,0,0
6138,100,0.04,5,MFT (w=5),0,0,0,0
6139,100,0.04,5,Nucleotide,0,0,0,0
6140,100,0.04,6,MFT (w=11),0,0,0,0
6141,100,0.04,6,MFT (w=8),0,0,0,0
6142,100,0.04,6,MFT (w=5),0,0,0,0
6143,100,0.04,6,Nucleotide,0,0,0,0
6144,100,0.04,7,MFT (w=11),0,0,0,0
6145,100,0.04,7,MFT (w=8),0,0,0,0
6146,100,0.04,7,MFT (w=5),0,0,0,0
6147,100,0.04,7,Nucleotide,0,0,0,0
6148,100,0.04,8,MFT (w=11),0,0,0,0
6149,100,0.04,8,MFT (w=8),0,0,0,0
6150,100,0.04,8,MFT (w=5),0,0,0,0
6151,100,0.04,8,Nucleotide,0,0,0,0
6152,100,0.04,9,MFT (w=11),0,0,0,0
6153,100,0.04,9,MFT (w=8),0,0,0,0
6154,100,0.04,9,MFT (w=5),0,0,0,0
6155,100,0.04,9,Nucleotide,0,0,0,0
6156,100,0.04,10,MFT (w=11),0,0,0,0
6157,100,0.04,10,MFT (w=8),0,0,0,0
6158,100,0.04,10,MFT (w=5),0,0,0,0
6159,100,0.04,10,Nucleotide,0,0,0,0
6160,100,0.045,1,MFT (w=11),0,0,0,0
6161,100,0.045,1,MFT (w=8),0,0,0,0
6162,100,0.045,1,MFT (w=5),0,0,0,0
6163,100,0.045,1,Nucleotide,0,0,0,0
6164,100,0.045,2,MFT (w=11),0,0,0,0
6165,100,0.045,2,MFT (w=8),0,0,0,0
6166,100,0.045,2,MFT (w=5),0,0,0,0
6167,100,0.045,2,Nucleotide,0,0,0,0
6168,100,0.045,3,MFT (w=11),0,0,0,0
6169,100,0.045,3,MFT (w=8),0,0,0,0
6170,100,0.045,3,MFT (w=5),0,0,0,0
6171,100,0.045,3,Nucleotide,0,0,0,0
6172,100,0.045,4,MFT (w=11),0,0,0,0
6173,100,0.045,4,MFT (w=8),0,0,0,0
6174,100,0.045,4,MFT (w=5),0,0,0,0
6175,100,0.045,4,Nucleotide,0,0,0,0
6176,100,0.045,5,MFT (w=11),0,0,0,0
6177,100,0.045,5,MFT (w=8),0,0,0,0
6178,100,0.045,5,MFT (w=5),0,0,0,0
6179,100,0.045,5,Nucleotide,0,0,0,0
6180,100,0.045,6,MFT (w=11),0,0,0,0
6181,100,0.045,6,MFT (w=8),0,0,0,0
6182,100,0.045,6,MFT (w=5),0,0,0,0
6183,100,0.045,6,Nucleotide,0,0,0,0
6184,100,0.045,7,MFT (w=11),0,0,0,0
6185,100,0.045,7,MFT (w=8),0,0,0,0
6186,100,0.045,7,MFT (w=5),0,0,0,0
6187,100,0.045,7,Nucleotide,0,0,0,0
6188,100,0.045,8,MFT (w=11),0,0,0,0
6189,100,0.045,8,MFT (w=8),0,0,0,0
6190,100,0.045,8,MFT (w=5),0,0,0,0
6191,100,0.045,8,Nucleotide,0,0,0,0
6192,100,0.045,9,MFT (w=11),0,0,0,0
6193,100,0.045,9,MFT (w=8),0,0,0,0
6194,100,0.045,9,MFT (w=5),0,0,0,0
6195,100,0.045,9,Nucleotide,0,0,0,0
6196,100,0.045,10,MFT (w=11),0,0,0,0
6197,100,0.045,10,MFT (w=8),0,0,0,0
6198,100,0.045,10,MFT (w=5),0,0,0,0
6199,100,0.045,10,Nucleotide,0,0,0,0
6200,100,0.05,1,MFT (w=11),0,0,0,0
6201,100,0.05,1,MFT (w=8),0,0,0,0
6202,100,0.05,1,MFT (w=5),0,0,0,0
6203,100,0.05,1,Nucleotide,0,0,0,0
6204,100,0.05,2,MFT (w=11),0,0,0,0
6205,100,0.05,2,MFT (w=8),0,0,0,0
6206,100,0.05,2,MFT (w=5),0,0,0,0
6207,100,0.05,2,Nucleotide,0,0,0,0
6208,100,0.05,3,MFT (w=11),0,0,0,0
6209,100,0.05,3,MFT (w=8),0,0,0,0
6210,100,0.05,3,MFT (w=5),0,0,0,0
6211,100,0.05,3,Nucleotide,0,0,0,0
6212,100,0.05,4,MFT (w=11),0,0,0,0
6213,100,0.05,4,MFT (w=8),0,0,0,0
6214,100,0.05,4,MFT (w=5),0,0,0,0
6215,100,0.05,4,Nucleotide,0,0,0,0
6216,100,0.05,5,MFT (w=11),0,0,0,0
6217,100,0.05,5,MFT (w=8),0,0,0,0
6218,100,0.05,5,MFT (w=5),0,0,0,0
6219,100,0.05,5,Nucleotide,0,0,0,0
6220,100,0.05,6,MFT (w=11),0,0,0,0
6221,100,0.05,6,MFT (w=8),0,0,0,0
6222,100,0.05,6,MFT (w=5),0,0,0,0
6223,100,0.05,6,Nucleotide,0,0,0,0
6224,100,0.05,7,MFT (w=11),0,0,0,0
6225,100,0.05,7,MFT (w=8),0,0,0,0
6226,100,0.05,7,MFT (w=5),0,0,0,0
6227,100,0.05,7,Nucleotide,0,0,0,0
6228,100,0.05,8,MFT (w=11),0,0,0,0
6229,100,0.05,8,MFT (w=8),0,0,0,0
6230,100,0.05,8,MFT (w=5),0,0,0,0
6231,100,0.05,8,Nucleotide,0,0,0,0
6232,100,0.05,9,MFT (w=11),0,0,0,0
6233,100,0.05,9,MFT (w=8),0,0,0,0
6234,100,0.05,9,MFT (w=5),0,0,0,0
6235,100,0.05,9,Nucleotide,0,0,0,0
6236,100,0.05,10,MFT (w=11),0,0,0,0
6237,100,0.05,10,MFT (w=8),0,0,0,0
6238,100,0.05,10,MFT (w=5),0,0,0,0
6239,100,0.05,10,Nucleotide,0,0,0,0
6240,200,0.0025,1,MFT (w=11),25,1,25,1
6241,200,0.0025,1,MFT (w=8),0,0,0,0
6242,200,0.0025,1,MFT (w=5),20,1,20,1
6243,200,0.0025,1,Nucleotide,21,1,21,1
6244,200,0.0025,2,MFT (w=11),0,0,0,0
6245,200,0.0025,2,MFT (w=8),22,3,65,3
6246,200,0.0025,2,MFT (w=5),22,1,22,1
6247,200,0.0025,2,Nucleotide,0,0,0,0
6248,200,0.0025,3,MFT (w=11),38,2,63,2
6249,200,0.0025,3,MFT (w=8),25,3,74,3
6250,200,0.0025,3,MFT (w=5),0,0,0,0
6251,200,0.0025,3,Nucleotide,0,0,0,0
6252,200,0.0025,4,MFT (w=11),43,4,154,4
6253,200,0.0025,4,MFT (w=8),36,4,138,4
6254,200,0.0025,4,MFT (w=5),23,5,123,5
6255,200,0.0025,4,Nucleotide,0,0,0,0
6256,200,0.0025,5,MFT (w=11),0,0,0,0
6257,200,0.0025,5,MFT (w=8),0,0,0,0
6258,200,0.0025,5,MFT (w=5),20,1,20,1
6259,200,0.0025,5,Nucleotide,0,0,0,0
6260,200,0.0025,6,MFT (w=11),52,2,82,2
6261,200,0.0025,6,MFT (w=8),0,0,0,0
6262,200,0.0025,6,MFT (w=5),0,0,0,0
6263,200,0.0025,6,Nucleotide,0,0,0,0
6264,200,0.0025,7,MFT (w=11),63,1,63,1
6265,200,0.0025,7,MFT (w=8),22,7,165,7
6266,200,0.0025,7,MFT (w=5),23,2,43,2
6267,200,0.0025,7,Nucleotide,23,1,23,1
6268,200,0.0025,8,MFT (w=11),23,1,23,1
6269,200,0.0025,8,MFT (w=8),24,2,45,2
6270,200,0.0025,8,MFT (w=5),0,0,0,0
6271,200,0.0025,8,Nucleotide,0,0,0,0
6272,200,0.0025,9,MFT (w=11),0,0,0,0
6273,200,0.0025,9,MFT (w=8),22,1,22,1
6274,200,0.0025,9,MFT (w=5),22,1,22,1
6275,200,0.0025,9,Nucleotide,0,0,0,0
6276,200,0.0025,10,MFT (w=11),25,1,25,1
6277,200,0.0025,10,MFT (w=8),0,0,0,0
6278,200,0.0025,10,MFT (w=5),20,1,20,1
6279,200,0.0025,10,Nucleotide,21,1,21,1
6280,200,0.005,1,MFT (w=11),0,0,0,0
6281,200,0.005,1,MFT (w=8),0,0,0,0
6282,200,0.005,1,MFT (w=5),0,0,0,0
6283,200,0.005,1,Nucleotide,0,0,0,0
6284,200,0.005,2,MFT (w=11),0,0,0,0
6285,200,0.005,2,MFT (w=8),0,0,0,0
6286,200,0.005,2,MFT (w=5),0,0,0,0
6287,200,0.005,2,Nucleotide,0,0,0,0
6288,200,0.005,3,MFT (w=11),0,0,0,0
6289,200,0.005,3,MFT (w=8),0,0,0,0
6290,200,0.005,3,MFT (w=5),0,0,0,0
6291,200,0.005,3,Nucleotide,0,0,0,0
6292,200,0.005,4,MFT (w=11),0,0,0,0
6293,200,0.005,4,MFT (w=8),0,0,0,0
6294,200,0.005,4,MFT (w=5),0,0,0,0
6295,200,0.005,4,Nucleotide,0,0,0,0
6296,200,0.005,5,MFT (w=11),0,0,0,0
6297,200,0.005,5,MFT (w=8),0,0,0,0
6298,200,0.005,5,MFT (w=5),0,0,0,0
6299,200,0.005,5,Nucleotide,0,0,0,0
6300,200,0.005,6,MFT (w=11),0,0,0,0
6301,200,0.005,6,MFT (w=8),0,0,0,0
6302,200,0.005,6,MFT (w=5),0,0,0,0
6303,200,0.005,6,Nucleotide,0,0,0,0
6304,200,0.005,7,MFT (w=11),0,0,0,0
6305,200,0.005,7,MFT (w=8),0,0,0,0
6306,200,0.005,7,MFT (w=5),0,0,0,0
6307,200,0.005,7,Nucleotide,0,0,0,0
6308,200,0.005,8,MFT (w=11),0,0,0,0
6309,200,0.005,8,MFT (w=8),0,0,0,0
6310,200,0.005,8,MFT (w=5),0,0,0,0
6311,200,0.005,8,Nucleotide,0,0,0,0
6312,200,0.005,9,MFT (w=11),0,0,0,0
6313,200,0.005,9,MFT (w=8),0,0,0,0
6314,200,0.005,9,MFT (w=5),0,0,0,0
6315,200,0.005,9,Nucleotide,0,0,0,0
6316,200,0.005,10,MFT (w=11),0,0,0,0
6317,200,0.005,10,MFT (w=8),0,0,0,0
6318,200,0.005,10,MFT (w=5),0,0,0,0
6319,200,0.005,10,Nucleotide,0,0,0,0
6320,200,0.0075,1,MFT (w=11),0,0,0,0
6321,200,0.0075,1,MFT (w=8),0,0,0,0
6322,200,0.0075,1,MFT (w=5),0,0,0,0
6323,200,0.0075,1,Nucleotide,0,0,0,0
6324,200,0.0075,2,MFT (w=11),0,0,0,0
6325,200,0.0075,2,MFT (w=8),0,0,0,0
6326,200,0.0075,2,MFT (w=5),0,0,0,0
6327,200,0.0075,2,Nucleotide,0,0,0,0
6328,200,0.0075,3,MFT (w=11),0,0,0,0
6329,200,0.0075,3,MFT (w=8),0,0,0,0
6330,200,0.0075,3,MFT (w=5),0,0,0,0
6331,200,0.0075,3,Nucleotide,0,0,0,0
6332,200,0.0075,4,MFT (w=11),0,0,0,0
6333,200,0.0075,4,MFT (w=8),0,0,0,0
6334,200,0.0075,4,MFT (w=5),0,0,0,0
6335,200,0.0075,4,Nucleotide,0,0,0,0
6336,200,0.0075,5,MFT (w=11),0,0,0,0
6337,200,0.0075,5,MFT (w=8),0,0,0,0
6338,200,0.0075,5,MFT (w=5),0,0,0,0
6339,200,0.0075,5,Nucleotide,0,0,0,0
6340,200,0.0075,6,MFT (w=11),0,0,0,0
6341,200,0.0075,6,MFT (w=8),0,0,0,0
6342,200,0.0075,6,MFT (w=5),0,0,0,0
6343,200,0.0075,6,Nucleotide,0,0,0,0
6344,200,0.0075,7,MFT (w=11),0,0,0,0
6345,200,0.0075,7,MFT (w=8),0,0,0,0
6346,200,0.0075,7,MFT (w=5),0,0,0,0
6347,200,0.0075,7,Nucleotide,0,0,0,0
6348,200,0.0075,8,MFT (w=11),0,0,0,0
6349,200,0.0075,8,MFT (w=8),0,0,0,0
6350,200,0.0075,8,MFT (w=5),0,0,0,0
6351,200,0.0075,8,Nucleotide,0,0,0,0
6352,200,0.0075,9,MFT (w=11),0,0,0,0
6353,200,0.0075,9,MFT (w=8),0,0,0,0
6354,200,0.0075,9,MFT (w=5),0,0,0,0
6355,200,0.0075,9,Nucleotide,0,0,0,0
6356,200,0.0075,10,MFT (w=11),0,0,0,0
6357,200,0.0075,10,MFT (w=8),0,0,0,0
6358,200,0.0075,10,MFT (w=5),0,0,0,0
6359,200,0.0075,10,Nucleotide,0,0,0,0
6360,200,0.01,1,MFT (w=11),0,0,0,0
6361,200,0.01,1,MFT (w=8),0,0,0,0
6362,200,0.01,1,MFT (w=5),0,0,0,0
6363,200,0.01,1,Nucleotide,0,0,0,0
6364,200,0.01,2,MFT (w=11),0,0,0,0
6365,200,0.01,2,MFT (w=8),0,0,0,0
6366,200,0.01,2,MFT (w=5),0,0,0,0
6367,200,0.01,2,Nucleotide,0,0,0,0
6368,200,0.01,3,MFT (w=11),0,0,0,0
6369,200,0.01,3,MFT (w=8),0,0,0,0
6370,200,0.01,3,MFT (w=5),0,0,0,0
6371,200,0.01,3,Nucleotide,0,0,0,0
6372,200,0.01,4,MFT (w=11),0,0,0,0
6373,200,0.01,4,MFT (w=8),0,0,0,0
6374,200,0.01,4,MFT (w=5),0,0,0,0
6375,200,0.01,4,Nucleotide,0,0,0,0
6376,200,0.01,5,MFT (w=11),0,0,0,0
6377,200,0.01,5,MFT (w=8),0,0,0,0
6378,200,0.01,5,MFT (w=5),0,0,0,0
6379,200,0.01,5,Nucleotide,0,0,0,0
6380,200,0.01,6,MFT (w=11),0,0,0,0
6381,200,0.01,6,MFT (w=8),0,0,0,0
6382,200,0.01,6,MFT (w=5),0,0,0,0
6383,200,0.01,6,Nucleotide,0,0,0,0
6384,200,0.01,7,MFT (w=11),0,0,0,0
6385,200,0.01,7,MFT (w=8),0,0,0,0
6386,200,0.01,7,MFT (w=5),0,0,0,0
6387,200,0.01,7,Nucleotide,0,0,0,0
6388,200,0.01,8,MFT (w=11),0,0,0,0
6389,200,0.01,8,MFT (w=8),0,0,0,0
6390,200,0.01,8,MFT (w=5),0,0,0,0
6391,200,0.01,8,Nucleotide,0,0,0,0
6392,200,0.01,9,MFT (w=11),0,0,0,0
6393,200,0.01,9,MFT (w=8),0,0,0,0
6394,200,0.01,9,MFT (w=5),0,0,0,0
6395,200,0.01,9,Nucleotide,0,0,0,0
6396,200,0.01,10,MFT (w=11),0,0,0,0
6397,200,0.01,10,MFT (w=8),0,0,0,0
6398,200,0.01,10,MFT (w=5),0,0,0,0
6399,200,0.01,10,Nucleotide,0,0,0,0
6400,200,0.0125,1,MFT (w=11),0,0,0,0
6401,200,0.0125,1,MFT (w=8),0,0,0,0
6402,200,0.0125,1,MFT (w=5),0,0,0,0
6403,200,0.0125,1,Nucleotide,0,0,0,0
6404,200,0.0125,2,MFT (w=11),0,0,0,0
6405,200,0.0125,2,MFT (w=8),0,0,0,0
6406,200,0.0125,2,MFT (w=5),0,0,0,0
6407,200,0.0125,2,Nucleotide,0,0,0,0
6408,200,0.0125,3,MFT (w=11),0,0,0,0
6409,200,0.0125,3,MFT (w=8),0,0,0,0
6410,200,0.0125,3,MFT (w=5),0,0,0,0
6411,200,0.0125,3,Nucleotide,0,0,0,0
6412,200,0.0125,4,MFT (w=11),0,0,0,0
6413,200,0.0125,4,MFT (w=8),0,0,0,0
6414,200,0.0125,4,MFT (w=5),0,0,0,0
6415,200,0.0125,4,Nucleotide,0,0,0,0
6416,200,0.0125,5,MFT (w=11),0,0,0,0
6417,200,0.0125,5,MFT (w=8),0,0,0,0
6418,200,0.0125,5,MFT (w=5),0,0,0,0
6419,200,0.0125,5,Nucleotide,0,0,0,0
6420,200,0.0125,6,MFT (w=11),0,0,0,0
6421,200,0.0125,6,MFT (w=8),0,0,0,0
6422,200,0.0125,6,MFT (w=5),0,0,0,0
6423,200,0.0125,6,Nucleotide,0,0,0,0
6424,200,0.0125,7,MFT (w=11),0,0,0,0
6425,200,0.0125,7,MFT (w=8),0,0,0,0
6426,200,0.0125,7,MFT (w=5),0,0,0,0
6427,200,0.0125,7,Nucleotide,0,0,0,0
6428,200,0.0125,8,MFT (w=11),0,0,0,0
6429,200,0.0125,8,MFT (w=8),0,0,0,0
6430,200,0.0125,8,MFT (w=5),0,0,0,0
6431,200,0.0125,8,Nucleotide,0,0,0,0
6432,200,0.0125,9,MFT (w=11),0,0,0,0
6433,200,0.0125,9,MFT (w=8),0,0,0,0
6434,200,0.0125,9,MFT (w=5),0,0,0,0
6435,200,0.0125,9,Nucleotide,0,0,0,0
6436,200,0.0125,10,MFT (w=11),0,0,0,0
6437,200,0.0125,10,MFT (w=8),0,0,0,0
6438,200,0.0125,10,MFT (w=5),0,0,0,0
6439,200,0.0125,10,Nucleotide,0,0,0,0
6440,200,0.015,1,MFT (w=11),0,0,0,0
6441,200,0.015,1,MFT (w=8),0,0,0,0
6442,200,0.015,1,MFT (w=5),0,0,0,0
6443,200,0.015,1,Nucleotide,0,0,0,0
6444,200,0.015,2,MFT (w=11),0,0,0,0
6445,200,0.015,2,MFT (w=8),0,0,0,0
6446,200,0.015,2,MFT (w=5),0,0,0,0
6447,200,0.015,2,Nucleotide,0,0,0,0
6448,200,0.015,3,MFT (w=11),0,0,0,0
6449,200,0.015,3,MFT (w=8),0,0,0,0
6450,200,0.015,3,MFT (w=5),0,0,0,0
6451,200,0.015,3,Nucleotide,0,0,0,0
6452,200,0.015,4,MFT (w=11),0,0,0,0
6453,200,0.015,4,MFT (w=8),0,0,0,0
6454,200,0.015,4,MFT (w=5),0,0,0,0
6455,200,0.015,4,Nucleotide,0,0,0,0
6456,200,0.015,5,MFT (w=11),0,0,0,0
6457,200,0.015,5,MFT (w=8),0,0,0,0
6458,200,0.015,5,MFT (w=5),0,0,0,0
6459,200,0.015,5,Nucleotide,0,0,0,0
6460,200,0.015,6,MFT (w=11),0,0,0,0
6461,200,0.015,6,MFT (w=8),0,0,0,0
6462,200,0.015,6,MFT (w=5),0,0,0,0
6463,200,0.015,6,Nucleotide,0,0,0,0
6464,200,0.015,7,MFT (w=11),0,0,0,0
6465,200,0.015,7,MFT (w=8),0,0,0,0
6466,200,0.015,7,MFT (w=5),0,0,0,0
6467,200,0.015,7,Nucleotide,0,0,0,0
6468,200,0.015,8,MFT (w=11),0,0,0,0
6469,200,0.015,8,MFT (w=8),0,0,0,0
6470,200,0.015,8,MFT (w=5),0,0,0,0
6471,200,0.015,8,Nucleotide,0,0,0,0
6472,200,0.015,9,MFT (w=11),0,0,0,0
6473,200,0.015,9,MFT (w=8),0,0,0,0
6474,200,0.015,9,MFT (w=5),0,0,0,0
6475,200,0.015,9,Nucleotide,0,0,0,0
6476,200,0.015,10,MFT (w=11),0,0,0,0
6477,200,0.015,10,MFT (w=8),0,0,0,0
6478,200,0.015,10,MFT (w=5),0,0,0,0
6479,200,0.015,10,Nucleotide,0,0,0,0
6480,200,0.02,1,MFT (w=11),0,0,0,0
6481,200,0.02,1,MFT (w=8),0,0,0,0
6482,200,0.02,1,MFT (w=5),0,0,0,0
6483,200,0.02,1,Nucleotide,0,0,0,0
6484,200,0.02,2,MFT (w=11),0,0,0,0
6485,200,0.02,2,MFT (w=8),0,0,0,0
6486,200,0.02,2,MFT (w=5),0,0,0,0
6487,200,0.02,2,Nucleotide,0,0,0,0
6488,200,0.02,3,MFT (w=11),0,0,0,0
6489,200,0.02,3,MFT (w=8),0,0,0,0
6490,200,0.02,3,MFT (w=5),0,0,0,0
6491,200,0.02,3,Nucleotide,0,0,0,0
6492,200,0.02,4,MFT (w=11),0,0,0,0
6493,200,0.02,4,MFT (w=8),0,0,0,0
6494,200,0.02,4,MFT (w=5),0,0,0,0
6495,200,0.02,4,Nucleotide,0,0,0,0
6496,200,0.02,5,MFT (w=11),0,0,0,0
6497,200,0.02,5,MFT (w=8),0,0,0,0
6498,200,0.02,5,MFT (w=5),0,0,0,0
6499,200,0.02,5,Nucleotide,0,0,0,0
6500,200,0.02,6,MFT (w=11),0,0,0,0
6501,200,0.02,6,MFT (w=8),0,0,0,0
6502,200,0.02,6,MFT (w=5),0,0,0,0
6503,200,0.02,6,Nucleotide,0,0,0,0
6504,200,0.02,7,MFT (w=11),0,0,0,0
6505,200,0.02,7,MFT (w=8),0,0,0,0
6506,200,0.02,7,MFT (w=5),0,0,0,0
6507,200,0.02,7,Nucleotide,0,0,0,0
6508,200,0.02,8,MFT (w=11),0,0,0,0
6509,200,0.02,8,MFT (w=8),0,0,0,0
6510,200,0.02,8,MFT (w=5),0,0,0,0
6511,200,0.02,8,Nucleotide,0,0,0,0
6512,200,0.02,9,MFT (w=11),0,0,0,0
6513,200,0.02,9,MFT (w=8),0,0,0,0
6514,200,0.02,9,MFT (w=5),0,0,0,0
6515,200,0.02,9,Nucleotide,0,0,0,0
6516,200,0.02,10,MFT (w=11),0,0,0,0
6517,200,0.02,10,MFT (w=8),0,0,0,0
6518,200,0.02,10,MFT (w=5),0,0,0,0
6519,200,0.02,10,Nucleotide,0,0,0,0
6520,200,0.025,1,MFT (w=11),0,0,0,0
6521,200,0.025,1,MFT (w=8),0,0,0,0
6522,200,0.025,1,MFT (w=5),0,0,0,0
6523,200,0.025,1,Nucleotide,0,0,0,0
6524,200,0.025,2,MFT (w=11),0,0,0,0
6525,200,0.025,2,MFT (w=8),0,0,0,0
6526,200,0.025,2,MFT (w=5),0,0,0,0
6527,200,0.025,2,Nucleotide,0,0,0,0
6528,200,0.025,3,MFT (w=11),0,0,0,0
6529,200,0.025,3,MFT (w=8),0,0,0,0
6530,200,0.025,3,MFT (w=5),0,0,0,0
6531,200,0.025,3,Nucleotide,0,0,0,0
6532,200,0.025,4,MFT (w=11),0,0,0,0
6533,200,0.025,4,MFT (w=8),0,0,0,0
6534,200,0.025,4,MFT (w=5),0,0,0,0
6535,200,0.025,4,Nucleotide,0,0,0,0
6536,200,0.025,5,MFT (w=11),0,0,0,0
6537,200,0.025,5,MFT (w=8),0,0,0,0
6538,200,0.025,5,MFT (w=5),0,0,0,0
6539,200,0.025,5,Nucleotide,0,0,0,0
6540,200,0.025,6,MFT (w=11),0,0,0,0
6541,200,0.025,6,MFT (w=8),0,0,0,0
6542,200,0.025,6,MFT (w=5),0,0,0,0
6543,200,0.025,6,Nucleotide,0,0,0,0
6544,200,0.025,7,MFT (w=11),0,0,0,0
6545,200,0.025,7,MFT (w=8),0,0,0,0
6546,200,0.025,7,MFT (w=5),0,0,0,0
6547,200,0.025,7,Nucleotide,0,0,0,0
6548,200,0.025,8,MFT (w=11),0,0,0,0
6549,200,0.025,8,MFT (w=8),0,0,0,0
6550,200,0.025,8,MFT (w=5),0,0,0,0
6551,200,0.025,8,Nucleotide,0,0,0,0
6552,200,0.025,9,MFT (w=11),0,0,0,0
6553,200,0.025,9,MFT (w=8),0,0,0,0
6554,200,0.025,9,MFT (w=5),0,0,0,0
6555,200,0.025,9,Nucleotide,0,0,0,0
6556,200,0.025,10,MFT (w=11),0,0,0,0
6557,200,0.025,10,MFT (w=8),0,0,0,0
6558,200,0.025,10,MFT (w=5),0,0,0,0
6559,200,0.025,10,Nucleotide,0,0,0,0
6560,200,0.03,1,MFT (w=11),0,0,0,0
6561,200,0.03,1,MFT (w=8),0,0,0,0
6562,200,0.03,1,MFT (w=5),0,0,0,0
6563,200,0.03,1,Nucleotide,0,0,0,0
6564,200,0.03,2,MFT (w=11),0,0,0,0
6565,200,0.03,2,MFT (w=8),0,0,0,0
6566,200,0.03,2,MFT (w=5),0,0,0,0
6567,200,0.03,2,Nucleotide,0,0,0,0
6568,200,0.03,3,MFT (w=11),0,0,0,0
6569,200,0.03,3,MFT (w=8),0,0,0,0
6570,200,0.03,3,MFT (w=5),0,0,0,0
6571,200,0.03,3,Nucleotide,0,0,0,0
6572,200,0.03,4,MFT (w=11),0,0,0,0
6573,200,0.03,4,MFT (w=8),0,0,0,0
6574,200,0.03,4,MFT (w=5),0,0,0,0
6575,200,0.03,4,Nucleotide,0,0,0,0
6576,200,0.03,5,MFT (w=11),0,0,0,0
6577,200,0.03,5,MFT (w=8),0,0,0,0
6578,200,0.03,5,MFT (w=5),0,0,0,0
6579,200,0.03,5,Nucleotide,0,0,0,0
6580,200,0.03,6,MFT (w=11),0,0,0,0
6581,200,0.03,6,MFT (w=8),0,0,0,0
6582,200,0.03,6,MFT (w=5),0,0,0,0
6583,200,0.03,6,Nucleotide,0,0,0,0
6584,200,0.03,7,MFT (w=11),0,0,0,0
6585,200,0.03,7,MFT (w=8),0,0,0,0
6586,200,0.03,7,MFT (w=5),0,0,0,0
6587,200,0.03,7,Nucleotide,0,0,0,0
6588,200,0.03,8,MFT (w=11),0,0,0,0
6589,200,0.03,8,MFT (w=8),0,0,0,0
6590,200,0.03,8,MFT (w=5),0,0,0,0
6591,200,0.03,8,Nucleotide,0,0,0,0
6592,200,0.03,9,MFT (w=11),0,0,0,0
6593,200,0.03,9,MFT (w=8),0,0,0,0
6594,200,0.03,9,MFT (w=5),0,0,0,0
6595,200,0.03,9,Nucleotide,0,0,0,0
6596,200,0.03,10,MFT (w=11),0,0,0,0
6597,200,0.03,10,MFT (w=8),0,0,0,0
6598,200,0.03,10,MFT (w=5),0,0,0,0
6599,200,0.03,10,Nucleotide,0,0,0,0
6600,200,0.035,1,MFT (w=11),0,0,0,0
6601,200,0.035,1,MFT (w=8),0,0,0,0
6602,200,0.035,1,MFT (w=5),0,0,0,0
6603,200,0.035,1,Nucleotide,0,0,0,0
6604,200,0.035,2,MFT (w=11),0,0,0,0
6605,200,0.035,2,MFT (w=8),0,0,0,0
6606,200,0.035,2,MFT (w=5),0,0,0,0
6607,200,0.035,2,Nucleotide,0,0,0,0
6608,200,0.035,3,MFT (w=11),0,0,0,0
6609,200,0.035,3,MFT (w=8),0,0,0,0
6610,200,0.035,3,MFT (w=5),0,0,0,0
6611,200,0.035,3,Nucleotide,0,0,0,0
6612,200,0.035,4,MFT (w=11),0,0,0,0
6613,200,0.035,4,MFT (w=8),0,0,0,0
6614,200,0.035,4,MFT (w=5),0,0,0,0
6615,200,0.035,4,Nucleotide,0,0,0,0
6616,200,0.035,5,MFT (w=11),0,0,0,0
6617,200,0.035,5,MFT (w=8),0,0,0,0
6618,200,0.035,5,MFT (w=5),0,0,0,0
6619,200,0.035,5,Nucleotide,0,0,0,0
6620,200,0.035,6,MFT (w=11),0,0,0,0
6621,200,0.035,6,MFT (w=8),0,0,0,0
6622,200,0.035,6,MFT (w=5),0,0,0,0
6623,200,0.035,6,Nucleotide,0,0,0,0
6624,200,0.035,7,MFT (w=11),0,0,0,0
6625,200,0.035,7,MFT (w=8),0,0,0,0
6626,200,0.035,7,MFT (w=5),0,0,0,0
6627,200,0.035,7,Nucleotide,0,0,0,0
6628,200,0.035,8,MFT (w=11),0,0,0,0
6629,200,0.035,8,MFT (w=8),0,0,0,0
6630,200,0.035,8,MFT (w=5),0,0,0,0
6631,200,0.035,8,Nucleotide,0,0,0,0
6632,200,0.035,9,MFT (w=11),0,0,0,0
6633,200,0.035,9,MFT (w=8),0,0,0,0
6634,200,0.035,9,MFT (w=5),0,0,0,0
6635,200,0.035,9,Nucleotide,0,0,0,0
6636,200,0.035,10,MFT (w=11),0,0,0,0
6637,200,0.035,10,MFT (w=8),0,0,0,0
6638,200,0.035,10,MFT (w=5),0,0,0,0
6639,200,0.035,10,Nucleotide,0,0,0,0
6640,200,0.04,1,MFT (w=11),0,0,0,0
6641,200,0.04,1,MFT (w=8),0,0,0,0
6642,200,0.04,1,MFT (w=5),0,0,0,0
6643,200,0.04,1,Nucleotide,0,0,0,0
6644,200,0.04,2,MFT (w=11),0,0,0,0
6645,200,0.04,2,MFT (w=8),0,0,0,0
6646,200,0.04,2,MFT (w=5),0,0,0,0
6647,200,0.04,2,Nucleotide,0,0,0,0
6648,200,0.04,3,MFT (w=11),0,0,0,0
6649,200,0.04,3,MFT (w=8),0,0,0,0
6650,200,0.04,3,MFT (w=5),0,0,0,0
6651,200,0.04,3,Nucleotide,0,0,0,0
6652,200,0.04,4,MFT (w=11),0,0,0,0
6653,200,0.04,4,MFT (w=8),0,0,0,0
6654,200,0.04,4,MFT (w=5),0,0,0,0
6655,200,0.04,4,Nucleotide,0,0,0,0
6656,200,0.04,5,MFT (w=11),0,0,0,0
6657,200,0.04,5,MFT (w=8),0,0,0,0
6658,200,0.04,5,MFT (w=5),0,0,0,0
6659,200,0.04,5,Nucleotide,0,0,0,0
6660,200,0.04,6,MFT (w=11),0,0,0,0
6661,200,0.04,6,MFT (w=8),0,0,0,0
6662,200,0.04,6,MFT (w=5),0,0,0,0
6663,200,0.04,6,Nucleotide,0,0,0,0
6664,200,0.04,7,MFT (w=11),0,0,0,0
6665,200,0.04,7,MFT (w=8),0,0,0,0
6666,200,0.04,7,MFT (w=5),0,0,0,0
6667,200,0.04,7,Nucleotide,0,0,0,0
6668,200,0.04,8,MFT (w=11),0,0,0,0
6669,200,0.04,8,MFT (w=8),0,0,0,0
6670,200,0.04,8,MFT (w=5),0,0,0,0
6671,200,0.04,8,Nucleotide,0,0,0,0
6672,200,0.04,9,MFT (w=11),0,0,0,0
6673,200,0.04,9,MFT (w=8),0,0,0,0
6674,200,0.04,9,MFT (w=5),0,0,0,0
6675,200,0.04,9,Nucleotide,0,0,0,0
6676,200,0.04,10,MFT (w=11),0,0,0,0
6677,200,0.04,10,MFT (w=8),0,0,0,0
6678,200,0.04,10,MFT (w=5),0,0,0,0
6679,200,0.04,10,Nucleotide,0,0,0,0
6680,200,0.045,1,MFT (w=11),0,0,0,0
6681,200,0.045,1,MFT (w=8),0,0,0,0
6682,200,0.045,1,MFT (w=5),0,0,0,0
6683,200,0.045,1,Nucleotide,0,0,0,0
6684,200,0.045,2,MFT (w=11),0,0,0,0
6685,200,0.045,2,MFT (w=8),0,0,0,0
6686,200,0.045,2,MFT (w=5),0,0,0,0
6687,200,0.045,2,Nucleotide,0,0,0,0
6688,200,0.045,3,MFT (w=11),0,0,0,0
6689,200,0.045,3,MFT (w=8),0,0,0,0
6690,200,0.045,3,MFT (w=5),0,0,0,0
6691,200,0.045,3,Nucleotide,0,0,0,0
6692,200,0.045,4,MFT (w=11),0,0,0,0
6693,200,0.045,4,MFT (w=8),0,0,0,0
6694,200,0.045,4,MFT (w=5),0,0,0,0
6695,200,0.045,4,Nucleotide,0,0,0,0
6696,200,0.045,5,MFT (w=11),0,0,0,0
6697,200,0.045,5,MFT (w=8),0,0,0,0
6698,200,0.045,5,MFT (w=5),0,0,0,0
6699,200,0.045,5,Nucleotide,0,0,0,0
6700,200,0.045,6,MFT (w=11),0,0,0,0
6701,200,0.045,6,MFT (w=8),0,0,0,0
6702,200,0.045,6,MFT (w=5),0,0,0,0
6703,200,0.045,6,Nucleotide,0,0,0,0
6704,200,0.045,7,MFT (w=11),0,0,0,0
6705,200,0.045,7,MFT (w=8),0,0,0,0
6706,200,0.045,7,MFT (w=5),0,0,0,0
6707,200,0.045,7,Nucleotide,0,0,0,0
6708,200,0.045,8,MFT (w=11),0,0,0,0
6709,200,0.045,8,MFT (w=8),0,0,0,0
6710,200,0.045,8,MFT (w=5),0,0,0,0
6711,200,0.045,8,Nucleotide,0,0,0,0
6712,200,0.045,9,MFT (w=11),0,0,0,0
6713,200,0.045,9,MFT (w=8),0,0,0,0
6714,200,0.045,9,MFT (w=5),0,0,0,0
6715,200,0.045,9,Nucleotide,0,0,0,0
6716,200,0.045,10,MFT (w=11),0,0,0,0
6717,200,0.045,10,MFT (w=8),0,0,0,0
6718,200,0.045,10,MFT (w=5),0,0,0,0
6719,200,0.045,10,Nucleotide,0,0,0,0
6720,200,0.05,1,MFT (w=11),0,0,0,0
6721,200,0.05,1,MFT (w=8),0,0,0,0
6722,200,0.05,1,MFT (w=5),0,0,0,0
6723,200,0.05,1,Nucleotide,0,0,0,0
6724,200,0.05,2,MFT (w=11),0,0,0,0
6725,200,0.05,2,MFT (w=8),0,0,0,0
6726,200,0.05,2,MFT (w=5),0,0,0,0
6727,200,0.05,2,Nucleotide,0,0,0,0
6728,200,0.05,3,MFT (w=11),0,0,0,0
6729,200,0.05,3,MFT (w=8),0,0,0,0
6730,200,0.05,3,MFT (w=5),0,0,0,0
6731,200,0.05,3,Nucleotide,0,0,0,0
6732,200,0.05,4,MFT (w=11),0,0,0,0
6733,200,0.05,4,MFT (w=8),0,0,0,0
6734,200,0.05,4,MFT (w=5),0,0,0,0
6735,200,0.05,4,Nucleotide,0,0,0,0
6736,200,0.05,5,MFT (w=11),0,0,0,0
6737,200,0.05,5,MFT (w=8),0,0,0,0
6738,200,0.05,5,MFT (w=5),0,0,0,0
6739,200,0.05,5,Nucleotide,0,0,0,0
6740,200,0.05,6,MFT (w=11),0,0,0,0
6741,200,0.05,6,MFT (w=8),0,0,0,0
6742,200,0.05,6,MFT (w=5),0,0,0,0
6743,200,0.05,6,Nucleotide,0,0,0,0
6744,200,0.05,7,MFT (w=11),0,0,0,0
6745,200,0.05,7,MFT (w=8),0,0,0,0
6746,200,0.05,7,MFT (w=5),0,0,0,0
6747,200,0.05,7,Nucleotide,0,0,0,0
6748,200,0.05,8,MFT (w=11),0,0,0,0
6749,200,0.05,8,MFT (w=8),0,0,0,0
6750,200,0.05,8,MFT (w=5),0,0,0,0
6751,200,0.05,8,Nucleotide,0,0,0,0
6752,200,0.05,9,MFT (w=11),0,0,0,0
6753,200,0.05,9,MFT (w=8),0,0,0,0
6754,200,0.05,9,MFT (w=5),0,0,0,0
6755,200,0.05,9,Nucleotide,0,0,0,0
6756,200,0.05,10,MFT (w=11),0,0,0,0
6757,200,0.05,10,MFT (w=8),0,0,0,0
6758,200,0.05,10,MFT (w=5),0,0,0,0
6759,200,0.05,10,Nucleotide,0,0,0,0
6760,500,0.0025,1,MFT (w=11),0,0,0,0
6761,500,0.0025,1,MFT (w=8),0,0,0,0
6762,500,0.0025,1,MFT (w=5),0,0,0,0
6763,500,0.0025,1,Nucleotide,0,0,0,0
6764,500,0.0025,2,MFT (w=11),0,0,0,0
6765,500,0.0025,2,MFT (w=8),0,0,0,0
6766,500,0.0025,2,MFT (w=5),0,0,0,0
6767,500,0.0025,2,Nucleotide,0,0,0,0
6768,500,0.0025,3,MFT (w=11),0,0,0,0
6769,500,0.0025,3,MFT (w=8),0,0,0,0
6770,500,0.0025,3,MFT (w=5),0,0,0,0
6771,500,0.0025,3,Nucleotide,0,0,0,0
6772,500,0.0025,4,MFT (w=11),0,0,0,0
6773,500,0.0025,4,MFT (w=8),0,0,0,0
6774,500,0.0025,4,MFT (w=5),0,0,0,0
6775,500,0.0025,4,Nucleotide,0,0,0,0
6776,500,0.0025,5,MFT (w=11),0,0,0,0
6777,500,0.0025,5,MFT (w=8),0,0,0,0
6778,500,0.0025,5,MFT (w=5),0,0,0,0
6779,500,0.0025,5,Nucleotide,0,0,0,0
6780,500,0.0025,6,MFT (w=11),0,0,0,0
6781,500,0.0025,6,MFT (w=8),0,0,0,0
6782,500,0.0025,6,MFT (w=5),0,0,0,0
6783,500,0.0025,6,Nucleotide,0,0,0,0
6784,500,0.0025,7,MFT (w=11),0,0,0,0
6785,500,0.0025,7,MFT (w=8),0,0,0,0
6786,500,0.0025,7,MFT (w=5),0,0,0,0
6787,500,0.0025,7,Nucleotide,0,0,0,0
6788,500,0.0025,8,MFT (w=11),0,0,0,0
6789,500,0.0025,8,MFT (w=8),0,0,0,0
6790,500,0.0025,8,MFT (w=5),0,0,0,0
6791,500,0.0025,8,Nucleotide,0,0,0,0
6792,500,0.0025,9,MFT (w=11),0,0,0,0
6793,500,0.0025,9,MFT (w=8),0,0,0,0
6794,500,0.0025,9,MFT (w=5),0,0,0,0
6795,500,0.0025,9,Nucleotide,0,0,0,0
6796,500,0.0025,10,MFT (w=11),0,0,0,0
6797,500,0.0025,10,MFT (w=8),0,0,0,0
6798,500,0.0025,10,MFT (w=5),0,0,0,0
6799,500,0.0025,10,Nucleotide,0,0,0,0
6800,500,0.005,1,MFT (w=11),0,0,0,0
6801,500,0.005,1,MFT (w=8),0,0,0,0
6802,500,0.005,1,MFT (w=5),0,0,0,0
6803,500,0.005,1,Nucleotide,0,0,0,0
6804,500,0.005,2,MFT (w=11),0,0,0,0
6805,500,0.005,2,MFT (w=8),0,0,0,0
6806,500,0.005,2,MFT (w=5),0,0,0,0
6807,500,0.005,2,Nucleotide,0,0,0,0
6808,500,0.005,3,MFT (w=11),0,0,0,0
6809,500,0.005,3,MFT (w=8),0,0,0,0
6810,500,0.005,3,MFT (w=5),0,0,0,0
6811,500,0.005,3,Nucleotide,0,0,0,0
6812,500,0.005,4,MFT (w=11),0,0,0,0
6813,500,0.005,4,MFT (w=8),0,0,0,0
6814,500,0.005,4,MFT (w=5),0,0,0,0
6815,500,0.005,4,Nucleotide,0,0,0,0
6816,500,0.005,5,MFT (w=11),0,0,0,0
6817,500,0.005,5,MFT (w=8),0,0,0,0
6818,500,0.005,5,MFT (w=5),0,0,0,0
6819,500,0.005,5,Nucleotide,0,0,0,0
6820,500,0.005,6,MFT (w=11),0,0,0,0
6821,500,0.005,6,MFT (w=8),0,0,0,0
6822,500,0.005,6,MFT (w=5),0,0,0,0
6823,500,0.005,6,Nucleotide,0,0,0,0
6824,500,0.005,7,MFT (w=11),0,0,0,0
6825,500,0.005,7,MFT (w=8),0,0,0,0
6826,500,0.005,7,MFT (w=5),0,0,0,0
6827,500,0.005,7,Nucleotide,0,0,0,0
6828,500,0.005,8,MFT (w=11),0,0,0,0
6829,500,0.005,8,MFT (w=8),0,0,0,0
6830,500,0.005,8,MFT (w=5),0,0,0,0
6831,500,0.005,8,Nucleotide,0,0,0,0
6832,500,0.005,9,MFT (w=11),0,0,0,0
6833,500,0.005,9,MFT (w=8),0,0,0,0
6834,500,0.005,9,MFT (w=5),0,0,0,0
6835,500,0.005,9,Nucleotide,0,0,0,0
6836,500,0.005,10,MFT (w=11),0,0,0,0
6837,500,0.005,10,MFT (w=8),0,0,0,0
6838,500,0.005,10,MFT (w=5),0,0,0,0
6839,500,0.005,10,Nucleotide,0,0,0,0
6840,500,0.0075,1,MFT (w=11),0,0,0,0
6841,500,0.0075,1,MFT (w=8),0,0,0,0
6842,500,0.0075,1,MFT (w=5),0,0,0,0
6843,500,0.0075,1,Nucleotide,0,0,0,0
6844,500,0.0075,2,MFT (w=11),0,0,0,0
6845,500,0.0075,2,MFT (w=8),0,0,0,0
6846,500,0.0075,2,MFT (w=5),0,0,0,0
6847,500,0.0075,2,Nucleotide,0,0,0,0
6848,500,0.0075,3,MFT (w=11),0,0,0,0
6849,500,0.0075,3,MFT (w=8),0,0,0,0
6850,500,0.0075,3,MFT (w=5),0,0,0,0
6851,500,0.0075,3,Nucleotide,0,0,0,0
6852,500,0.0075,4,MFT (w=11),0,0,0,0
6853,500,0.0075,4,MFT (w=8),0,0,0,0
6854,500,0.0075,4,MFT (w=5),0,0,0,0
6855,500,0.0075,4,Nucleotide,0,0,0,0
6856,500,0.0075,5,MFT (w=11),0,0,0,0
6857,500,0.0075,5,MFT (w=8),0,0,0,0
6858,500,0.0075,5,MFT (w=5),0,0,0,0
6859,500,0.0075,5,Nucleotide,0,0,0,0
6860,500,0.0075,6,MFT (w=11),0,0,0,0
6861,500,0.0075,6,MFT (w=8),0,0,0,0
6862,500,0.0075,6,MFT (w=5),0,0,0,0
6863,500,0.0075,6,Nucleotide,0,0,0,0
6864,500,0.0075,7,MFT (w=11),0,0,0,0
6865,500,0.0075,7,MFT (w=8),0,0,0,0
6866,500,0.0075,7,MFT (w=5),0,0,0,0
6867,500,0.0075,7,Nucleotide,0,0,0,0
6868,500,0.0075,8,MFT (w=11),0,0,0,0
6869,500,0.0075,8,MFT (w=8),0,0,0,0
6870,500,0.0075,8,MFT (w=5),0,0,0,0
6871,500,0.0075,8,Nucleotide,0,0,0,0
6872,500,0.0075,9,MFT (w=11),0,0,0,0
6873,500,0.0075,9,MFT (w=8),0,0,0,0
6874,500,0.0075,9,MFT (w=5),0,0,0,0
6875,500,0.0075,9,Nucleotide,0,0,0,0
6876,500,0.0075,10,MFT (w=11),0,0,0,0
6877,500,0.0075,10,MFT (w=8),0,0,0,0
6878,500,0.0075,10,MFT (w=5),0,0,0,0
6879,500,0.0075,10,Nucleotide,0,0,0,0
6880,500,0.01,1,MFT (w=11),0,0,0,0
6881,500,0.01,1,MFT (w=8),0,0,0,0
6882,500,0.01,1,MFT (w=5),0,0,0,0
6883,500,0.01,1,Nucleotide,0,0,0,0
6884,500,0.01,2,MFT (w=11),0,0,0,0
6885,500,0.01,2,MFT (w=8),0,0,0,0
6886,500,0.01,2,MFT (w=5),0,0,0,0
6887,500,0.01,2,Nucleotide,0,0,0,0
6888,500,0.01,3,MFT (w=11),0,0,0,0
6889,500,0.01,3,MFT (w=8),0,0,0,0
6890,500,0.01,3,MFT (w=5),0,0,0,0
6891,500,0.01,3,Nucleotide,0,0,0,0
6892,500,0.01,4,MFT (w=11),0,0,0,0
6893,500,0.01,4,MFT (w=8),0,0,0,0
6894,500,0.01,4,MFT (w=5),0,0,0,0
6895,500,0.01,4,Nucleotide,0,0,0,0
6896,500,0.01,5,MFT (w=11),0,0,0,0
6897,500,0.01,5,MFT (w=8),0,0,0,0
6898,500,0.01,5,MFT (w=5),0,0,0,0
6899,500,0.01,5,Nucleotide,0,0,0,0
6900,500,0.01,6,MFT (w=11),0,0,0,0
6901,500,0.01,6,MFT (w=8),0,0,0,0
6902,500,0.01,6,MFT (w=5),0,0,0,0
6903,500,0.01,6,Nucleotide,0,0,0,0
6904,500,0.01,7,MFT (w=11),0,0,0,0
6905,500,0.01,7,MFT (w=8),0,0,0,0
6906,500,0.01,7,MFT (w=5),0,0,0,0
6907,500,0.01,7,Nucleotide,0,0,0,0
6908,500,0.01,8,MFT (w=11),0,0,0,0
6909,500,0.01,8,MFT (w=8),0,0,0,0
6910,500,0.01,8,MFT (w=5),0,0,0,0
6911,500,0.01,8,Nucleotide,0,0,0,0
6912,500,0.01,9,MFT (w=11),0,0,0,0
6913,500,0.01,9,MFT (w=8),0,0,0,0
6914,500,0.01,9,MFT (w=5),0,0,0,0
6915,500,0.01,9,Nucleotide,0,0,0,0
6916,500,0.01,10,MFT (w=11),0,0,0,0
6917,500,0.01,10,MFT (w=8),0,0,0,0
6918,500,0.01,10,MFT (w=5),0,0,0,0
6919,500,0.01,10,Nucleotide,0,0,0,0
6920,500,0.0125,1,MFT (w=11),0,0,0,0
6921,500,0.0125,1,MFT (w=8),0,0,0,0
6922,500,0.0125,1,MFT (w=5),0,0,0,0
6923,500,0.0125,1,Nucleotide,0,0,0,0
6924,500,0.0125,2,MFT (w=11),0,0,0,0
6925,500,0.0125,2,MFT (w=8),0,0,0,0
6926,500,0.0125,2,MFT (w=5),0,0,0,0
6927,500,0.0125,2,Nucleotide,0,0,0,0
6928,500,0.0125,3,MFT (w=11),0,0,0,0
6929,500,0.0125,3,MFT (w=8),0,0,0,0
6930,500,0.0125,3,MFT (w=5),0,0,0,0
6931,500,0.0125,3,Nucleotide,0,0,0,0
6932,500,0.0125,4,MFT (w=11),0,0,0,0
6933,500,0.0125,4,MFT (w=8),0,0,0,0
6934,500,0.0125,4,MFT (w=5),0,0,0,0
6935,500,0.0125,4,Nucleotide,0,0,0,0
6936,500,0.0125,5,MFT (w=11),0,0,0,0
6937,500,0.0125,5,MFT (w=8),0,0,0,0
6938,500,0.0125,5,MFT (w=5),0,0,0,0
6939,500,0.0125,5,Nucleotide,0,0,0,0
6940,500,0.0125,6,MFT (w=11),0,0,0,0
6941,500,0.0125,6,MFT (w=8),0,0,0,0
6942,500,0.0125,6,MFT (w=5),0,0,0,0
6943,500,0.0125,6,Nucleotide,0,0,0,0
6944,500,0.0125,7,MFT (w=11),0,0,0,0
6945,500,0.0125,7,MFT (w=8),0,0,0,0
6946,500,0.0125,7,MFT (w=5),0,0,0,0
6947,500,0.0125,7,Nucleotide,0,0,0,0
6948,500,0.0125,8,MFT (w=11),0,0,0,0
6949,500,0.0125,8,MFT (w=8),0,0,0,0
6950,500,0.0125,8,MFT (w=5),0,0,0,0
6951,500,0.0125,8,Nucleotide,0,0,0,0
6952,500,0.0125,9,MFT (w=11),0,0,0,0
6953,500,0.0125,9,MFT (w=8),0,0,0,0
6954,500,0.0125,9,MFT (w=5),0,0,0,0
6955,500,0.0125,9,Nucleotide,0,0,0,0
6956,500,0.0125,10,MFT (w=11),0,0,0,0
6957,500,0.0125,10,MFT (w=8),0,0,0,0
6958,500,0.0125,10,MFT (w=5),0,0,0,0
6959,500,0.0125,10,Nucleotide,0,0,0,0
6960,500,0.015,1,MFT (w=11),0,0,0,0
6961,500,0.015,1,MFT (w=8),0,0,0,0
6962,500,0.015,1,MFT (w=5),0,0,0,0
6963,500,0.015,1,Nucleotide,0,0,0,0
6964,500,0.015,2,MFT (w=11),0,0,0,0
6965,500,0.015,2,MFT (w=8),0,0,0,0
6966,500,0.015,2,MFT (w=5),0,0,0,0
6967,500,0.015,2,Nucleotide,0,0,0,0
6968,500,0.015,3,MFT (w=11),0,0,0,0
6969,500,0.015,3,MFT (w=8),0,0,0,0
6970,500,0.015,3,MFT (w=5),0,0,0,0
6971,500,0.015,3,Nucleotide,0,0,0,0
6972,500,0.015,4,MFT (w=11),0,0,0,0
6973,500,0.015,4,MFT (w=8),0,0,0,0
6974,500,0.015,4,MFT (w=5),0,0,0,0
6975,500,0.015,4,Nucleotide,0,0,0,0
6976,500,0.015,5,MFT (w=11),0,0,0,0
6977,500,0.015,5,MFT (w=8),0,0,0,0
6978,500,0.015,5,MFT (w=5),0,0,0,0
6979,500,0.015,5,Nucleotide,0,0,0,0
6980,500,0.015,6,MFT (w=11),0,0,0,0
6981,500,0.015,6,MFT (w=8),0,0,0,0
6982,500,0.015,6,MFT (w=5),0,0,0,0
6983,500,0.015,6,Nucleotide,0,0,0,0
6984,500,0.015,7,MFT (w=11),0,0,0,0
6985,500,0.015,7,MFT (w=8),0,0,0,0
6986,500,0.015,7,MFT (w=5),0,0,0,0
6987,500,0.015,7,Nucleotide,0,0,0,0
6988,500,0.015,8,MFT (w=11),0,0,0,0
6989,500,0.015,8,MFT (w=8),0,0,0,0
6990,500,0.015,8,MFT (w=5),0,0,0,0
6991,500,0.015,8,Nucleotide,0,0,0,0
6992,500,0.015,9,MFT (w=11),0,0,0,0
6993,500,0.015,9,MFT (w=8),0,0,0,0
6994,500,0.015,9,MFT (w=5),0,0,0,0
6995,500,0.015,9,Nucleotide,0,0,0,0
6996,500,0.015,10,MFT (w=11),0,0,0,0
6997,500,0.015,10,MFT (w=8),0,0,0,0
6998,500,0.015,10,MFT (w=5),0,0,0,0
6999,500,0.015,10,Nucleotide,0,0,0,0
7000,500,0.02,1,MFT (w=11),0,0,0,0
7001,500,0.02,1,MFT (w=8),0,0,0,0
7002,500,0.02,1,MFT (w=5),0,0,0,0
7003,500,0.02,1,Nucleotide,0,0,0,0
7004,500,0.02,2,MFT (w=11),0,0,0,0
7005,500,0.02,2,MFT (w=8),0,0,0,0
7006,500,0.02,2,MFT (w=5),0,0,0,0
7007,500,0.02,2,Nucleotide,0,0,0,0
7008,500,0.02,3,MFT (w=11),0,0,0,0
7009,500,0.02,3,MFT (w=8),0,0,0,0
7010,500,0.02,3,MFT (w=5),0,0,0,0
7011,500,0.02,3,Nucleotide,0,0,0,0
7012,500,0.02,4,MFT (w=11),0,0,0,0
7013,500,0.02,4,MFT (w=8),0,0,0,0
7014,500,0.02,4,MFT (w=5),0,0,0,0
7015,500,0.02,4,Nucleotide,0,0,0,0
7016,500,0.02,5,MFT (w=11),0,0,0,0
7017,500,0.02,5,MFT (w=8),0,0,0,0
7018,500,0.02,5,MFT (w=5),0,0,0,0
7019,500,0.02,5,Nucleotide,0,0,0,0
7020,500,0.02,6,MFT (w=11),0,0,0,0
7021,500,0.02,6,MFT (w=8),0,0,0,0
7022,500,0.02,6,MFT (w=5),0,0,0,0
7023,500,0.02,6,Nucleotide,0,0,0,0
7024,500,0.02,7,MFT (w=11),0,0,0,0
7025,500,0.02,7,MFT (w=8),0,0,0,0
7026,500,0.02,7,MFT (w=5),0,0,0,0
7027,500,0.02,7,Nucleotide,0,0,0,0
7028,500,0.02,8,MFT (w=11),0,0,0,0
7029,500,0.02,8,MFT (w=8),0,0,0,0
7030,500,0.02,8,MFT (w=5),0,0,0,0
7031,500,0.02,8,Nucleotide,0,0,0,0
7032,500,0.02,9,MFT (w=11),0,0,0,0
7033,500,0.02,9,MFT (w=8),0,0,0,0
7034,500,0.02,9,MFT (w=5),0,0,0,0
7035,500,0.02,9,Nucleotide,0,0,0,0
7036,500,0.02,10,MFT (w=11),0,0,0,0
7037,500,0.02,10,MFT (w=8),0,0,0,0
7038,500,0.02,10,MFT (w=5),0,0,0,0
7039,500,0.02,10,Nucleotide,0,0,0,0
7040,500,0.025,1,MFT (w=11),0,0,0,0
7041,500,0.025,1,MFT (w=8),0,0,0,0
7042,500,0.025,1,MFT (w=5),0,0,0,0
7043,500,0.025,1,Nucleotide,0,0,0,0
7044,500,0.025,2,MFT (w=11),0,0,0,0
7045,500,0.025,2,MFT (w=8),0,0,0,0
7046,500,0.025,2,MFT (w=5),0,0,0,0
7047,500,0.025,2,Nucleotide,0,0,0,0
7048,500,0.025,3,MFT (w=11),0,0,0,0
7049,500,0.025,3,MFT (w=8),0,0,0,0
7050,500,0.025,3,MFT (w=5),0,0,0,0
7051,500,0.025,3,Nucleotide,0,0,0,0
7052,500,0.025,4,MFT (w=11),0,0,0,0
7053,500,0.025,4,MFT (w=8),0,0,0,0
7054,500,0.025,4,MFT (w=5),0,0,0,0
7055,500,0.025,4,Nucleotide,0,0,0,0
7056,500,0.025,5,MFT (w=11),0,0,0,0
7057,500,0.025,5,MFT (w=8),0,0,0,0
7058,500,0.025,5,MFT (w=5),0,0,0,0
7059,500,0.025,5,Nucleotide,0,0,0,0
7060,500,0.025,6,MFT (w=11),0,0,0,0
7061,500,0.025,6,MFT (w=8),0,0,0,0
7062,500,0.025,6,MFT (w=5),0,0,0,0
7063,500,0.025,6,Nucleotide,0,0,0,0
7064,500,0.025,7,MFT (w=11),0,0,0,0
7065,500,0.025,7,MFT (w=8),0,0,0,0
7066,500,0.025,7,MFT (w=5),0,0,0,0
7067,500,0.025,7,Nucleotide,0,0,0,0
7068,500,0.025,8,MFT (w=11),0,0,0,0
7069,500,0.025,8,MFT (w=8),0,0,0,0
7070,500,0.025,8,MFT (w=5),0,0,0,0
7071,500,0.025,8,Nucleotide,0,0,0,0
7072,500,0.025,9,MFT (w=11),0,0,0,0
7073,500,0.025,9,MFT (w=8),0,0,0,0
7074,500,0.025,9,MFT (w=5),0,0,0,0
7075,500,0.025,9,Nucleotide,0,0,0,0
7076,500,0.025,10,MFT (w=11),0,0,0,0
7077,500,0.025,10,MFT (w=8),0,0,0,0
7078,500,0.025,10,MFT (w=5),0,0,0,0
7079,500,0.025,10,Nucleotide,0,0,0,0
7080,500,0.03,1,MFT (w=11),0,0,0,0
7081,500,0.03,1,MFT (w=8),0,0,0,0
7082,500,0.03,1,MFT (w=5),0,0,0,0
7083,500,0.03,1,Nucleotide,0,0,0,0
7084,500,0.03,2,MFT (w=11),0,0,0,0
7085,500,0.03,2,MFT (w=8),0,0,0,0
7086,500,0.03,2,MFT (w=5),0,0,0,0
7087,500,0.03,2,Nucleotide,0,0,0,0
7088,500,0.03,3,MFT (w=11),0,0,0,0
7089,500,0.03,3,MFT (w=8),0,0,0,0
7090,500,0.03,3,MFT (w=5),0,0,0,0
7091,500,0.03,3,Nucleotide,0,0,0,0
7092,500,0.03,4,MFT (w=11),0,0,0,0
7093,500,0.03,4,MFT (w=8),0,0,0,0
7094,500,0.03,4,MFT (w=5),0,0,0,0
7095,500,0.03,4,Nucleotide,0,0,0,0
7096,500,0.03,5,MFT (w=11),0,0,0,0
7097,500,0.03,5,MFT (w=8),0,0,0,0
7098,500,0.03,5,MFT (w=5),0,0,0,0
7099,500,0.03,5,Nucleotide,0,0,0,0
7100,500,0.03,6,MFT (w=11),0,0,0,0
7101,500,0.03,6,MFT (w=8),0,0,0,0
7102,500,0.03,6,MFT (w=5),0,0,0,0
7103,500,0.03,6,Nucleotide,0,0,0,0
7104,500,0.03,7,MFT (w=11),0,0,0,0
7105,500,0.03,7,MFT (w=8),0,0,0,0
7106,500,0.03,7,MFT (w=5),0,0,0,0
7107,500,0.03,7,Nucleotide,0,0,0,0
7108,500,0.03,8,MFT (w=11),0,0,0,0
7109,500,0.03,8,MFT (w=8),0,0,0,0
7110,500,0.03,8,MFT (w=5),0,0,0,0
7111,500,0.03,8,Nucleotide,0,0,0,0
7112,500,0.03,9,MFT (w=11),0,0,0,0
7113,500,0.03,9,MFT (w=8),0,0,0,0
7114,500,0.03,9,MFT (w=5),0,0,0,0
7115,500,0.03,9,Nucleotide,0,0,0,0
7116,500,0.03,10,MFT (w=11),0,0,0,0
7117,500,0.03,10,MFT (w=8),0,0,0,0
7118,500,0.03,10,MFT (w=5),0,0,0,0
7119,500,0.03,10,Nucleotide,0,0,0,0
7120,500,0.035,1,MFT (w=11),0,0,0,0
7121,500,0.035,1,MFT (w=8),0,0,0,0
7122,500,0.035,1,MFT (w=5),0,0,0,0
7123,500,0.035,1,Nucleotide,0,0,0,0
7124,500,0.035,2,MFT (w=11),0,0,0,0
7125,500,0.035,2,MFT (w=8),0,0,0,0
7126,500,0.035,2,MFT (w=5),0,0,0,0
7127,500,0.035,2,Nucleotide,0,0,0,0
7128,500,0.035,3,MFT (w=11),0,0,0,0
7129,500,0.035,3,MFT (w=8),0,0,0,0
7130,500,0.035,3,MFT (w=5),0,0,0,0
7131,500,0.035,3,Nucleotide,0,0,0,0
7132,500,0.035,4,MFT (w=11),0,0,0,0
7133,500,0.035,4,MFT (w=8),0,0,0,0
7134,500,0.035,4,MFT (w=5),0,0,0,0
7135,500,0.035,4,Nucleotide,0,0,0,0
7136,500,0.035,5,MFT (w=11),0,0,0,0
7137,500,0.035,5,MFT (w=8),0,0,0,0
7138,500,0.035,5,MFT (w=5),0,0,0,0
7139,500,0.035,5,Nucleotide,0,0,0,0
7140,500,0.035,6,MFT (w=11),0,0,0,0
7141,500,0.035,6,MFT (w=8),0,0,0,0
7142,500,0.035,6,MFT (w=5),0,0,0,0
7143,500,0.035,6,Nucleotide,0,0,0,0
7144,500,0.035,7,MFT (w=11),0,0,0,0
7145,500,0.035,7,MFT (w=8),0,0,0,0
7146,500,0.035,7,MFT (w=5),0,0,0,0
7147,500,0.035,7,Nucleotide,0,0,0,0
7148,500,0.035,8,MFT (w=11),0,0,0,0
7149,500,0.035,8,MFT (w=8),0,0,0,0
7150,500,0.035,8,MFT (w=5),0,0,0,0
7151,500,0.035,8,Nucleotide,0,0,0,0
7152,500,0.035,9,MFT (w=11),0,0,0,0
7153,500,0.035,9,MFT (w=8),0,0,0,0
7154,500,0.035,9,MFT (w=5),0,0,0,0
7155,500,0.035,9,Nucleotide,0,0,0,0
7156,500,0.035,10,MFT (w=11),0,0,0,0
7157,500,0.035,10,MFT (w=8),0,0,0,0
7158,500,0.035,10,MFT (w=5),0,0,0,0
7159,500,0.035,10,Nucleotide,0,0,0,0
7160,500,0.04,1,MFT (w=11),0,0,0,0
7161,500,0.04,1,MFT (w=8),0,0,0,0
7162,500,0.04,1,MFT (w=5),0,0,0,0
7163,500,0.04,1,Nucleotide,0,0,0,0
7164,500,0.04,2,MFT (w=11),0,0,0,0
7165,500,0.04,2,MFT (w=8),0,0,0,0
7166,500,0.04,2,MFT (w=5),0,0,0,0
7167,500,0.04,2,Nucleotide,0,0,0,0
7168,500,0.04,3,MFT (w=11),0,0,0,0
7169,500,0.04,3,MFT (w=8),0,0,0,0
7170,500,0.04,3,MFT (w=5),0,0,0,0
7171,500,0.04,3,Nucleotide,0,0,0,0
7172,500,0.04,4,MFT (w=11),0,0,0,0
7173,500,0.04,4,MFT (w=8),0,0,0,0
7174,500,0.04,4,MFT (w=5),0,0,0,0
7175,500,0.04,4,Nucleotide,0,0,0,0
7176,500,0.04,5,MFT (w=11),0,0,0,0
7177,500,0.04,5,MFT (w=8),0,0,0,0
7178,500,0.04,5,MFT (w=5),0,0,0,0
7179,500,0.04,5,Nucleotide,0,0,0,0
7180,500,0.04,6,MFT (w=11),0,0,0,0
7181,500,0.04,6,MFT (w=8),0,0,0,0
7182,500,0.04,6,MFT (w=5),0,0,0,0
7183,500,0.04,6,Nucleotide,0,0,0,0
7184,500,0.04,7,MFT (w=11),0,0,0,0
7185,500,0.04,7,MFT (w=8),0,0,0,0
7186,500,0.04,7,MFT (w=5),0,0,0,0
7187,500,0.04,7,Nucleotide,0,0,0,0
7188,500,0.04,8,MFT (w=11),0,0,0,0
7189,500,0.04,8,MFT (w=8),0,0,0,0
7190,500,0.04,8,MFT (w=5),0,0,0,0
7191,500,0.04,8,Nucleotide,0,0,0,0
7192,500,0.04,9,MFT (w=11),0,0,0,0
7193,500,0.04,9,MFT (w=8),0,0,0,0
7194,500,0.04,9,MFT (w=5),0,0,0,0
7195,500,0.04,9,Nucleotide,0,0,0,0
7196,500,0.04,10,MFT (w=11),0,0,0,0
7197,500,0.04,10,MFT (w=8),0,0,0,0
7198,500,0.04,10,MFT (w=5),0,0,0,0
7199,500,0.04,10,Nucleotide,0,0,0,0
7200,500,0.045,1,MFT (w=11),0,0,0,0
7201,500,0.045,1,MFT (w=8),0,0,0,0
7202,500,0.045,1,MFT (w=5),0,0,0,0
7203,500,0.045,1,Nucleotide,0,0,0,0
7204,500,0.045,2,MFT (w=11),0,0,0,0
7205,500,0.045,2,MFT (w=8),0,0,0,0
7206,500,0.045,2,MFT (w=5),0,0,0,0
7207,500,0.045,2,Nucleotide,0,0,0,0
7208,500,0.045,3,MFT (w=11),0,0,0,0
7209,500,0.045,3,MFT (w=8),0,0,0,0
7210,500,0.045,3,MFT (w=5),0,0,0,0
7211,500,0.045,3,Nucleotide,0,0,0,0
7212,500,0.045,4,MFT (w=11),0,0,0,0
7213,500,0.045,4,MFT (w=8),0,0,0,0
7214,500,0.045,4,MFT (w=5),0,0,0,0
7215,500,0.045,4,Nucleotide,0,0,0,0
7216,500,0.045,5,MFT (w=11),0,0,0,0
7217,500,0.045,5,MFT (w=8),0,0,0,0
7218,500,0.045,5,MFT (w=5),0,0,0,0
7219,500,0.045,5,Nucleotide,0,0,0,0
7220,500,0.045,6,MFT (w=11),0,0,0,0
7221,500,0.045,6,MFT (w=8),0,0,0,0
7222,500,0.045,6,MFT (w=5),0,0,0,0
7223,500,0.045,6,Nucleotide,0,0,0,0
7224,500,0.045,7,MFT (w=11),0,0,0,0
7225,500,0.045,7,MFT (w=8),0,0,0,0
7226,500,0.045,7,MFT (w=5),0,0,0,0
7227,500,0.045,7,Nucleotide,0,0,0,0
7228,500,0.045,8,MFT (w=11),0,0,0,0
7229,500,0.045,8,MFT (w=8),0,0,0,0
7230,500,0.045,8,MFT (w=5),0,0,0,0
7231,500,0.045,8,Nucleotide,0,0,0,0
7232,500,0.045,9,MFT (w=11),0,0,0,0
7233,500,0.045,9,MFT (w=8),0,0,0,0
7234,500,0.045,9,MFT (w=5),0,0,0,0
7235,500,0.045,9,Nucleotide,0,0,0,0
7236,500,0.045,10,MFT (w=11),0,0,0,0
7237,500,0.045,10,MFT (w=8),0,0,0,0
7238,500,0.045,10,MFT (w=5),0,0,0,0
7239,500,0.045,10,Nucleotide,0,0,0,0
7240,500,0.05,1,MFT (w=11),0,0,0,0
7241,500,0.05,1,MFT (w=8),0,0,0,0
7242,500,0.05,1,MFT (w=5),0,0,0,0
7243,500,0.05,1,Nucleotide,0,0,0,0
7244,500,0.05,2,MFT (w=11),0,0,0,0
7245,500,0.05,2,MFT (w=8),0,0,0,0
7246,500,0.05,2,MFT (w=5),0,0,0,0
7247,500,0.05,2,Nucleotide,0,0,0,0
7248,500,0.05,3,MFT (w=11),0,0,0,0
7249,500,0.05,3,MFT (w=8),0,0,0,0
7250,500,0.05,3,MFT (w=5),0,0,0,0
7251,500,0.05,3,Nucleotide,0,0,0,0
7252,500,0.05,4,MFT (w=11),0,0,0,0
7253,500,0.05,4,MFT (w=8),0,0,0,0
7254,500,0.05,4,MFT (w=5),0,0,0,0
7255,500,0.05,4,Nucleotide,0,0,0,0
7256,500,0.05,5,MFT (w=11),0,0,0,0
7257,500,0.05,5,MFT (w=8),0,0,0,0
7258,500,0.05,5,MFT (w=5),0,0,0,0
7259,500,0.05,5,Nucleotide,0,0,0,0
7260,500,0.05,6,MFT (w=11),0,0,0,0
7261,500,0.05,6,MFT (w=8),0,0,0,0
7262,500,0.05,6,MFT (w=5),0,0,0,0
7263,500,0.05,6,Nucleotide,0,0,0,0
7264,500,0.05,7,MFT (w=11),0,0,0,0
7265,500,0.05,7,MFT (w=8),0,0,0,0
7266,500,0.05,7,MFT (w=5),0,0,0,0
7267,500,0.05,7,Nucleotide,0,0,0,0
7268,500,0.05,8,MFT (w=11),0,0,0,0
7269,500,0.05,8,MFT (w=8),0,0,0,0
7270,500,0.05,8,MFT (w=5),0,0,0,0
7271,500,0.05,8,Nucleotide,0,0,0,0
7272,500,0.05,9,MFT (w=11),0,0,0,0
7273,500,0.05,9,MFT (w=8),0,0,0,0
7274,500,0.05,9,MFT (w=5),0,0,0,0
7275,500,0.05,9,Nucleotide,0,0,0,0
7276,500,0.05,10,MFT (w=11),0,0,0,0
7277,500,0.05,10,MFT (w=8),0,0,0,0
7278,500,0.05,10,MFT (w=5),0,0,0,0
7279,500,0.05,10,Nucleotide,0,0,0,0
